16S.B_General,0.1-0.2,0,0.122405,0.026451,947,0,19,0,51,0,0,1389284,442,96,2344,1386453
16S.B_General,0.1-0.2,0,0.122405,0.026451,947,0,18,1,51,0,0,1389284,448,182,2557,1386148
16S.B_General,0.1-0.2,0,0.136393,0.039029,456,0,17,0,111,0,0,616676,292,149,1218,615128
16S.B_General,0.1-0.2,0,0.136393,0.039029,456,0,23,1,111,0,0,616676,245,18,961,615563
16S.B_General,0.1-0.2,0,0.17235,0.022067,742,0,20,0,345,0,0,1064223,530,113,1740,1062185
16S.B_General,0.1-0.2,0,0.17235,0.022067,742,0,22,1,345,0,0,1064223,595,39,1668,1062266
16S.B_General,0.1-0.2,0,0.193081,0.022997,745,0,23,0,360,0,0,1068352,603,21,1553,1066535
16S.B_General,0.1-0.2,0,0.193081,0.022997,745,0,23,1,360,0,0,1068352,561,179,1427,1066545
16S.B_General,0.1-0.2,1,0.111022,0.024908,923,0,18,0,51,0,0,1356729,459,128,2403,1353790
16S.B_General,0.1-0.2,1,0.111022,0.024908,923,0,14,1,51,0,0,1356729,506,195,3067,1353012
16S.B_General,0.1-0.2,1,0.136393,0.038544,450,0,23,0,111,0,0,608843,255,74,869,607756
16S.B_General,0.1-0.2,1,0.136393,0.038544,450,0,16,1,111,0,0,608843,312,117,1251,607274
16S.B_General,0.1-0.2,1,0.166665,0.042188,480,0,19,0,51,0,0,651061,239,113,1124,649636
16S.B_General,0.1-0.2,1,0.166665,0.042188,480,0,17,1,51,0,0,651061,270,77,1372,649393
16S.B_General,0.1-0.2,1,0.177005,0.031322,536,0,16,0,64,0,0,738724,317,59,1737,736675
16S.B_General,0.1-0.2,1,0.177005,0.031322,536,0,18,1,64,0,0,738724,296,44,1464,736984
16S.B_General,0.1-0.2,2,0.117863,0.021293,739,0,22,0,288,0,0,1059817,530,56,1634,1057885
16S.B_General,0.1-0.2,2,0.117863,0.021293,739,0,19,1,288,0,0,1059817,577,110,1813,1057605
16S.B_General,0.1-0.2,2,0.136393,0.038516,449,0,21,0,111,0,0,607356,280,33,1097,606057
16S.B_General,0.1-0.2,2,0.136393,0.038516,449,0,21,1,111,0,0,607356,256,50,1000,606161
16S.B_General,0.1-0.2,2,0.154284,0.017885,386,0,22,0,22,0,0,562516,148,81,784,561525
16S.B_General,0.1-0.2,2,0.154284,0.017885,386,0,20,1,22,0,0,562516,154,38,956,561390
16S.B_General,0.1-0.2,2,0.177005,0.031027,534,0,22,0,64,0,0,735840,275,63,1200,734366
16S.B_General,0.1-0.2,2,0.177005,0.031027,534,0,18,1,64,0,0,735840,343,20,1433,734108
16S.B_General,0.1-0.2,3,0.117863,0.021265,738,0,18,0,288,0,0,1058305,549,95,2037,1055912
16S.B_General,0.1-0.2,3,0.117863,0.021265,738,0,15,1,288,0,0,1058305,702,106,2278,1055507
16S.B_General,0.1-0.2,3,0.136393,0.038522,447,0,18,0,123,0,0,604975,347,11,1240,603500
16S.B_General,0.1-0.2,3,0.136393,0.038522,447,0,19,1,123,0,0,604975,332,16,1218,603532
16S.B_General,0.1-0.2,3,0.154284,0.017304,385,0,20,0,0,0,0,561061,150,51,960,559900
16S.B_General,0.1-0.2,3,0.154284,0.017304,385,0,21,1,0,0,0,561061,147,18,876,560020
16S.B_General,0.1-0.2,3,0.177005,0.030874,532,0,23,0,64,0,0,732884,251,92,1183,731422
16S.B_General,0.1-0.2,3,0.177005,0.030874,532,0,23,1,64,0,0,732884,263,47,1018,731620
16S.B_General,0.1-0.2,4,0.111022,0.019811,704,0,20,0,51,0,0,1034060,295,96,1592,1032128
16S.B_General,0.1-0.2,4,0.111022,0.019811,704,0,21,1,51,0,0,1034060,326,69,1695,1032021
16S.B_General,0.1-0.2,4,0.136393,0.03255,366,0,17,0,49,0,0,524173,215,51,1160,522796
16S.B_General,0.1-0.2,4,0.136393,0.03255,366,0,20,1,49,0,0,524173,237,17,950,523018
16S.B_General,0.1-0.2,4,0.154284,0.0168,384,0,17,0,0,0,0,559572,183,17,1124,558248
16S.B_General,0.1-0.2,4,0.154284,0.0168,384,0,22,1,0,0,0,559572,166,29,920,558457
16S.B_General,0.1-0.2,4,0.177005,0.030841,528,0,22,0,64,0,0,727152,242,44,1185,725745
16S.B_General,0.1-0.2,4,0.177005,0.030841,528,0,20,1,64,0,0,727152,285,67,1243,725621
16S.B_General,0.1-0.2,5,0.111022,0.019775,703,0,19,0,51,0,0,1032574,293,127,1749,1030456
16S.B_General,0.1-0.2,5,0.111022,0.019775,703,0,17,1,51,0,0,1032574,384,142,2008,1030091
16S.B_General,0.1-0.2,5,0.136393,0.032577,365,0,17,0,49,0,0,522667,174,103,1009,521430
16S.B_General,0.1-0.2,5,0.136393,0.032577,365,0,20,1,49,0,0,522667,180,52,823,521661
16S.B_General,0.1-0.2,5,0.161927,0.035902,220,0,23,0,121,0,0,322427,225,6,512,321805
16S.B_General,0.1-0.2,5,0.161927,0.035902,220,0,21,1,121,0,0,322427,228,12,481,321827
16S.B_General,0.1-0.2,5,0.177005,0.03087,526,0,20,0,64,0,0,724270,288,21,1326,722699
16S.B_General,0.1-0.2,5,0.177005,0.03087,526,0,16,1,64,0,0,724270,322,73,1619,722320
16S.B_General,0.1-0.2,6,0.111022,0.019744,702,0,20,0,51,0,0,1031088,349,90,1634,1029066
16S.B_General,0.1-0.2,6,0.111022,0.019744,702,0,20,1,51,0,0,1031088,313,67,1661,1029098
16S.B_General,0.1-0.2,6,0.136393,0.032623,364,0,22,0,49,0,0,521205,183,9,950,520112
16S.B_General,0.1-0.2,6,0.136393,0.032623,364,0,15,1,49,0,0,521205,243,57,1111,519843
16S.B_General,0.1-0.2,6,0.161927,0.035891,219,0,20,0,121,0,0,320890,210,39,498,320264
16S.B_General,0.1-0.2,6,0.161927,0.035891,219,0,21,1,121,0,0,320890,218,3,547,320243
16S.B_General,0.1-0.2,6,0.177005,0.030886,525,0,19,0,64,0,0,722828,251,99,1318,721224
16S.B_General,0.1-0.2,6,0.177005,0.030886,525,0,24,1,64,0,0,722828,253,91,1041,721507
16S.B_General,0.1-0.2,7,0.111022,0.019655,699,0,18,0,51,0,0,1026633,376,18,1909,1024381
16S.B_General,0.1-0.2,7,0.111022,0.019655,699,0,18,1,51,0,0,1026633,349,98,1744,1024493
16S.B_General,0.1-0.2,7,0.136393,0.032651,362,0,18,0,49,0,0,518285,211,28,992,517103
16S.B_General,0.1-0.2,7,0.136393,0.032651,362,0,21,1,49,0,0,518285,202,32,886,517214
16S.B_General,0.1-0.2,7,0.150838,0.020913,196,0,20,0,15,0,0,226143,110,6,452,225590
16S.B_General,0.1-0.2,7,0.150838,0.020913,196,0,17,1,15,0,0,226143,122,15,566,225455
16S.B_General,0.1-0.2,7,0.175306,0.039772,304,0,17,0,13,0,0,297543,193,15,869,296479
16S.B_General,0.1-0.2,7,0.175306,0.039772,304,0,21,1,13,0,0,297543,153,3,802,296598
16S.B_General,0.1-0.2,8,0.111022,0.019631,698,0,19,0,51,0,0,1025145,283,121,1625,1023167
16S.B_General,0.1-0.2,8,0.111022,0.019631,698,0,22,1,51,0,0,1025145,247,72,1470,1023407
16S.B_General,0.1-0.2,8,0.136393,0.032717,361,0,19,0,49,0,0,516823,223,17,912,515720
16S.B_General,0.1-0.2,8,0.136393,0.032717,361,0,20,1,49,0,0,516823,199,68,815,515790
16S.B_General,0.1-0.2,8,0.150838,0.020524,194,0,19,0,15,0,0,223199,89,17,502,222606
16S.B_General,0.1-0.2,8,0.150838,0.020524,194,0,21,1,15,0,0,223199,62,37,370,222745
16S.B_General,0.1-0.2,8,0.175306,0.039805,301,0,19,0,13,0,0,294406,143,52,752,293472
16S.B_General,0.1-0.2,8,0.175306,0.039805,301,0,20,1,13,0,0,294406,141,16,749,293513
16S.B_General,0.1-0.2,9,0.111022,0.019584,697,0,16,0,51,0,0,1023679,344,138,2040,1021208
16S.B_General,0.1-0.2,9,0.111022,0.019584,697,0,16,1,51,0,0,1023679,338,104,1918,1021370
16S.B_General,0.1-0.2,9,0.139181,0.02185,352,0,21,0,13,0,0,483096,175,37,772,482125
16S.B_General,0.1-0.2,9,0.139181,0.02185,352,0,18,1,13,0,0,483096,208,30,894,481977
16S.B_General,0.1-0.2,9,0.150838,0.020568,193,0,21,0,15,0,0,222371,84,28,435,221839
16S.B_General,0.1-0.2,9,0.150838,0.020568,193,0,18,1,15,0,0,222371,100,11,504,221771
16S.B_General,0.1-0.2,9,0.175306,0.039962,290,0,20,0,13,0,0,282176,133,29,777,281250
16S.B_General,0.1-0.2,9,0.175306,0.039962,290,0,22,1,13,0,0,282176,127,17,639,281406
16S.B_General,0.2-0.3,0,0.217,0.045965,470,0,20,0,66,0,0,452613,238,83,1108,451250
16S.B_General,0.2-0.3,0,0.217,0.045965,470,0,18,1,66,0,0,452613,306,55,1378,450940
16S.B_General,0.2-0.3,0,0.226008,0.056723,773,0,20,0,109,0,0,1075845,407,113,1795,1073639
16S.B_General,0.2-0.3,0,0.226008,0.056723,773,0,22,1,109,0,0,1075845,342,167,1621,1073824
16S.B_General,0.2-0.3,0,0.265223,0.060131,364,0,19,0,309,0,0,527976,488,63,965,526769
16S.B_General,0.2-0.3,0,0.265223,0.060131,364,0,15,1,309,0,0,527976,507,61,1110,526607
16S.B_General,0.2-0.3,0,0.297041,0.034964,542,0,21,0,173,0,0,746913,339,62,1246,745439
16S.B_General,0.2-0.3,0,0.297041,0.034964,542,0,19,1,173,0,0,746913,382,81,1384,745239
16S.B_General,0.2-0.3,1,0.217,0.043018,449,0,19,0,66,0,0,426937,234,66,1133,425570
16S.B_General,0.2-0.3,1,0.217,0.043018,449,0,19,1,66,0,0,426937,249,73,1193,425488
16S.B_General,0.2-0.3,1,0.226008,0.056674,771,0,23,0,109,0,0,1072879,342,145,1497,1071004
16S.B_General,0.2-0.3,1,0.226008,0.056674,771,0,16,1,109,0,0,1072879,430,78,2307,1070173
16S.B_General,0.2-0.3,1,0.265223,0.059959,363,0,18,0,315,0,0,526509,460,77,973,525314
16S.B_General,0.2-0.3,1,0.265223,0.059959,363,0,20,1,315,0,0,526509,460,155,837,525372
16S.B_General,0.2-0.3,1,0.279295,0.098989,254,0,21,0,35,0,0,370374,110,83,510,369706
16S.B_General,0.2-0.3,1,0.279295,0.098989,254,0,20,1,35,0,0,370374,140,31,538,369700
16S.B_General,0.2-0.3,2,0.217,0.042868,448,0,20,0,66,0,0,426052,218,103,1034,424763
16S.B_General,0.2-0.3,2,0.217,0.042868,448,0,21,1,66,0,0,426052,214,79,993,424832
16S.B_General,0.2-0.3,2,0.226008,0.056694,770,0,20,0,109,0,0,1071418,394,106,1859,1069168
16S.B_General,0.2-0.3,2,0.226008,0.056694,770,0,19,1,109,0,0,1071418,378,155,1733,1069261
16S.B_General,0.2-0.3,2,0.265223,0.059926,362,0,22,0,315,0,0,525116,466,48,754,524163
16S.B_General,0.2-0.3,2,0.265223,0.059926,362,0,18,1,315,0,0,525116,454,77,1025,523875
16S.B_General,0.2-0.3,2,0.291137,0.0994,249,0,17,0,88,0,0,347621,171,34,663,346841
16S.B_General,0.2-0.3,2,0.291137,0.0994,249,0,17,1,88,0,0,347621,192,25,725,346767
16S.B_General,0.2-0.3,3,0.217,0.042913,447,0,18,0,66,0,0,425236,245,17,1170,423870
16S.B_General,0.2-0.3,3,0.217,0.042913,447,0,21,1,66,0,0,425236,241,26,1011,424024
16S.B_General,0.2-0.3,3,0.237352,0.060033,644,0,18,0,33,0,0,630212,318,154,1630,628143
16S.B_General,0.2-0.3,3,0.237352,0.060033,644,0,23,1,33,0,0,630212,252,109,1313,628571
16S.B_General,0.2-0.3,3,0.254192,0.05342,282,0,17,0,276,0,0,389809,401,45,806,388833
16S.B_General,0.2-0.3,3,0.254192,0.05342,282,0,21,1,276,0,0,389809,364,70,589,389062
16S.B_General,0.2-0.3,3,0.291137,0.09876,248,0,15,0,88,0,0,346690,192,45,783,345758
16S.B_General,0.2-0.3,3,0.291137,0.09876,248,0,23,1,88,0,0,346690,144,84,483,346067
16S.B_General,0.2-0.3,4,0.217,0.040394,403,0,19,0,40,0,0,387644,216,30,1071,386367
16S.B_General,0.2-0.3,4,0.217,0.040394,403,0,19,1,40,0,0,387644,240,58,1079,386307
16S.B_General,0.2-0.3,4,0.237352,0.059977,643,0,16,0,33,0,0,629365,354,82,1880,627082
16S.B_General,0.2-0.3,4,0.237352,0.059977,643,0,20,1,33,0,0,629365,284,73,1610,627431
16S.B_General,0.2-0.3,4,0.254192,0.048629,272,0,20,0,181,0,0,375465,280,1,710,374655
16S.B_General,0.2-0.3,4,0.254192,0.048629,272,0,16,1,181,0,0,375465,259,17,915,374455
16S.B_General,0.2-0.3,4,0.279295,0.098239,247,0,19,0,35,0,0,360045,174,22,735,359149
16S.B_General,0.2-0.3,4,0.279295,0.098239,247,0,23,1,35,0,0,360045,129,37,547,359367
16S.B_General,0.2-0.3,5,0.217,0.040461,402,0,19,0,40,0,0,386809,214,88,1061,385486
16S.B_General,0.2-0.3,5,0.217,0.040461,402,0,19,1,40,0,0,386809,225,42,1069,385513
16S.B_General,0.2-0.3,5,0.237352,0.05997,642,0,20,0,33,0,0,628513,279,147,1450,626670
16S.B_General,0.2-0.3,5,0.237352,0.05997,642,0,19,1,33,0,0,628513,302,101,1601,626542
16S.B_General,0.2-0.3,5,0.254192,0.048264,271,0,18,0,172,0,0,374050,277,57,741,373147
16S.B_General,0.2-0.3,5,0.254192,0.048264,271,0,20,1,172,0,0,374050,283,2,657,373280
16S.B_General,0.2-0.3,5,0.297399,0.107151,242,0,20,0,1137,0,0,246520,1224,71,586,245776
16S.B_General,0.2-0.3,5,0.297399,0.107151,242,0,17,1,1137,0,0,246520,363,53,711,246530
16S.B_General,0.2-0.3,6,0.217,0.040518,400,0,17,0,40,0,0,385234,260,7,1162,383845
16S.B_General,0.2-0.3,6,0.217,0.040518,400,0,18,1,40,0,0,385234,172,65,1067,383970
16S.B_General,0.2-0.3,6,0.237352,0.05997,641,0,20,0,33,0,0,627667,325,36,1577,625762
16S.B_General,0.2-0.3,6,0.237352,0.05997,641,0,18,1,33,0,0,627667,336,120,1658,625586
16S.B_General,0.2-0.3,6,0.254192,0.047893,270,0,22,0,163,0,0,372617,245,58,623,371854
16S.B_General,0.2-0.3,6,0.254192,0.047893,270,0,17,1,163,0,0,372617,291,20,720,371749
16S.B_General,0.2-0.3,6,0.288543,0.094885,242,0,19,0,87,0,0,339475,184,30,571,338777
16S.B_General,0.2-0.3,6,0.288543,0.094885,242,0,20,1,87,0,0,339475,181,26,583,338772
16S.B_General,0.2-0.3,7,0.217,0.040557,399,0,22,0,40,0,0,384479,197,30,942,383350
16S.B_General,0.2-0.3,7,0.217,0.040557,399,0,23,1,40,0,0,384479,178,48,836,383457
16S.B_General,0.2-0.3,7,0.237352,0.05997,640,0,23,0,33,0,0,626823,249,34,1433,625140
16S.B_General,0.2-0.3,7,0.237352,0.05997,640,0,19,1,33,0,0,626823,308,111,1640,624797
16S.B_General,0.2-0.3,7,0.254192,0.047476,269,0,19,0,140,0,0,371186,191,64,681,370390
16S.B_General,0.2-0.3,7,0.254192,0.047476,269,0,20,1,140,0,0,371186,232,71,557,370466
16S.B_General,0.2-0.3,7,0.297399,0.105662,239,0,19,0,1102,0,0,242073,1164,3,622,241386
16S.B_General,0.2-0.3,7,0.297399,0.105662,239,0,18,1,1102,0,0,242073,1123,62,630,241360
16S.B_General,0.2-0.3,8,0.217,0.040614,398,0,19,0,40,0,0,383767,246,3,1021,382537
16S.B_General,0.2-0.3,8,0.217,0.040614,398,0,21,1,40,0,0,383767,209,37,1038,382523
16S.B_General,0.2-0.3,8,0.237352,0.059893,636,0,18,0,48,0,0,623466,367,67,1735,621345
16S.B_General,0.2-0.3,8,0.237352,0.059893,636,0,21,1,48,0,0,623466,296,27,1445,621746
16S.B_General,0.2-0.3,8,0.254192,0.047315,268,0,20,0,140,0,0,369733,245,4,672,368952
16S.B_General,0.2-0.3,8,0.254192,0.047315,268,0,21,1,140,0,0,369733,217,33,546,369077
16S.B_General,0.2-0.3,8,0.288543,0.09384,239,0,20,0,86,0,0,336044,171,4,554,335401
16S.B_General,0.2-0.3,8,0.288543,0.09384,239,0,19,1,86,0,0,336044,182,18,651,335279
16S.B_General,0.2-0.3,9,0.217,0.040672,397,0,21,0,40,0,0,383048,181,59,840,382008
16S.B_General,0.2-0.3,9,0.217,0.040672,397,0,24,1,40,0,0,383048,149,48,768,382123
16S.B_General,0.2-0.3,9,0.237352,0.059884,635,0,18,0,48,0,0,622621,339,68,1748,620514
16S.B_General,0.2-0.3,9,0.237352,0.059884,635,0,24,1,48,0,0,622621,239,109,1123,621198
16S.B_General,0.2-0.3,9,0.254192,0.047091,264,0,22,0,140,0,0,364052,253,30,568,363341
16S.B_General,0.2-0.3,9,0.254192,0.047091,264,0,20,1,140,0,0,364052,258,10,624,363300
16S.B_General,0.2-0.3,9,0.297399,0.105384,238,0,20,0,1087,0,0,240627,1075,75,540,240024
16S.B_General,0.2-0.3,9,0.297399,0.105384,238,0,22,1,1087,0,0,240627,1134,76,482,240022
16S.B_General,0.3-0.4,0,0.323742,0.084709,389,0,17,0,207,0,0,565975,407,31,1189,564555
16S.B_General,0.3-0.4,0,0.323742,0.084709,389,0,18,1,207,0,0,565975,376,45,1048,564713
16S.B_General,0.3-0.4,0,0.336299,0.063,856,0,17,0,295,0,0,1225258,604,178,2408,1222363
16S.B_General,0.3-0.4,0,0.336299,0.063,856,0,18,1,295,0,0,1225258,547,138,2289,1222579
16S.B_General,0.3-0.4,0,0.366735,0.087959,833,0,22,0,166,0,0,828066,432,132,1752,825916
16S.B_General,0.3-0.4,0,0.366735,0.087959,833,0,19,1,166,0,0,828066,496,116,1997,825623
16S.B_General,0.3-0.4,0,0.390505,0.082475,910,0,18,0,1372,0,0,1302030,1063,294,2040,1300005
16S.B_General,0.3-0.4,0,0.390505,0.082475,910,0,22,1,1372,0,0,1302030,1010,149,1944,1300299
16S.B_General,0.3-0.4,1,0.323742,0.084819,388,0,21,0,207,0,0,564479,330,60,894,563402
16S.B_General,0.3-0.4,1,0.323742,0.084819,388,0,21,1,207,0,0,564479,332,22,1017,563315
16S.B_General,0.3-0.4,1,0.334458,0.041204,620,0,21,0,111,0,0,890502,343,84,1461,888725
16S.B_General,0.3-0.4,1,0.334458,0.041204,620,0,19,1,111,0,0,890502,284,107,1399,888823
16S.B_General,0.3-0.4,1,0.366735,0.075457,713,0,21,0,120,0,0,708183,335,79,1670,706219
16S.B_General,0.3-0.4,1,0.366735,0.075457,713,0,23,1,120,0,0,708183,295,114,1417,706477
16S.B_General,0.3-0.4,1,0.390505,0.081291,907,0,21,0,1292,0,0,1297750,676,157,2026,1296183
16S.B_General,0.3-0.4,1,0.390505,0.081291,907,0,22,1,1292,0,0,1297750,1072,249,1806,1295915
16S.B_General,0.3-0.4,2,0.314665,0.025795,384,0,19,0,105,0,0,518676,228,103,1015,517435
16S.B_General,0.3-0.4,2,0.314665,0.025795,384,0,18,1,105,0,0,518676,281,112,970,517418
16S.B_General,0.3-0.4,2,0.334458,0.040605,617,0,18,0,75,0,0,886103,293,119,1576,884190
16S.B_General,0.3-0.4,2,0.334458,0.040605,617,0,20,1,75,0,0,886103,307,110,1371,884390
16S.B_General,0.3-0.4,2,0.37219,0.043609,628,0,18,0,180,0,0,899149,422,45,1657,897205
16S.B_General,0.3-0.4,2,0.37219,0.043609,628,0,21,1,180,0,0,899149,391,47,1444,897447
16S.B_General,0.3-0.4,2,0.395576,0.145579,611,0,20,0,148,0,0,893222,372,121,1382,891495
16S.B_General,0.3-0.4,2,0.395576,0.145579,611,0,22,1,148,0,0,893222,369,65,1443,891493
16S.B_General,0.3-0.4,3,0.314665,0.025615,383,0,24,0,93,0,0,517334,224,23,762,516418
16S.B_General,0.3-0.4,3,0.314665,0.025615,383,0,22,1,93,0,0,517334,208,30,862,516327
16S.B_General,0.3-0.4,3,0.334458,0.040466,616,0,19,0,75,0,0,884560,289,101,1613,882632
16S.B_General,0.3-0.4,3,0.334458,0.040466,616,0,15,1,75,0,0,884560,406,65,2001,882163
16S.B_General,0.3-0.4,3,0.371224,0.042521,625,0,21,0,132,0,0,894926,306,65,1317,893370
16S.B_General,0.3-0.4,3,0.371224,0.042521,625,0,18,1,132,0,0,894926,403,69,1596,892990
16S.B_General,0.3-0.4,3,0.395576,0.14519,603,0,21,0,148,0,0,881662,341,142,1289,880038
16S.B_General,0.3-0.4,3,0.395576,0.14519,603,0,21,1,148,0,0,881662,335,111,1352,880012
16S.B_General,0.3-0.4,4,0.314665,0.025486,382,0,18,0,93,0,0,515980,286,63,1131,514593
16S.B_General,0.3-0.4,4,0.314665,0.025486,382,0,18,1,93,0,0,515980,253,18,1212,514590
16S.B_General,0.3-0.4,4,0.334458,0.031686,528,0,16,0,53,0,0,763345,276,151,1665,761306
16S.B_General,0.3-0.4,4,0.334458,0.031686,528,0,17,1,53,0,0,763345,279,109,1520,761490
16S.B_General,0.3-0.4,4,0.371224,0.042101,623,0,21,0,147,0,0,893142,327,68,1526,891368
16S.B_General,0.3-0.4,4,0.371224,0.042101,623,0,18,1,147,0,0,893142,395,73,1596,891225
16S.B_General,0.3-0.4,4,0.395576,0.144993,601,0,21,0,148,0,0,878744,387,42,1458,877005
16S.B_General,0.3-0.4,4,0.395576,0.144993,601,0,18,1,148,0,0,878744,367,213,1410,876902
16S.B_General,0.3-0.4,5,0.314665,0.02545,381,0,20,0,120,0,0,514601,239,101,847,513534
16S.B_General,0.3-0.4,5,0.314665,0.02545,381,0,16,1,120,0,0,514601,274,46,1066,513335
16S.B_General,0.3-0.4,5,0.334458,0.03149,525,0,18,0,53,0,0,759783,248,112,1374,758102
16S.B_General,0.3-0.4,5,0.334458,0.03149,525,0,23,1,53,0,0,759783,229,47,1075,758485
16S.B_General,0.3-0.4,5,0.373408,0.095702,531,0,19,0,141,0,0,731185,348,29,1374,729575
16S.B_General,0.3-0.4,5,0.373408,0.095702,531,0,18,1,141,0,0,731185,378,99,1433,729416
16S.B_General,0.3-0.4,5,0.395576,0.144966,600,0,20,0,148,0,0,877269,351,178,1243,875645
16S.B_General,0.3-0.4,5,0.395576,0.144966,600,0,19,1,148,0,0,877269,357,216,1423,875421
16S.B_General,0.3-0.4,6,0.314665,0.025382,378,0,19,0,120,0,0,510533,239,39,873,509502
16S.B_General,0.3-0.4,6,0.314665,0.025382,378,0,16,1,120,0,0,510533,253,74,1148,509178
16S.B_General,0.3-0.4,6,0.334458,0.031579,522,0,20,0,53,0,0,755151,275,68,1330,753531
16S.B_General,0.3-0.4,6,0.334458,0.031579,522,0,21,1,53,0,0,755151,242,62,1270,753630
16S.B_General,0.3-0.4,6,0.373408,0.093558,515,0,16,0,141,0,0,708275,377,83,1655,706301
16S.B_General,0.3-0.4,6,0.373408,0.093558,515,0,20,1,141,0,0,708275,373,76,1240,706727
16S.B_General,0.3-0.4,6,0.395576,0.145016,596,0,22,0,148,0,0,871332,341,77,1239,869823
16S.B_General,0.3-0.4,6,0.395576,0.145016,596,0,25,1,148,0,0,871332,255,190,971,870064
16S.B_General,0.3-0.4,7,0.323742,0.08657,369,0,19,0,190,0,0,536676,322,59,933,535552
16S.B_General,0.3-0.4,7,0.323742,0.08657,369,0,20,1,190,0,0,536676,325,13,938,535590
16S.B_General,0.3-0.4,7,0.334458,0.03158,521,0,22,0,53,0,0,753607,217,92,1148,752203
16S.B_General,0.3-0.4,7,0.334458,0.03158,521,0,19,1,53,0,0,753607,254,78,1324,752004
16S.B_General,0.3-0.4,7,0.355599,0.055957,427,0,20,0,413,0,0,620701,551,70,1018,619475
16S.B_General,0.3-0.4,7,0.355599,0.055957,427,0,23,1,413,0,0,620701,529,166,838,619581
16S.B_General,0.3-0.4,7,0.389103,0.103993,571,0,20,0,174,0,0,788227,389,95,1362,786555
16S.B_General,0.3-0.4,7,0.389103,0.103993,571,0,20,1,174,0,0,788227,362,126,1231,786682
16S.B_General,0.3-0.4,8,0.317793,0.028145,341,0,21,0,36,0,0,489616,206,5,841,488600
16S.B_General,0.3-0.4,8,0.317793,0.028145,341,0,20,1,36,0,0,489616,168,38,853,488593
16S.B_General,0.3-0.4,8,0.334458,0.031615,520,0,19,0,53,0,0,752063,263,60,1361,750432
16S.B_General,0.3-0.4,8,0.334458,0.031615,520,0,19,1,53,0,0,752063,241,29,1342,750504
16S.B_General,0.3-0.4,8,0.355599,0.053043,424,0,21,0,413,0,0,616344,558,83,956,615160
16S.B_General,0.3-0.4,8,0.355599,0.053043,424,0,19,1,413,0,0,616344,528,92,1127,615010
16S.B_General,0.3-0.4,8,0.389103,0.103711,570,0,24,0,161,0,0,786792,330,92,995,785536
16S.B_General,0.3-0.4,8,0.389103,0.103711,570,0,17,1,161,0,0,786792,423,58,1563,784909
16S.B_General,0.3-0.4,9,0.315414,0.113853,314,0,24,0,132,0,0,457563,266,20,684,456725
16S.B_General,0.3-0.4,9,0.315414,0.113853,314,0,22,1,132,0,0,457563,196,69,597,456833
16S.B_General,0.3-0.4,9,0.334458,0.03165,519,0,21,0,53,0,0,750519,244,92,1265,748971
16S.B_General,0.3-0.4,9,0.334458,0.03165,519,0,20,1,53,0,0,750519,257,43,1306,748966
16S.B_General,0.3-0.4,9,0.355599,0.05228,423,0,19,0,391,0,0,614877,511,91,1018,613648
16S.B_General,0.3-0.4,9,0.355599,0.05228,423,0,18,1,391,0,0,614877,551,215,992,613510
16S.B_General,0.3-0.4,9,0.385769,0.100654,527,0,17,0,647,0,0,766292,895,35,1516,764493
16S.B_General,0.3-0.4,9,0.385769,0.100654,527,0,24,1,647,0,0,766292,798,38,1007,765096
16S.B_General,0.4-0.5,0,0.42411,0.149772,844,0,21,0,382,0,0,1228607,662,144,2004,1226179
16S.B_General,0.4-0.5,0,0.42411,0.149772,844,0,18,1,382,0,0,1228607,658,293,2094,1225944
16S.B_General,0.4-0.5,0,0.443451,0.062652,690,0,23,0,449,0,0,979124,566,183,1312,977512
16S.B_General,0.4-0.5,0,0.443451,0.062652,690,0,22,1,449,0,0,979124,562,93,1570,977348
16S.B_General,0.4-0.5,0,0.473344,0.133517,1957,0,16,0,537,0,0,2442898,1287,389,5618,2436141
16S.B_General,0.4-0.5,0,0.473344,0.133517,1957,0,18,1,537,0,0,2442898,1249,345,5197,2436644
16S.B_General,0.4-0.5,0,0.477484,0.112876,562,0,18,0,676,0,0,817932,872,140,1516,816080
16S.B_General,0.4-0.5,0,0.477484,0.112876,562,0,23,1,676,0,0,817932,770,115,1086,816637
16S.B_General,0.4-0.5,1,0.42411,0.149808,837,0,22,0,346,0,0,1218437,585,153,1763,1216282
16S.B_General,0.4-0.5,1,0.42411,0.149808,837,0,21,1,346,0,0,1218437,574,282,1679,1216248
16S.B_General,0.4-0.5,1,0.443451,0.062286,689,0,20,0,449,0,0,977734,660,134,1589,975800
16S.B_General,0.4-0.5,1,0.443451,0.062286,689,0,18,1,449,0,0,977734,668,152,1823,975540
16S.B_General,0.4-0.5,1,0.473344,0.133444,1956,0,22,0,537,0,0,2441555,1143,284,4061,2436604
16S.B_General,0.4-0.5,1,0.473344,0.133444,1956,0,20,1,537,0,0,2441555,1200,211,4568,2436113
16S.B_General,0.4-0.5,1,0.478913,0.1675,268,0,22,0,94,0,0,363724,151,122,507,363038
16S.B_General,0.4-0.5,1,0.478913,0.1675,268,0,22,1,94,0,0,363724,123,122,510,363063
16S.B_General,0.4-0.5,2,0.42411,0.149917,835,0,17,0,346,0,0,1215504,656,244,2222,1212728
16S.B_General,0.4-0.5,2,0.42411,0.149917,835,0,18,1,346,0,0,1215504,650,149,2308,1212743
16S.B_General,0.4-0.5,2,0.443451,0.060416,684,0,18,0,449,0,0,970529,687,176,1745,968370
16S.B_General,0.4-0.5,2,0.443451,0.060416,684,0,20,1,449,0,0,970529,636,58,1740,968544
16S.B_General,0.4-0.5,2,0.473344,0.133341,1955,0,18,0,537,0,0,2440780,1215,427,4986,2434689
16S.B_General,0.4-0.5,2,0.473344,0.133341,1955,0,19,1,537,0,0,2440780,1246,336,4975,2434760
16S.B_General,0.4-0.5,2,0.478913,0.166762,267,0,20,0,94,0,0,362423,177,73,638,361629
16S.B_General,0.4-0.5,2,0.478913,0.166762,267,0,20,1,94,0,0,362423,155,114,597,361651
16S.B_General,0.4-0.5,3,0.42411,0.150052,833,0,19,0,346,0,0,1212604,570,304,1945,1210131
16S.B_General,0.4-0.5,3,0.42411,0.150052,833,0,21,1,346,0,0,1212604,568,278,1801,1210303
16S.B_General,0.4-0.5,3,0.443451,0.059572,682,0,21,0,449,0,0,967489,675,37,1606,965620
16S.B_General,0.4-0.5,3,0.443451,0.059572,682,0,17,1,449,0,0,967489,667,116,2036,965119
16S.B_General,0.4-0.5,3,0.473344,0.107763,1008,0,20,0,541,0,0,1051441,771,254,2360,1048597
16S.B_General,0.4-0.5,3,0.473344,0.107763,1008,0,19,1,541,0,0,1051441,802,296,2356,1048528
16S.B_General,0.4-0.5,3,0.478913,0.166395,266,0,16,0,94,0,0,360945,183,105,756,359995
16S.B_General,0.4-0.5,3,0.478913,0.166395,266,0,19,1,94,0,0,360945,153,119,639,360128
16S.B_General,0.4-0.5,4,0.42411,0.150176,831,0,18,0,346,0,0,1209761,626,330,1952,1207199
16S.B_General,0.4-0.5,4,0.42411,0.150176,831,0,21,1,346,0,0,1209761,593,120,1779,1207615
16S.B_General,0.4-0.5,4,0.443451,0.059226,681,0,23,0,449,0,0,966745,620,135,1382,965057
16S.B_General,0.4-0.5,4,0.443451,0.059226,681,0,22,1,449,0,0,966745,684,73,1452,964985
16S.B_General,0.4-0.5,4,0.458879,0.160857,976,0,21,0,199,0,0,1419944,399,305,1958,1417481
16S.B_General,0.4-0.5,4,0.458879,0.160857,976,0,17,1,199,0,0,1419944,486,315,2400,1416942
16S.B_General,0.4-0.5,4,0.478913,0.166243,264,0,20,0,94,0,0,358740,175,90,581,357988
16S.B_General,0.4-0.5,4,0.478913,0.166243,264,0,20,1,94,0,0,358740,194,33,640,357967
16S.B_General,0.4-0.5,5,0.40945,0.104521,572,0,22,0,174,0,0,789708,362,126,1194,788200
16S.B_General,0.4-0.5,5,0.40945,0.104521,572,0,22,1,174,0,0,789708,378,91,1343,788070
16S.B_General,0.4-0.5,5,0.443451,0.058927,680,0,20,0,449,0,0,965217,682,81,1601,963302
16S.B_General,0.4-0.5,5,0.443451,0.058927,680,0,22,1,449,0,0,965217,636,96,1405,963529
16S.B_General,0.4-0.5,5,0.458879,0.160426,967,0,22,0,199,0,0,1406796,449,187,2011,1404348
16S.B_General,0.4-0.5,5,0.458879,0.160426,967,0,23,1,199,0,0,1406796,420,255,1835,1404485
16S.B_General,0.4-0.5,5,0.492711,0.123902,263,0,20,0,36,0,0,310472,95,46,587,309780
16S.B_General,0.4-0.5,5,0.492711,0.123902,263,0,23,1,36,0,0,310472,115,47,513,309833
16S.B_General,0.4-0.5,6,0.421835,0.05854,429,0,17,0,413,0,0,623684,614,76,1235,622172
16S.B_General,0.4-0.5,6,0.421835,0.05854,429,0,22,1,413,0,0,623684,566,231,858,622442
16S.B_General,0.4-0.5,6,0.443451,0.058632,679,0,20,0,449,0,0,963678,705,68,1547,961807
16S.B_General,0.4-0.5,6,0.443451,0.058632,679,0,17,1,449,0,0,963678,669,105,1822,961531
16S.B_General,0.4-0.5,6,0.458879,0.160404,964,0,18,0,199,0,0,1402447,512,238,2498,1399398
16S.B_General,0.4-0.5,6,0.458879,0.160404,964,0,20,1,199,0,0,1402447,503,266,2165,1399712
16S.B_General,0.4-0.5,6,0.478913,0.159543,248,0,18,0,86,0,0,336512,179,26,688,335705
16S.B_General,0.4-0.5,6,0.478913,0.159543,248,0,16,1,86,0,0,336512,180,78,769,335571
16S.B_General,0.4-0.5,7,0.405722,0.12307,289,0,18,0,308,0,0,394944,382,94,730,394046
16S.B_General,0.4-0.5,7,0.405722,0.12307,289,0,17,1,308,0,0,394944,379,93,713,394067
16S.B_General,0.4-0.5,7,0.443451,0.057305,675,0,14,0,449,0,0,959161,686,237,2190,956497
16S.B_General,0.4-0.5,7,0.443451,0.057305,675,0,21,1,449,0,0,959161,693,106,1563,957248
16S.B_General,0.4-0.5,7,0.458879,0.160188,956,0,19,0,199,0,0,1390751,378,373,2044,1388155
16S.B_General,0.4-0.5,7,0.458879,0.160188,956,0,23,1,199,0,0,1390751,391,211,1912,1388436
16S.B_General,0.4-0.5,7,0.484214,0.057618,191,0,19,0,117,0,0,248478,152,43,503,247897
16S.B_General,0.4-0.5,7,0.484214,0.057618,191,0,18,1,117,0,0,248478,188,26,482,247899
16S.B_General,0.4-0.5,8,0.405722,0.122546,286,0,21,0,308,0,0,390404,406,71,579,389656
16S.B_General,0.4-0.5,8,0.405722,0.122546,286,0,21,1,308,0,0,390404,395,20,697,389600
16S.B_General,0.4-0.5,8,0.443451,0.056957,674,0,17,0,449,0,0,957625,707,211,1793,955363
16S.B_General,0.4-0.5,8,0.443451,0.056957,674,0,17,1,449,0,0,957625,646,225,1703,955500
16S.B_General,0.4-0.5,8,0.458879,0.160281,951,0,20,0,189,0,0,1383686,361,287,2130,1381097
16S.B_General,0.4-0.5,8,0.458879,0.160281,951,0,19,1,189,0,0,1383686,464,252,2193,1380966
16S.B_General,0.4-0.5,8,0.479706,0.12718,143,0,20,0,22,0,0,188552,90,0,431,188053
16S.B_General,0.4-0.5,8,0.479706,0.12718,143,0,20,1,22,0,0,188552,63,55,326,188130
16S.B_General,0.4-0.5,9,0.405722,0.122474,285,0,21,0,325,0,0,388886,412,24,658,388117
16S.B_General,0.4-0.5,9,0.405722,0.122474,285,0,20,1,325,0,0,388886,405,54,741,388011
16S.B_General,0.4-0.5,9,0.443451,0.056358,672,0,22,0,449,0,0,954615,573,134,1503,952854
16S.B_General,0.4-0.5,9,0.443451,0.056358,672,0,20,1,449,0,0,954615,679,89,1575,952721
16S.B_General,0.4-0.5,9,0.458879,0.160409,943,0,21,0,199,0,0,1372238,428,209,1985,1369815
16S.B_General,0.4-0.5,9,0.458879,0.160409,943,0,16,1,199,0,0,1372238,474,467,2433,1369063
16S.B_General,0.4-0.5,9,0.476485,0.140207,112,0,18,0,203,0,0,163688,246,31,310,163304
16S.B_General,0.4-0.5,9,0.476485,0.140207,112,0,17,1,203,0,0,163688,236,14,331,163310
16S.B_General,0.5-0.6,0,0.516271,0.119214,574,0,19,0,729,0,0,835631,933,181,1236,834010
16S.B_General,0.5-0.6,0,0.516271,0.119214,574,0,21,1,729,0,0,835631,879,78,1241,834162
16S.B_General,0.5-0.6,0,0.539,0.133734,1958,0,20,0,537,0,0,2444443,1116,298,4412,2439154
16S.B_General,0.5-0.6,0,0.539,0.133734,1958,0,21,1,537,0,0,2444443,1105,383,4328,2439164
16S.B_General,0.5-0.6,0,0.5578,0.170459,1063,0,22,0,151,0,0,1545644,442,257,2226,1542870
16S.B_General,0.5-0.6,0,0.5578,0.170459,1063,0,22,1,151,0,0,1545644,469,270,2163,1542893
16S.B_General,0.5-0.6,0,0.592889,0.208338,619,0,22,0,169,0,0,823800,451,109,1362,822047
16S.B_General,0.5-0.6,0,0.592889,0.208338,619,0,19,1,169,0,0,823800,464,229,1477,821799
16S.B_General,0.5-0.6,1,0.522936,0.198195,560,0,20,0,362,0,0,804344,525,199,1209,802773
16S.B_General,0.5-0.6,1,0.522936,0.198195,560,0,21,1,362,0,0,804344,504,251,1053,802898
16S.B_General,0.5-0.6,1,0.529169,0.058372,775,0,19,0,121,0,0,1078792,393,99,1952,1076469
16S.B_General,0.5-0.6,1,0.529169,0.058372,775,0,23,1,121,0,0,1078792,345,73,1604,1076891
16S.B_General,0.5-0.6,1,0.5578,0.17023,1059,0,20,0,151,0,0,1540078,448,277,2312,1537192
16S.B_General,0.5-0.6,1,0.5578,0.17023,1059,0,22,1,151,0,0,1540078,456,261,2231,1537281
16S.B_General,0.5-0.6,1,0.592889,0.207533,617,0,18,0,157,0,0,821043,423,349,1356,819072
16S.B_General,0.5-0.6,1,0.592889,0.207533,617,0,16,1,157,0,0,821043,386,160,1763,818891
16S.B_General,0.5-0.6,2,0.519102,0.196347,548,0,15,0,362,0,0,786865,592,166,1786,784683
16S.B_General,0.5-0.6,2,0.519102,0.196347,548,0,17,1,362,0,0,786865,566,166,1496,784999
16S.B_General,0.5-0.6,2,0.536793,0.204241,586,0,18,0,407,0,0,841369,507,176,1431,839662
16S.B_General,0.5-0.6,2,0.536793,0.204241,586,0,16,1,407,0,0,841369,580,278,1542,839376
16S.B_General,0.5-0.6,2,0.5578,0.170086,1056,0,21,0,151,0,0,1535693,449,257,2309,1532829
16S.B_General,0.5-0.6,2,0.5578,0.170086,1056,0,17,1,151,0,0,1535693,533,281,2869,1532161
16S.B_General,0.5-0.6,2,0.592889,0.207552,613,0,18,0,171,0,0,815256,490,188,1633,813116
16S.B_General,0.5-0.6,2,0.592889,0.207552,613,0,21,1,171,0,0,815256,388,184,1336,813519
16S.B_General,0.5-0.6,3,0.504374,0.079129,468,0,18,0,1816,0,0,611253,1920,43,1327,609779
16S.B_General,0.5-0.6,3,0.504374,0.079129,468,0,18,1,1816,0,0,611253,1911,149,1228,609781
16S.B_General,0.5-0.6,3,0.545271,0.206554,395,0,18,0,627,0,0,569453,559,167,904,568450
16S.B_General,0.5-0.6,3,0.545271,0.206554,395,0,19,1,627,0,0,569453,716,62,1122,568180
16S.B_General,0.5-0.6,3,0.5578,0.169382,1050,0,17,0,151,0,0,1527438,515,236,2783,1524055
16S.B_General,0.5-0.6,3,0.5578,0.169382,1050,0,19,1,151,0,0,1527438,466,414,2393,1524316
16S.B_General,0.5-0.6,3,0.592889,0.20716,595,0,22,0,203,0,0,790051,408,173,1223,788450
16S.B_General,0.5-0.6,3,0.592889,0.20716,595,0,20,1,203,0,0,790051,428,161,1243,788422
16S.B_General,0.5-0.6,4,0.504374,0.078828,466,0,18,0,1816,0,0,608262,1844,87,1118,607029
16S.B_General,0.5-0.6,4,0.504374,0.078828,466,0,21,1,1816,0,0,608262,1846,203,952,607077
16S.B_General,0.5-0.6,4,0.534201,0.202306,384,0,19,0,210,0,0,518307,302,153,800,517262
16S.B_General,0.5-0.6,4,0.534201,0.202306,384,0,18,1,210,0,0,518307,304,206,945,517062
16S.B_General,0.5-0.6,4,0.5578,0.169315,1049,0,20,0,151,0,0,1526300,482,275,2346,1523348
16S.B_General,0.5-0.6,4,0.5578,0.169315,1049,0,18,1,151,0,0,1526300,465,417,2512,1523057
16S.B_General,0.5-0.6,4,0.592889,0.205636,540,0,18,0,257,0,0,715378,434,82,1422,713697
16S.B_General,0.5-0.6,4,0.592889,0.205636,540,0,22,1,257,0,0,715378,278,133,1081,714143
16S.B_General,0.5-0.6,5,0.504374,0.078928,465,0,21,0,1816,0,0,606763,1920,140,938,605581
16S.B_General,0.5-0.6,5,0.504374,0.078928,465,0,21,1,1816,0,0,606763,1850,107,984,605638
16S.B_General,0.5-0.6,5,0.534201,0.200573,377,0,21,0,234,0,0,507977,311,116,740,507044
16S.B_General,0.5-0.6,5,0.534201,0.200573,377,0,19,1,234,0,0,507977,342,102,919,506848
16S.B_General,0.5-0.6,5,0.5578,0.167729,1027,0,20,0,151,0,0,1494247,383,255,2278,1491482
16S.B_General,0.5-0.6,5,0.5578,0.167729,1027,0,17,1,151,0,0,1494247,573,266,2683,1490876
16S.B_General,0.5-0.6,5,0.592889,0.205804,538,0,24,0,257,0,0,712640,252,152,1010,711483
16S.B_General,0.5-0.6,5,0.592889,0.205804,538,0,16,1,257,0,0,712640,472,165,1539,710721
16S.B_General,0.5-0.6,6,0.504374,0.079028,464,0,21,0,1808,0,0,605271,1858,91,1053,604077
16S.B_General,0.5-0.6,6,0.504374,0.079028,464,0,19,1,1808,0,0,605271,1887,154,1137,603901
16S.B_General,0.5-0.6,6,0.534201,0.200474,376,0,21,0,234,0,0,506505,301,132,775,505531
16S.B_General,0.5-0.6,6,0.534201,0.200474,376,0,20,1,234,0,0,506505,356,94,873,505416
16S.B_General,0.5-0.6,6,0.5578,0.16764,1024,0,21,0,151,0,0,1489817,435,335,2159,1487039
16S.B_General,0.5-0.6,6,0.5578,0.16764,1024,0,23,1,151,0,0,1489817,415,188,2002,1487363
16S.B_General,0.5-0.6,6,0.592889,0.205924,537,0,18,0,257,0,0,711212,411,195,1394,709469
16S.B_General,0.5-0.6,6,0.592889,0.205924,537,0,19,1,257,0,0,711212,452,88,1342,709587
16S.B_General,0.5-0.6,7,0.505455,0.146185,407,0,19,0,550,0,0,584914,654,175,855,583780
16S.B_General,0.5-0.6,7,0.505455,0.146185,407,0,22,1,550,0,0,584914,634,106,855,583869
16S.B_General,0.5-0.6,7,0.526117,0.179158,264,0,21,0,230,0,0,340338,307,89,523,339649
16S.B_General,0.5-0.6,7,0.526117,0.179158,264,0,19,1,230,0,0,340338,314,30,687,339537
16S.B_General,0.5-0.6,7,0.5578,0.167247,1014,0,19,0,151,0,0,1475274,509,228,2447,1472241
16S.B_General,0.5-0.6,7,0.5578,0.167247,1014,0,21,1,151,0,0,1475274,447,254,2161,1472563
16S.B_General,0.5-0.6,7,0.592889,0.206043,536,0,19,0,257,0,0,709784,325,119,1275,708322
16S.B_General,0.5-0.6,7,0.592889,0.206043,536,0,24,1,257,0,0,709784,395,73,1067,708506
16S.B_General,0.5-0.6,8,0.505455,0.142315,401,0,18,0,538,0,0,576445,625,175,949,575234
16S.B_General,0.5-0.6,8,0.505455,0.142315,401,0,22,1,538,0,0,576445,656,83,828,575416
16S.B_General,0.5-0.6,8,0.526117,0.175547,257,0,20,0,234,0,0,331450,329,12,626,330717
16S.B_General,0.5-0.6,8,0.526117,0.175547,257,0,21,1,234,0,0,331450,301,41,655,330687
16S.B_General,0.5-0.6,8,0.567416,0.184892,563,0,22,0,121,0,0,821707,260,147,1234,820187
16S.B_General,0.5-0.6,8,0.567416,0.184892,563,0,22,1,121,0,0,821707,251,288,1020,820269
16S.B_General,0.5-0.6,8,0.592889,0.206162,535,0,19,0,257,0,0,708356,410,165,1208,706830
16S.B_General,0.5-0.6,8,0.592889,0.206162,535,0,20,1,257,0,0,708356,347,200,1158,706908
16S.B_General,0.5-0.6,9,0.505455,0.142083,400,0,20,0,535,0,0,575043,636,164,891,573887
16S.B_General,0.5-0.6,9,0.505455,0.142083,400,0,20,1,535,0,0,575043,633,122,1004,573819
16S.B_General,0.5-0.6,9,0.548729,0.167214,132,0,19,0,728,0,0,187527,776,61,308,187110
16S.B_General,0.5-0.6,9,0.548729,0.167214,132,0,22,1,728,0,0,187527,687,70,293,187205
16S.B_General,0.5-0.6,9,0.567416,0.184289,559,0,19,0,121,0,0,815970,255,261,1321,814254
16S.B_General,0.5-0.6,9,0.567416,0.184289,559,0,20,1,121,0,0,815970,284,203,1138,814466
16S.B_General,0.5-0.6,9,0.592889,0.206364,533,0,26,0,257,0,0,705599,362,77,879,704538
16S.B_General,0.5-0.6,9,0.592889,0.206364,533,0,22,1,257,0,0,705599,393,104,1101,704258
16S.B_General,0.6-0.7,0,0.614032,0.129002,867,0,18,0,237,0,0,1199622,603,154,2296,1196806
16S.B_General,0.6-0.7,0,0.614032,0.129002,867,0,18,1,237,0,0,1199622,520,319,2083,1196937
16S.B_General,0.6-0.7,0,0.630971,0.114555,513,0,20,0,625,0,0,666832,792,63,1251,665351
16S.B_General,0.6-0.7,0,0.630971,0.114555,513,0,20,1,625,0,0,666832,770,74,1254,665359
16S.B_General,0.6-0.7,0,0.662003,0.22598,623,0,17,0,401,0,0,894904,565,225,1611,892904
16S.B_General,0.6-0.7,0,0.662003,0.22598,623,0,22,1,401,0,0,894904,562,164,1230,893349
16S.B_General,0.6-0.7,0,0.687814,0.257355,1930,0,17,0,591,0,0,2809825,1190,615,5080,2803531
16S.B_General,0.6-0.7,0,0.687814,0.257355,1930,0,17,1,591,0,0,2809825,1204,644,5179,2803389
16S.B_General,0.6-0.7,1,0.614032,0.122833,843,0,19,0,1184,0,0,1167876,559,117,2124,1166260
16S.B_General,0.6-0.7,1,0.614032,0.122833,843,0,17,1,1184,0,0,1167876,515,113,2369,1166063
16S.B_General,0.6-0.7,1,0.630971,0.114503,512,0,19,0,625,0,0,665346,826,145,1174,663826
16S.B_General,0.6-0.7,1,0.630971,0.114503,512,0,22,1,625,0,0,665346,694,133,1106,664038
16S.B_General,0.6-0.7,1,0.653046,0.096127,450,0,18,0,403,0,0,654393,407,270,979,653140
16S.B_General,0.6-0.7,1,0.653046,0.096127,450,0,18,1,403,0,0,654393,401,178,1126,653091
16S.B_General,0.6-0.7,1,0.687814,0.255728,1913,0,23,0,509,0,0,2784952,971,551,3660,2780279
16S.B_General,0.6-0.7,1,0.687814,0.255728,1913,0,21,1,509,0,0,2784952,1010,436,4054,2779961
16S.B_General,0.6-0.7,2,0.611794,0.240769,498,0,17,0,219,0,0,657679,377,227,1404,655890
16S.B_General,0.6-0.7,2,0.611794,0.240769,498,0,20,1,219,0,0,657679,332,285,983,656298
16S.B_General,0.6-0.7,2,0.630971,0.114535,510,0,22,0,625,0,0,662417,807,90,1140,661005
16S.B_General,0.6-0.7,2,0.630971,0.114535,510,0,24,1,625,0,0,662417,757,142,918,661225
16S.B_General,0.6-0.7,2,0.660392,0.198999,425,0,20,0,1752,0,0,614054,1816,213,862,612915
16S.B_General,0.6-0.7,2,0.660392,0.198999,425,0,19,1,1752,0,0,614054,1823,243,902,612838
16S.B_General,0.6-0.7,2,0.687814,0.255529,1907,0,18,0,509,0,0,2776234,1136,707,4552,2770348
16S.B_General,0.6-0.7,2,0.687814,0.255529,1907,0,20,1,509,0,0,2776234,1038,359,4449,2770897
16S.B_General,0.6-0.7,3,0.611794,0.241251,493,0,21,0,223,0,0,650583,349,122,1185,649150
16S.B_General,0.6-0.7,3,0.611794,0.241251,493,0,23,1,223,0,0,650583,352,222,916,649316
16S.B_General,0.6-0.7,3,0.630971,0.114155,508,0,19,0,594,0,0,659730,729,87,1267,658241
16S.B_General,0.6-0.7,3,0.630971,0.114155,508,0,20,1,594,0,0,659730,727,72,1164,658361
16S.B_General,0.6-0.7,3,0.660392,0.198537,423,0,18,0,1752,0,0,611149,1864,148,1025,609864
16S.B_General,0.6-0.7,3,0.660392,0.198537,423,0,16,1,1752,0,0,611149,1749,258,1079,609815
16S.B_General,0.6-0.7,3,0.687814,0.254873,1895,0,19,0,493,0,0,2758673,1039,483,4374,2753270
16S.B_General,0.6-0.7,3,0.687814,0.254873,1895,0,19,1,493,0,0,2758673,1118,572,4405,2753071
16S.B_General,0.6-0.7,4,0.614625,0.249741,482,0,21,0,297,0,0,682186,436,102,996,680949
16S.B_General,0.6-0.7,4,0.614625,0.249741,482,0,18,1,297,0,0,682186,451,119,1237,680676
16S.B_General,0.6-0.7,4,0.630971,0.114159,506,0,20,0,594,0,0,656724,709,94,1110,655405
16S.B_General,0.6-0.7,4,0.630971,0.114159,506,0,19,1,594,0,0,656724,724,129,1105,655360
16S.B_General,0.6-0.7,4,0.660392,0.197864,418,0,19,0,1752,0,0,603914,1806,91,1013,602756
16S.B_General,0.6-0.7,4,0.660392,0.197864,418,0,21,1,1752,0,0,603914,1781,244,767,602874
16S.B_General,0.6-0.7,4,0.687814,0.254917,1893,0,22,0,493,0,0,2755746,962,617,3728,2750932
16S.B_General,0.6-0.7,4,0.687814,0.254917,1893,0,19,1,493,0,0,2755746,1178,416,4567,2750078
16S.B_General,0.6-0.7,5,0.614625,0.223717,325,0,22,0,162,0,0,461287,237,79,653,460480
16S.B_General,0.6-0.7,5,0.614625,0.223717,325,0,19,1,162,0,0,461287,228,92,763,460366
16S.B_General,0.6-0.7,5,0.630971,0.114217,505,0,16,0,594,0,0,655218,743,127,1442,653500
16S.B_General,0.6-0.7,5,0.630971,0.114217,505,0,17,1,594,0,0,655218,720,40,1570,653482
16S.B_General,0.6-0.7,5,0.65713,0.244112,258,0,20,0,289,0,0,373744,340,134,519,373040
16S.B_General,0.6-0.7,5,0.65713,0.244112,258,0,19,1,289,0,0,373744,398,153,560,372922
16S.B_General,0.6-0.7,5,0.687814,0.254884,1875,0,18,0,493,0,0,2729323,999,721,4410,2723686
16S.B_General,0.6-0.7,5,0.687814,0.254884,1875,0,16,1,493,0,0,2729323,1268,658,5097,2722793
16S.B_General,0.6-0.7,6,0.612782,0.197845,188,0,20,0,150,0,0,264755,211,40,440,264214
16S.B_General,0.6-0.7,6,0.612782,0.197845,188,0,19,1,150,0,0,264755,208,64,493,264140
16S.B_General,0.6-0.7,6,0.630971,0.096774,426,0,19,0,485,0,0,575689,612,35,1073,574454
16S.B_General,0.6-0.7,6,0.630971,0.096774,426,0,16,1,485,0,0,575689,699,127,1158,574190
16S.B_General,0.6-0.7,6,0.65713,0.242834,257,0,18,0,289,0,0,372329,336,116,609,371557
16S.B_General,0.6-0.7,6,0.65713,0.242834,257,0,20,1,289,0,0,372329,370,75,542,371631
16S.B_General,0.6-0.7,6,0.687814,0.256448,1840,0,20,0,493,0,0,2683101,998,632,3962,2678002
16S.B_General,0.6-0.7,6,0.687814,0.256448,1840,0,18,1,493,0,0,2683101,1013,792,4208,2677581
16S.B_General,0.6-0.7,7,0.610978,0.260355,151,0,18,0,120,0,0,213668,185,78,338,213187
16S.B_General,0.6-0.7,7,0.610978,0.260355,151,0,21,1,120,0,0,213668,153,159,260,213216
16S.B_General,0.6-0.7,7,0.630971,0.096722,425,0,20,0,488,0,0,574322,593,92,1010,573115
16S.B_General,0.6-0.7,7,0.630971,0.096722,425,0,17,1,488,0,0,574322,655,67,1193,572895
16S.B_General,0.6-0.7,7,0.663601,0.142707,92,0,19,0,131,0,0,128013,149,7,179,127809
16S.B_General,0.6-0.7,7,0.663601,0.142707,92,0,20,1,131,0,0,128013,151,28,202,127763
16S.B_General,0.6-0.7,7,0.687814,0.249,1681,0,22,0,547,0,0,2448908,891,497,3251,2444816
16S.B_General,0.6-0.7,7,0.687814,0.249,1681,0,21,1,547,0,0,2448908,977,326,3634,2444518
16S.B_General,0.6-0.7,8,0.610978,0.254728,147,0,21,0,112,0,0,207966,150,77,325,207526
16S.B_General,0.6-0.7,8,0.610978,0.254728,147,0,18,1,112,0,0,207966,158,100,393,207427
16S.B_General,0.6-0.7,8,0.630971,0.058272,356,0,18,0,469,0,0,494520,607,55,928,493399
16S.B_General,0.6-0.7,8,0.630971,0.058272,356,0,19,1,469,0,0,494520,573,39,924,493453
16S.B_General,0.6-0.7,8,0.665645,0.354837,59,0,20,0,179,0,0,81046,214,0,149,80862
16S.B_General,0.6-0.7,8,0.665645,0.354837,59,0,19,1,179,0,0,81046,203,30,191,80801
16S.B_General,0.6-0.7,8,0.687814,0.249134,1679,0,20,0,547,0,0,2445930,946,382,3796,2441353
16S.B_General,0.6-0.7,8,0.687814,0.249134,1679,0,18,1,547,0,0,2445930,1129,392,4189,2440767
16S.B_General,0.6-0.7,9,0.610978,0.252886,140,0,19,0,83,0,0,198290,108,68,356,197841
16S.B_General,0.6-0.7,9,0.610978,0.252886,140,0,17,1,83,0,0,198290,150,64,429,197730
16S.B_General,0.6-0.7,9,0.630971,0.057769,353,0,19,0,481,0,0,490068,563,53,840,489093
16S.B_General,0.6-0.7,9,0.630971,0.057769,353,0,20,1,481,0,0,490068,630,62,888,488969
16S.B_General,0.6-0.7,9,0.665645,0.34951,57,0,20,0,271,0,0,78168,300,4,141,77994
16S.B_General,0.6-0.7,9,0.665645,0.34951,57,0,18,1,271,0,0,78168,305,14,191,77929
16S.B_General,0.6-0.7,9,0.687814,0.249202,1678,0,18,0,547,0,0,2444449,1026,660,4009,2439301
16S.B_General,0.6-0.7,9,0.687814,0.249202,1678,0,18,1,547,0,0,2444449,1019,467,4266,2439244
16S.B_General,0.7-0.8,0,0.707917,0.232813,791,0,18,0,2571,0,0,1147999,2611,356,1713,1145890
16S.B_General,0.7-0.8,0,0.707917,0.232813,791,0,21,1,2571,0,0,1147999,2511,296,1600,1146163
16S.B_General,0.7-0.8,0,0.73685,0.265679,467,0,20,0,48,0,0,604199,169,135,972,602971
16S.B_General,0.7-0.8,0,0.73685,0.265679,467,0,22,1,48,0,0,604199,165,177,903,603002
16S.B_General,0.7-0.8,0,0.76529,0.294062,492,0,19,0,79,0,0,641384,259,128,1124,639952
16S.B_General,0.7-0.8,0,0.76529,0.294062,492,0,19,1,79,0,0,641384,271,268,1035,639889
16S.B_General,0.7-0.8,0,0.791378,0.271768,251,0,21,0,345,0,0,367887,377,100,480,367275
16S.B_General,0.7-0.8,0,0.791378,0.271768,251,0,18,1,345,0,0,367887,395,97,542,367198
16S.B_General,0.7-0.8,1,0.7109,0.1047,454,0,21,0,421,0,0,660000,500,82,971,658868
16S.B_General,0.7-0.8,1,0.7109,0.1047,454,0,17,1,421,0,0,660000,360,198,1227,658636
16S.B_General,0.7-0.8,1,0.743307,0.193083,342,0,23,0,1064,0,0,422107,1152,74,681,421264
16S.B_General,0.7-0.8,1,0.743307,0.193083,342,0,20,1,1064,0,0,422107,1202,68,818,421083
16S.B_General,0.7-0.8,1,0.772362,0.254623,262,0,15,0,290,0,0,379715,393,105,761,378746
16S.B_General,0.7-0.8,1,0.772362,0.254623,262,0,20,1,290,0,0,379715,341,157,587,378920
16S.B_General,0.7-0.8,1,0.791378,0.270924,249,0,18,0,447,0,0,364721,504,143,548,363973
16S.B_General,0.7-0.8,1,0.791378,0.270924,249,0,17,1,447,0,0,364721,533,136,627,363872
16S.B_General,0.7-0.8,2,0.715556,0.230077,248,0,19,0,307,0,0,309833,524,108,589,308919
16S.B_General,0.7-0.8,2,0.715556,0.230077,248,0,15,1,307,0,0,309833,361,73,750,308956
16S.B_General,0.7-0.8,2,0.743307,0.193946,338,0,21,0,1070,0,0,417626,1127,49,762,416758
16S.B_General,0.7-0.8,2,0.743307,0.193946,338,0,21,1,1070,0,0,417626,1209,70,825,416592
16S.B_General,0.7-0.8,2,0.751801,0.222535,91,0,18,0,344,0,0,115750,521,101,238,115234
16S.B_General,0.7-0.8,2,0.751801,0.222535,91,0,21,1,344,0,0,115750,438,2,274,115380
16S.B_General,0.7-0.8,2,0.798885,0.188403,152,0,21,0,684,0,0,213757,677,25,351,213388
16S.B_General,0.7-0.8,2,0.798885,0.188403,152,0,19,1,684,0,0,213757,579,23,444,213395
16S.B_General,0.7-0.8,3,0.703109,0.252829,122,0,18,0,758,0,0,167501,940,73,241,167005
16S.B_General,0.7-0.8,3,0.703109,0.252829,122,0,19,1,758,0,0,167501,988,26,368,166877
16S.B_General,0.7-0.8,3,0.743307,0.194068,337,0,20,0,1070,0,0,416242,1108,102,715,415387
16S.B_General,0.7-0.8,3,0.743307,0.194068,337,0,18,1,1070,0,0,416242,1120,61,859,415272
16S.B_General,0.7-0.8,3,0.772812,0.335074,48,0,19,0,26,0,0,67159,38,7,136,67004
16S.B_General,0.7-0.8,3,0.772812,0.335074,48,0,18,1,26,0,0,67159,35,31,117,67002
16S.B_General,0.7-0.8,3,0.798885,0.183917,151,0,20,0,689,0,0,212517,678,30,387,212111
16S.B_General,0.7-0.8,3,0.798885,0.183917,151,0,22,1,689,0,0,212517,758,17,295,212136
16S.B_General,0.7-0.8,4,0.720095,0.4026,54,0,15,0,258,0,0,75192,249,33,188,74980
16S.B_General,0.7-0.8,4,0.720095,0.4026,54,0,22,1,258,0,0,75192,218,18,145,75069
16S.B_General,0.7-0.8,4,0.743307,0.194317,336,0,23,0,1076,0,0,414846,1123,119,590,414090
16S.B_General,0.7-0.8,4,0.743307,0.194317,336,0,19,1,1076,0,0,414846,1114,138,728,413942
16S.B_General,0.7-0.8,4,0.772812,0.354816,23,0,19,0,26,0,0,30908,38,0,105,30791
16S.B_General,0.7-0.8,4,0.772812,0.354816,23,0,19,1,26,0,0,30908,32,34,28,30840
16S.B_General,0.7-0.8,4,0.798885,0.163946,147,0,16,0,622,0,0,207606,705,20,487,207016
16S.B_General,0.7-0.8,4,0.798885,0.163946,147,0,22,1,622,0,0,207606,745,52,342,207089
16S.B_General,0.7-0.8,5,0.716525,0.339857,23,0,17,0,253,0,0,34091,257,2,112,33973
16S.B_General,0.7-0.8,5,0.716525,0.339857,23,0,19,1,253,0,0,34091,169,31,65,34079
16S.B_General,0.7-0.8,5,0.743307,0.195386,328,0,20,0,1061,0,0,403467,1140,65,803,402520
16S.B_General,0.7-0.8,5,0.743307,0.195386,328,0,18,1,1061,0,0,403467,1198,130,861,402339
16S.B_General,0.7-0.8,5,0.767292,0.505474,14,0,19,0,12,0,0,20871,50,0,53,20780
16S.B_General,0.7-0.8,5,0.767292,0.505474,14,0,21,1,12,0,0,20871,41,7,34,20801
16S.B_General,0.7-0.8,5,0.786551,0.174536,101,0,18,0,63,0,0,139198,122,6,241,138892
16S.B_General,0.7-0.8,5,0.786551,0.174536,101,0,18,1,63,0,0,139198,76,26,224,138935
16S.B_General,0.7-0.8,6,0.716308,0.351297,16,0,21,0,37,0,0,22819,39,18,24,22775
16S.B_General,0.7-0.8,6,0.716308,0.351297,16,0,21,1,37,0,0,22819,37,11,46,22762
16S.B_General,0.7-0.8,6,0.743307,0.197109,317,0,20,0,1064,0,0,388269,1161,59,703,387410
16S.B_General,0.7-0.8,6,0.743307,0.197109,317,0,18,1,1064,0,0,388269,1143,86,821,387283
16S.B_General,0.7-0.8,6,0.752451,0.294597,13,0,21,0,44,0,0,18094,51,0,60,18027
16S.B_General,0.7-0.8,6,0.752451,0.294597,13,0,21,1,44,0,0,18094,44,7,33,18054
16S.B_General,0.7-0.8,6,0.796461,0.213071,73,0,18,0,43,0,0,105224,53,41,199,104974
16S.B_General,0.7-0.8,6,0.796461,0.213071,73,0,21,1,43,0,0,105224,83,8,209,104967
16S.B_General,0.7-0.8,7,0.709693,0.396807,16,0,17,0,0,0,0,22885,33,0,61,22791
16S.B_General,0.7-0.8,7,0.709693,0.396807,16,0,18,1,0,0,0,22885,30,1,56,22798
16S.B_General,0.7-0.8,7,0.743307,0.196372,310,0,16,0,1032,0,0,382155,1126,211,741,381109
16S.B_General,0.7-0.8,7,0.743307,0.196372,310,0,21,1,1032,0,0,382155,1082,52,701,381352
16S.B_General,0.7-0.8,7,0.767292,0.487868,12,0,17,0,24,0,0,17855,37,29,16,17797
16S.B_General,0.7-0.8,7,0.767292,0.487868,12,0,23,1,24,0,0,17855,30,0,51,17798
16S.B_General,0.7-0.8,7,0.79492,0.465532,48,0,17,0,50,0,0,70115,41,0,177,69947
16S.B_General,0.7-0.8,7,0.79492,0.465532,48,0,18,1,50,0,0,70115,60,51,95,69959
16S.B_General,0.7-0.8,8,0.716133,0.476852,11,0,19,0,0,0,0,15908,3,1,58,15846
16S.B_General,0.7-0.8,8,0.716133,0.476852,11,0,19,1,0,0,0,15908,8,0,45,15855
16S.B_General,0.7-0.8,8,0.743307,0.196594,309,0,17,0,1032,0,0,380656,1049,74,856,379709
16S.B_General,0.7-0.8,8,0.743307,0.196594,309,0,21,1,1032,0,0,380656,1164,28,751,379745
16S.B_General,0.7-0.8,8,0.756012,0.378355,9,0,16,0,0,0,0,13189,6,5,46,13132
16S.B_General,0.7-0.8,8,0.756012,0.378355,9,0,21,1,0,0,0,13189,0,36,27,13126
16S.B_General,0.7-0.8,8,0.79492,0.464721,47,0,23,0,50,0,0,68647,66,5,148,68478
16S.B_General,0.7-0.8,8,0.79492,0.464721,47,0,19,1,50,0,0,68647,59,44,101,68493
16S.B_General,0.7-0.8,9,0.716133,0.449591,10,0,20,0,0,0,0,14406,2,22,22,14360
16S.B_General,0.7-0.8,9,0.716133,0.449591,10,0,19,1,0,0,0,14406,14,13,36,14343
16S.B_General,0.7-0.8,9,0.743307,0.196771,308,0,23,0,1032,0,0,379190,1074,135,592,378421
16S.B_General,0.7-0.8,9,0.743307,0.196771,308,0,21,1,1032,0,0,379190,1109,97,687,378329
16S.B_General,0.7-0.8,9,0.765395,0.557405,7,0,20,0,0,0,0,10433,17,37,26,10353
16S.B_General,0.7-0.8,9,0.765395,0.557405,7,0,20,1,0,0,0,10433,13,21,42,10357
16S.B_General,0.7-0.8,9,0.787694,0.253711,32,0,21,0,78,0,0,45136,107,0,96,45011
16S.B_General,0.7-0.8,9,0.787694,0.253711,32,0,22,1,78,0,0,45136,94,5,66,45049
16S.B_General,0.8-0.9,0,0.707917,0.232813,791,0,18,0,2571,0,0,1147999,2606,422,1704,1145838
16S.B_General,0.8-0.9,0,0.707917,0.232813,791,0,17,1,2571,0,0,1147999,2589,340,1919,1145722
16S.B_General,0.8-0.9,0,0.835403,0.102315,940,0,17,0,1406,0,0,1345438,1433,420,2286,1342705
16S.B_General,0.8-0.9,0,0.835403,0.102315,940,0,24,1,1406,0,0,1345438,1593,271,1635,1343345
16S.B_General,0.8-0.9,0,0.852652,0.364215,886,0,18,0,2338,0,0,1254035,2177,736,1655,1251805
16S.B_General,0.8-0.9,0,0.852652,0.364215,886,0,21,1,2338,0,0,1254035,2320,557,1601,1251895
16S.B_General,0.8-0.9,0,0.876283,0.215183,1511,0,21,0,761,0,0,2015107,1228,358,3188,2011094
16S.B_General,0.8-0.9,0,0.876283,0.215183,1511,0,17,1,761,0,0,2015107,1286,371,4126,2010085
16S.B_General,0.8-0.9,1,0.7109,0.1047,454,0,18,0,421,0,0,660000,641,170,1080,658530
16S.B_General,0.8-0.9,1,0.7109,0.1047,454,0,17,1,421,0,0,660000,557,263,1022,658579
16S.B_General,0.8-0.9,1,0.835403,0.097245,931,0,22,0,1406,0,0,1332247,854,332,1686,1330781
16S.B_General,0.8-0.9,1,0.835403,0.097245,931,0,18,1,1406,0,0,1332247,1538,437,2089,1329589
16S.B_General,0.8-0.9,1,0.874142,0.189896,566,0,20,0,122,0,0,826089,255,260,1087,824609
16S.B_General,0.8-0.9,1,0.874142,0.189896,566,0,20,1,122,0,0,826089,312,166,1281,824452
16S.B_General,0.8-0.9,1,0.876283,0.214983,1505,0,19,0,761,0,0,2010059,1293,355,3548,2005624
16S.B_General,0.8-0.9,1,0.876283,0.214983,1505,0,19,1,761,0,0,2010059,1292,545,3514,2005469
16S.B_General,0.8-0.9,2,0.715556,0.230077,248,0,16,0,307,0,0,309833,551,114,667,308808
16S.B_General,0.8-0.9,2,0.715556,0.230077,248,0,22,1,307,0,0,309833,566,51,520,309003
16S.B_General,0.8-0.9,2,0.835403,0.093097,923,0,20,0,1406,0,0,1320841,1001,263,2044,1318939
16S.B_General,0.8-0.9,2,0.835403,0.093097,923,0,20,1,1406,0,0,1320841,739,309,2092,1319107
16S.B_General,0.8-0.9,2,0.870374,0.277724,465,0,19,0,617,0,0,663348,719,172,1074,662000
16S.B_General,0.8-0.9,2,0.870374,0.277724,465,0,18,1,617,0,0,663348,763,169,1171,661862
16S.B_General,0.8-0.9,2,0.876283,0.211539,1413,0,19,0,708,0,0,1904774,1149,531,3196,1900606
16S.B_General,0.8-0.9,2,0.876283,0.211539,1413,0,21,1,708,0,0,1904774,1124,371,3023,1900964
16S.B_General,0.8-0.9,3,0.703109,0.252829,122,0,21,0,758,0,0,167501,973,70,227,166989
16S.B_General,0.8-0.9,3,0.703109,0.252829,122,0,19,1,758,0,0,167501,1036,36,273,166914
16S.B_General,0.8-0.9,3,0.835403,0.089527,917,0,20,0,1372,0,0,1312237,1231,462,1675,1310241
16S.B_General,0.8-0.9,3,0.835403,0.089527,917,0,22,1,1372,0,0,1312237,1050,210,1863,1310486
16S.B_General,0.8-0.9,3,0.870374,0.275845,446,0,19,0,621,0,0,638248,695,231,976,636967
16S.B_General,0.8-0.9,3,0.870374,0.275845,446,0,21,1,621,0,0,638248,687,79,997,637106
16S.B_General,0.8-0.9,3,0.876283,0.211489,1410,0,21,0,708,0,0,1900253,1084,322,3160,1896395
16S.B_General,0.8-0.9,3,0.876283,0.211489,1410,0,20,1,708,0,0,1900253,1170,370,3104,1896317
16S.B_General,0.8-0.9,4,0.720095,0.4026,54,0,17,0,258,0,0,75192,248,35,176,74991
16S.B_General,0.8-0.9,4,0.720095,0.4026,54,0,19,1,258,0,0,75192,291,76,83,75000
16S.B_General,0.8-0.9,4,0.84994,0.310259,507,0,21,0,286,0,0,662932,351,335,977,661555
16S.B_General,0.8-0.9,4,0.84994,0.310259,507,0,21,1,286,0,0,662932,400,264,934,661620
16S.B_General,0.8-0.9,4,0.870374,0.259524,401,0,22,0,349,0,0,574241,415,191,737,573247
16S.B_General,0.8-0.9,4,0.870374,0.259524,401,0,23,1,349,0,0,574241,467,52,908,573163
16S.B_General,0.8-0.9,4,0.876283,0.210716,1380,0,23,0,658,0,0,1866658,1018,402,2698,1863198
16S.B_General,0.8-0.9,4,0.876283,0.210716,1380,0,18,1,658,0,0,1866658,1118,212,3658,1862328
16S.B_General,0.8-0.9,5,0.716525,0.339857,23,0,17,0,253,0,0,34091,250,15,92,33987
16S.B_General,0.8-0.9,5,0.716525,0.339857,23,0,20,1,253,0,0,34091,265,12,79,33988
16S.B_General,0.8-0.9,5,0.84994,0.304903,501,0,21,0,224,0,0,654472,374,290,949,653083
16S.B_General,0.8-0.9,5,0.84994,0.304903,501,0,19,1,224,0,0,654472,324,379,947,653046
16S.B_General,0.8-0.9,5,0.870374,0.259502,400,0,20,0,339,0,0,572713,372,260,795,571625
16S.B_General,0.8-0.9,5,0.870374,0.259502,400,0,22,1,339,0,0,572713,531,75,843,571603
16S.B_General,0.8-0.9,5,0.876324,0.191561,568,0,16,0,132,0,0,829030,348,177,1600,827037
16S.B_General,0.8-0.9,5,0.876324,0.191561,568,0,20,1,132,0,0,829030,283,234,1209,827436
16S.B_General,0.8-0.9,6,0.716308,0.351297,16,0,21,0,37,0,0,22819,46,0,44,22766
16S.B_General,0.8-0.9,6,0.716308,0.351297,16,0,18,1,37,0,0,22819,50,0,42,22764
16S.B_General,0.8-0.9,6,0.8319,0.260373,264,0,22,0,288,0,0,382653,355,127,503,381956
16S.B_General,0.8-0.9,6,0.8319,0.260373,264,0,20,1,288,0,0,382653,363,130,584,381864
16S.B_General,0.8-0.9,6,0.870374,0.229479,307,0,21,0,417,0,0,437626,284,108,649,437002
16S.B_General,0.8-0.9,6,0.870374,0.229479,307,0,17,1,417,0,0,437626,394,93,835,436721
16S.B_General,0.8-0.9,6,0.876324,0.191062,567,0,18,0,132,0,0,827588,312,195,1398,825815
16S.B_General,0.8-0.9,6,0.876324,0.191062,567,0,21,1,132,0,0,827588,296,317,1314,825793
16S.B_General,0.8-0.9,7,0.709693,0.396807,16,0,19,0,0,0,0,22885,32,0,51,22802
16S.B_General,0.8-0.9,7,0.709693,0.396807,16,0,22,1,0,0,0,22885,3,0,53,22829
16S.B_General,0.8-0.9,7,0.844198,0.420109,107,0,18,0,216,0,0,152259,227,118,190,151940
16S.B_General,0.8-0.9,7,0.844198,0.420109,107,0,21,1,216,0,0,152259,259,36,253,151927
16S.B_General,0.8-0.9,7,0.8635,0.145631,262,0,21,0,1815,0,0,344621,1722,165,473,344076
16S.B_General,0.8-0.9,7,0.8635,0.145631,262,0,19,1,1815,0,0,344621,1886,77,520,343953
16S.B_General,0.8-0.9,7,0.880091,0.272252,357,0,21,0,1379,0,0,409476,1418,258,657,408522
16S.B_General,0.8-0.9,7,0.880091,0.272252,357,0,22,1,1379,0,0,409476,1330,348,563,408614
16S.B_General,0.8-0.9,8,0.716133,0.476852,11,0,24,0,0,0,0,15908,3,19,34,15852
16S.B_General,0.8-0.9,8,0.716133,0.476852,11,0,23,1,0,0,0,15908,7,4,49,15848
16S.B_General,0.8-0.9,8,0.843105,0.275563,98,0,17,0,283,0,0,126008,423,19,251,125598
16S.B_General,0.8-0.9,8,0.843105,0.275563,98,0,20,1,283,0,0,126008,420,4,237,125630
16S.B_General,0.8-0.9,8,0.870374,0.197974,240,0,16,0,851,0,0,343042,943,102,661,342187
16S.B_General,0.8-0.9,8,0.870374,0.197974,240,0,18,1,851,0,0,343042,861,91,610,342331
16S.B_General,0.8-0.9,8,0.880091,0.237684,342,0,16,0,1376,0,0,387569,1435,178,918,386414
16S.B_General,0.8-0.9,8,0.880091,0.237684,342,0,15,1,1376,0,0,387569,1405,266,888,386386
16S.B_General,0.8-0.9,9,0.716133,0.449591,10,0,17,0,0,0,0,14406,0,11,40,14355
16S.B_General,0.8-0.9,9,0.716133,0.449591,10,0,17,1,0,0,0,14406,1,17,29,14359
16S.B_General,0.8-0.9,9,0.83424,0.418402,92,0,21,0,62,0,0,125672,52,26,187,125469
16S.B_General,0.8-0.9,9,0.83424,0.418402,92,0,18,1,62,0,0,125672,110,56,231,125337
16S.B_General,0.8-0.9,9,0.870374,0.197474,239,0,22,0,851,0,0,341623,897,38,523,341016
16S.B_General,0.8-0.9,9,0.870374,0.197474,239,0,15,1,851,0,0,341623,690,46,735,341003
16S.B_General,0.8-0.9,9,0.893205,0.300604,281,0,18,0,362,0,0,413419,392,148,617,412624
16S.B_General,0.8-0.9,9,0.893205,0.300604,281,0,20,1,362,0,0,413419,429,138,589,412625
16S.B_General,0.9-1,0,0.912233,0.232387,717,0,21,0,1891,0,0,926965,2035,241,1504,925076
16S.B_General,0.9-1,0,0.912233,0.232387,717,0,24,1,1891,0,0,926965,2035,228,1221,925372
16S.B_General,0.9-1,0,0.945162,0.424973,980,0,20,0,339,0,0,1252220,503,566,1873,1249617
16S.B_General,0.9-1,0,0.945162,0.424973,980,0,16,1,339,0,0,1252220,584,607,2510,1248858
16S.B_General,0.9-1,0,0.956081,0.455212,462,0,18,0,1364,0,0,588207,1419,326,1050,586776
16S.B_General,0.9-1,0,0.956081,0.455212,462,0,20,1,1364,0,0,588207,1445,242,905,586979
16S.B_General,0.9-1,0,0.976981,0.129017,980,0,18,0,1802,0,0,1403673,1345,493,2167,1401470
16S.B_General,0.9-1,0,0.976981,0.129017,980,0,18,1,1802,0,0,1403673,1963,395,2327,1400790
16S.B_General,0.9-1,1,0.912233,0.232011,716,0,21,0,1904,0,0,925443,2100,162,1655,923430
16S.B_General,0.9-1,1,0.912233,0.232011,716,0,20,1,1904,0,0,925443,2162,270,1517,923398
16S.B_General,0.9-1,1,0.93999,0.125627,446,0,19,0,831,0,0,604795,976,109,1074,603467
16S.B_General,0.9-1,1,0.93999,0.125627,446,0,18,1,831,0,0,604795,876,378,827,603545
16S.B_General,0.9-1,1,0.966503,0.375648,444,0,20,0,914,0,0,584341,995,160,1012,583088
16S.B_General,0.9-1,1,0.966503,0.375648,444,0,21,1,914,0,0,584341,910,147,965,583233
16S.B_General,0.9-1,1,0.976981,0.126977,977,0,21,0,1777,0,0,1399296,1895,488,1830,1396860
16S.B_General,0.9-1,1,0.976981,0.126977,977,0,19,1,1777,0,0,1399296,1884,276,2295,1396618
16S.B_General,0.9-1,2,0.912233,0.231995,715,0,18,0,1904,0,0,923943,2023,314,1640,921870
16S.B_General,0.9-1,2,0.912233,0.231995,715,0,22,1,1904,0,0,923943,2049,158,1482,922158
16S.B_General,0.9-1,2,0.93999,0.122725,444,0,18,0,802,0,0,601998,829,101,1165,600705
16S.B_General,0.9-1,2,0.93999,0.122725,444,0,20,1,802,0,0,601998,928,200,916,600756
16S.B_General,0.9-1,2,0.966503,0.375569,443,0,22,0,914,0,0,582948,866,214,871,581911
16S.B_General,0.9-1,2,0.966503,0.375569,443,0,19,1,914,0,0,582948,960,246,914,581742
16S.B_General,0.9-1,2,0.976981,0.118106,961,0,22,0,1629,0,0,1376133,1659,442,1649,1374012
16S.B_General,0.9-1,2,0.976981,0.118106,961,0,19,1,1629,0,0,1376133,1568,435,2092,1373667
16S.B_General,0.9-1,3,0.912233,0.231973,714,0,18,0,1904,0,0,922414,1947,236,1777,920358
16S.B_General,0.9-1,3,0.912233,0.231973,714,0,19,1,1904,0,0,922414,1968,149,1747,920454
16S.B_General,0.9-1,3,0.93999,0.121869,443,0,19,0,788,0,0,600763,911,196,1031,599413
16S.B_General,0.9-1,3,0.93999,0.121869,443,0,25,1,788,0,0,600763,909,77,850,599715
16S.B_General,0.9-1,3,0.956081,0.38351,382,0,19,0,1315,0,0,483815,458,165,850,483657
16S.B_General,0.9-1,3,0.956081,0.38351,382,0,22,1,1315,0,0,483815,1455,116,754,482805
16S.B_General,0.9-1,3,0.976981,0.108129,948,0,20,0,1556,0,0,1356848,824,220,2057,1355303
16S.B_General,0.9-1,3,0.976981,0.108129,948,0,18,1,1556,0,0,1356848,1179,302,2240,1354683
16S.B_General,0.9-1,4,0.912233,0.232002,713,0,21,0,1904,0,0,920883,2108,131,1540,919008
16S.B_General,0.9-1,4,0.912233,0.232002,713,0,20,1,1904,0,0,920883,2025,139,1710,918913
16S.B_General,0.9-1,4,0.93897,0.201598,137,0,21,0,262,0,0,191814,351,48,322,191355
16S.B_General,0.9-1,4,0.93897,0.201598,137,0,17,1,262,0,0,191814,310,32,431,191303
16S.B_General,0.9-1,4,0.956139,0.440636,155,0,18,0,201,0,0,208518,453,97,316,207853
16S.B_General,0.9-1,4,0.956139,0.440636,155,0,21,1,201,0,0,208518,460,66,340,207853
16S.B_General,0.9-1,4,0.977152,0.370785,830,0,21,0,2801,0,0,1028580,2620,530,1450,1026781
16S.B_General,0.9-1,4,0.977152,0.370785,830,0,19,1,2801,0,0,1028580,2772,751,1436,1026422
16S.B_General,0.9-1,5,0.912233,0.231997,711,0,21,0,1885,0,0,917980,2078,158,1640,915989
16S.B_General,0.9-1,5,0.912233,0.231997,711,0,19,1,1885,0,0,917980,2053,234,1586,915992
16S.B_General,0.9-1,5,0.93095,0.185997,99,0,17,0,52,0,0,85138,123,61,261,84745
16S.B_General,0.9-1,5,0.93095,0.185997,99,0,21,1,52,0,0,85138,80,10,255,84845
16S.B_General,0.9-1,5,0.958723,0.411365,88,0,22,0,64,0,0,122085,94,56,197,121802
16S.B_General,0.9-1,5,0.958723,0.411365,88,0,16,1,64,0,0,122085,109,27,284,121729
16S.B_General,0.9-1,5,0.977152,0.368864,825,0,20,0,2772,0,0,1021152,2468,677,1424,1019355
16S.B_General,0.9-1,5,0.977152,0.368864,825,0,19,1,2772,0,0,1021152,2651,686,1394,1019193
16S.B_General,0.9-1,6,0.909978,0.228602,701,0,20,0,1769,0,0,909189,1987,205,1474,907292
16S.B_General,0.9-1,6,0.909978,0.228602,701,0,19,1,1769,0,0,909189,2023,321,1518,907096
16S.B_General,0.9-1,6,0.929893,0.303831,53,0,18,0,154,0,0,74039,177,58,78,73880
16S.B_General,0.9-1,6,0.929893,0.303831,53,0,17,1,154,0,0,74039,180,66,116,73831
16S.B_General,0.9-1,6,0.952574,0.602372,12,0,19,0,54,0,0,18060,42,8,48,18016
16S.B_General,0.9-1,6,0.952574,0.602372,12,0,19,1,54,0,0,18060,67,0,43,18004
16S.B_General,0.9-1,6,0.983548,0.221168,684,0,21,0,1716,0,0,945068,1773,155,1548,943308
16S.B_General,0.9-1,6,0.983548,0.221168,684,0,18,1,1716,0,0,945068,1823,263,1712,942986
16S.B_General,0.9-1,7,0.909978,0.228651,697,0,20,0,1726,0,0,903798,2072,169,1618,901665
16S.B_General,0.9-1,7,0.909978,0.228651,697,0,22,1,1726,0,0,903798,1852,175,1431,902066
16S.B_General,0.9-1,7,0.938021,0.527357,27,0,21,0,90,0,0,38916,96,0,99,38811
16S.B_General,0.9-1,7,0.938021,0.527357,27,0,20,1,90,0,0,38916,93,52,39,38822
16S.B_General,0.9-1,7,0.95481,0.710035,8,0,22,0,0,0,0,9586,13,0,37,9536
16S.B_General,0.9-1,7,0.95481,0.710035,8,0,16,1,0,0,0,9586,7,0,49,9530
16S.B_General,0.9-1,7,0.983548,0.20826,664,0,22,0,1719,0,0,916307,1849,100,1433,914644
16S.B_General,0.9-1,7,0.983548,0.20826,664,0,19,1,1719,0,0,916307,1819,232,1467,914508
16S.B_General,0.9-1,8,0.909978,0.229055,695,0,19,0,1736,0,0,900790,1958,182,1649,898737
16S.B_General,0.9-1,8,0.909978,0.229055,695,0,20,1,1736,0,0,900790,1911,216,1514,898885
16S.B_General,0.9-1,8,0.937683,0.558427,16,0,14,0,129,0,0,23547,140,23,74,23439
16S.B_General,0.9-1,8,0.937683,0.558427,16,0,17,1,129,0,0,23547,143,0,55,23478
16S.B_General,0.9-1,8,0.963123,0.627489,6,0,19,0,12,0,0,8149,14,34,23,8090
16S.B_General,0.9-1,8,0.963123,0.627489,6,0,18,1,12,0,0,8149,26,5,36,8094
16S.B_General,0.9-1,8,0.990274,0.417145,497,0,19,0,988,0,0,658150,1023,197,1182,656736
16S.B_General,0.9-1,8,0.990274,0.417145,497,0,18,1,988,0,0,658150,1069,254,1235,656580
16S.B_General,0.9-1,9,0.909978,0.229248,694,0,20,0,1741,0,0,899284,1832,152,1481,897560
16S.B_General,0.9-1,9,0.909978,0.229248,694,0,21,1,1741,0,0,899284,1856,171,1539,897459
16S.B_General,0.9-1,9,0.926809,0.359788,15,0,24,0,63,0,0,22702,69,0,39,22657
16S.B_General,0.9-1,9,0.926809,0.359788,15,0,19,1,63,0,0,22702,66,5,62,22632
16S.B_General,0.9-1,9,0.963123,0.632627,4,0,21,0,20,0,0,5016,31,0,59,4946
16S.B_General,0.9-1,9,0.963123,0.632627,4,0,19,1,20,0,0,5016,20,5,50,4961
16S.B_General,0.9-1,9,0.990274,0.414941,495,0,23,0,956,0,0,655401,985,235,813,654324
16S.B_General,0.9-1,9,0.990274,0.414941,495,0,21,1,956,0,0,655401,961,217,988,654191
16S.B_General,0-0.1,0,0.043241,0.010049,361,0,20,0,0,0,0,531802,183,45,921,530653
16S.B_General,0-0.1,0,0.043241,0.010049,361,0,20,1,0,0,0,531802,160,55,930,530657
16S.B_General,0-0.1,0,0.064129,0.012799,562,0,18,0,93,0,0,806347,347,57,1525,804511
16S.B_General,0-0.1,0,0.064129,0.012799,562,0,21,1,93,0,0,806347,324,20,1349,804747
16S.B_General,0-0.1,0,0.095544,0.017847,685,0,20,0,156,0,0,982546,425,94,1594,980589
16S.B_General,0-0.1,0,0.095544,0.017847,685,0,20,1,156,0,0,982546,442,82,1670,980508
16S.B_General,0-0.1,1,0.043241,0.010004,360,0,16,0,0,0,0,530329,202,31,1184,528912
16S.B_General,0-0.1,1,0.043241,0.010004,360,0,22,1,0,0,0,530329,120,74,717,529418
16S.B_General,0-0.1,1,0.063049,0.010983,441,0,20,0,83,0,0,632438,253,56,1026,631186
16S.B_General,0-0.1,1,0.063049,0.010983,441,0,19,1,83,0,0,632438,256,42,1138,631085
16S.B_General,0-0.1,1,0.095544,0.017493,622,0,20,0,119,0,0,892468,353,64,1505,890665
16S.B_General,0-0.1,1,0.095544,0.017493,622,0,21,1,119,0,0,892468,250,170,1202,890965
16S.B_General,0-0.1,2,0.043241,0.009967,359,0,19,0,0,0,0,528856,148,20,910,527778
16S.B_General,0-0.1,2,0.043241,0.009967,359,0,19,1,0,0,0,528856,166,29,918,527743
16S.B_General,0-0.1,2,0.067151,0.011957,373,0,17,0,0,0,0,544133,204,5,993,542931
16S.B_General,0-0.1,2,0.067151,0.011957,373,0,18,1,0,0,0,544133,174,48,1045,542866
16S.B_General,0-0.1,2,0.081792,0.017002,611,0,16,0,16,0,0,898557,325,65,1930,896253
16S.B_General,0-0.1,2,0.081792,0.017002,611,0,17,1,16,0,0,898557,279,61,1639,896594
16S.B_General,0-0.1,3,0.043241,0.00993,358,0,17,0,0,0,0,527383,173,44,1036,526130
16S.B_General,0-0.1,3,0.043241,0.00993,358,0,23,1,0,0,0,527383,145,35,771,526432
16S.B_General,0-0.1,3,0.067151,0.010678,365,0,19,0,0,0,0,537790,183,16,997,536594
16S.B_General,0-0.1,3,0.067151,0.010678,365,0,18,1,0,0,0,537790,202,0,1054,536534
16S.B_General,0-0.1,3,0.081792,0.016995,609,0,19,0,16,0,0,895600,289,46,1595,893686
16S.B_General,0-0.1,3,0.081792,0.016995,609,0,20,1,16,0,0,895600,253,10,1601,893752
16S.B_General,0-0.1,4,0.043241,0.009902,357,0,22,0,0,0,0,525910,163,18,768,524961
16S.B_General,0-0.1,4,0.043241,0.009902,357,0,19,1,0,0,0,525910,189,8,918,524795
16S.B_General,0-0.1,4,0.067151,0.01047,363,0,19,0,0,0,0,534836,196,0,1027,533613
16S.B_General,0-0.1,4,0.067151,0.01047,363,0,22,1,0,0,0,534836,142,40,806,533848
16S.B_General,0-0.1,4,0.081792,0.016946,606,0,18,0,16,0,0,891283,272,68,1545,889414
16S.B_General,0-0.1,4,0.081792,0.016946,606,0,20,1,16,0,0,891283,223,101,1455,889520
16S.B_General,0-0.1,5,0.043241,0.009873,356,0,18,0,0,0,0,524437,151,11,929,523346
16S.B_General,0-0.1,5,0.043241,0.009873,356,0,20,1,0,0,0,524437,191,17,896,523333
16S.B_General,0-0.1,5,0.07369,0.016162,257,0,20,0,0,0,0,378142,102,10,660,377370
16S.B_General,0-0.1,5,0.07369,0.016162,257,0,21,1,0,0,0,378142,107,34,712,377289
16S.B_General,0-0.1,5,0.081792,0.017027,588,0,21,0,16,0,0,864426,244,50,1302,862846
16S.B_General,0-0.1,5,0.081792,0.017027,588,0,18,1,16,0,0,864426,267,63,1589,862523
16S.B_General,0-0.1,6,0.043241,0.009844,355,0,22,0,0,0,0,522964,156,23,854,521931
16S.B_General,0-0.1,6,0.043241,0.009844,355,0,19,1,0,0,0,522964,163,48,942,521811
16S.B_General,0-0.1,6,0.056509,0.012406,246,0,19,0,0,0,0,334643,97,34,594,333918
16S.B_General,0-0.1,6,0.056509,0.012406,246,0,20,1,0,0,0,334643,108,12,684,333839
16S.B_General,0-0.1,6,0.081792,0.017031,587,0,21,0,16,0,0,862954,212,57,1278,861423
16S.B_General,0-0.1,6,0.081792,0.017031,587,0,19,1,16,0,0,862954,259,41,1437,861233
16S.B_General,0-0.1,7,0.043241,0.009521,348,0,21,0,0,0,0,512833,151,53,792,511837
16S.B_General,0-0.1,7,0.043241,0.009521,348,0,20,1,0,0,0,512833,141,13,920,511759
16S.B_General,0-0.1,7,0.063049,0.01132,215,0,21,0,43,0,0,308416,134,12,511,307802
16S.B_General,0-0.1,7,0.063049,0.01132,215,0,22,1,43,0,0,308416,120,39,440,307860
16S.B_General,0-0.1,7,0.081792,0.017055,585,0,16,0,16,0,0,859994,290,64,1837,857819
16S.B_General,0-0.1,7,0.081792,0.017055,585,0,18,1,16,0,0,859994,264,77,1552,858117
16S.B_General,0-0.1,8,0.043241,0.009508,347,0,20,0,0,0,0,511360,152,12,864,510332
16S.B_General,0-0.1,8,0.043241,0.009508,347,0,20,1,0,0,0,511360,157,18,829,510356
16S.B_General,0-0.1,8,0.056509,0.012624,209,0,22,0,0,0,0,284286,82,33,476,283695
16S.B_General,0-0.1,8,0.056509,0.012624,209,0,16,1,0,0,0,284286,100,24,632,283530
16S.B_General,0-0.1,8,0.081792,0.017074,583,0,20,0,16,0,0,857039,227,98,1387,855343
16S.B_General,0-0.1,8,0.081792,0.017074,583,0,20,1,16,0,0,857039,265,30,1411,855349
16S.B_General,0-0.1,9,0.043241,0.009494,346,0,20,0,0,0,0,509887,131,69,774,508913
16S.B_General,0-0.1,9,0.043241,0.009494,346,0,21,1,0,0,0,509887,151,9,727,509000
16S.B_General,0-0.1,9,0.056509,0.012648,208,0,22,0,0,0,0,283038,75,7,472,282484
16S.B_General,0-0.1,9,0.056509,0.012648,208,0,20,1,0,0,0,283038,84,25,548,282381
16S.B_General,0-0.1,9,0.081792,0.017093,581,0,20,0,16,0,0,854087,234,101,1383,852385
16S.B_General,0-0.1,9,0.081792,0.017093,581,0,22,1,16,0,0,854087,267,1,1313,852522
