small-10-aa_General,0.1-0.2,0,0.105121,0.034464,36,0,18,0,1,0,0,7248,29,7,94,7119
small-10-aa_General,0.1-0.2,0,0.105121,0.034464,36,0,20,1,1,0,0,7248,14,0,60,7175
small-10-aa_General,0.1-0.2,0,0.133956,0.018509,25,0,21,0,1,0,0,5040,11,0,36,4994
small-10-aa_General,0.1-0.2,0,0.133956,0.018509,25,0,17,1,1,0,0,5040,12,2,52,4975
small-10-aa_General,0.1-0.2,0,0.163683,0.018368,72,0,17,0,1,0,0,14495,72,4,190,14230
small-10-aa_General,0.1-0.2,0,0.163683,0.018368,72,0,19,1,1,0,0,14495,53,4,138,14301
small-10-aa_General,0.1-0.2,0,0.186931,0.031324,108,0,22,0,2,0,0,21743,60,3,200,21482
small-10-aa_General,0.1-0.2,0,0.186931,0.031324,108,0,22,1,2,0,0,21743,67,9,182,21487
small-10-aa_General,0.1-0.2,1,0.105121,0.040814,27,0,15,0,1,0,0,5430,13,0,51,5367
small-10-aa_General,0.1-0.2,1,0.105121,0.040814,27,0,23,1,1,0,0,5430,15,2,44,5370
small-10-aa_General,0.1-0.2,1,0.133956,0.019219,24,0,19,0,1,0,0,4838,22,2,43,4772
small-10-aa_General,0.1-0.2,1,0.133956,0.019219,24,0,19,1,1,0,0,4838,10,4,66,4759
small-10-aa_General,0.1-0.2,1,0.163683,0.01845,71,0,18,0,1,0,0,14293,39,3,129,14123
small-10-aa_General,0.1-0.2,1,0.163683,0.01845,71,0,22,1,1,0,0,14293,52,3,169,14070
small-10-aa_General,0.1-0.2,1,0.184625,0.066991,56,0,21,0,5,0,0,11307,45,5,93,11169
small-10-aa_General,0.1-0.2,1,0.184625,0.066991,56,0,18,1,5,0,0,11307,47,3,107,11155
small-10-aa_General,0.1-0.2,2,0.105121,0.041622,26,0,20,0,1,0,0,5228,31,1,39,5158
small-10-aa_General,0.1-0.2,2,0.105121,0.041622,26,0,19,1,1,0,0,5228,13,8,43,5165
small-10-aa_General,0.1-0.2,2,0.133956,0.019984,23,0,19,0,1,0,0,4636,14,4,60,4559
small-10-aa_General,0.1-0.2,2,0.133956,0.019984,23,0,17,1,1,0,0,4636,14,3,53,4567
small-10-aa_General,0.1-0.2,2,0.163683,0.01745,68,0,20,0,1,0,0,13687,50,6,137,13495
small-10-aa_General,0.1-0.2,2,0.163683,0.01745,68,0,15,1,1,0,0,13687,53,11,198,13426
small-10-aa_General,0.1-0.2,2,0.184625,0.066162,54,0,19,0,5,0,0,10903,50,4,93,10761
small-10-aa_General,0.1-0.2,2,0.184625,0.066162,54,0,16,1,5,0,0,10903,62,3,127,10716
small-10-aa_General,0.1-0.2,3,0.105121,0.041972,25,0,19,0,1,0,0,5026,19,2,48,4958
small-10-aa_General,0.1-0.2,3,0.105121,0.041972,25,0,20,1,1,0,0,5026,27,0,49,4951
small-10-aa_General,0.1-0.2,3,0.133956,0.020811,22,0,20,0,1,0,0,4434,16,2,54,4363
small-10-aa_General,0.1-0.2,3,0.133956,0.020811,22,0,19,1,1,0,0,4434,8,1,49,4377
small-10-aa_General,0.1-0.2,3,0.163683,0.017521,67,0,17,0,1,0,0,13485,40,4,150,13292
small-10-aa_General,0.1-0.2,3,0.163683,0.017521,67,0,18,1,1,0,0,13485,51,7,116,13312
small-10-aa_General,0.1-0.2,3,0.184625,0.06286,47,0,21,0,5,0,0,9489,31,6,90,9367
small-10-aa_General,0.1-0.2,3,0.184625,0.06286,47,0,21,1,5,0,0,9489,38,5,78,9373
small-10-aa_General,0.1-0.2,4,0.117359,0.017416,23,0,18,0,0,0,0,4646,12,0,49,4585
small-10-aa_General,0.1-0.2,4,0.117359,0.017416,23,0,20,1,0,0,0,4646,17,2,32,4595
small-10-aa_General,0.1-0.2,4,0.133956,0.021709,21,0,21,0,1,0,0,4232,26,1,53,4153
small-10-aa_General,0.1-0.2,4,0.133956,0.021709,21,0,21,1,1,0,0,4232,15,4,56,4158
small-10-aa_General,0.1-0.2,4,0.163683,0.017765,66,0,20,0,1,0,0,13283,48,5,151,13080
small-10-aa_General,0.1-0.2,4,0.163683,0.017765,66,0,19,1,1,0,0,13283,47,8,166,13063
small-10-aa_General,0.1-0.2,4,0.184625,0.062388,46,0,20,0,5,0,0,9287,31,6,109,9146
small-10-aa_General,0.1-0.2,4,0.184625,0.062388,46,0,17,1,5,0,0,9287,45,4,109,9134
small-10-aa_General,0.1-0.2,5,0.114161,0.0482,16,0,17,0,25,0,0,3207,25,0,0,3207
small-10-aa_General,0.1-0.2,5,0.114161,0.0482,16,0,19,1,25,0,0,3207,25,0,0,3207
small-10-aa_General,0.1-0.2,5,0.133956,0.024203,17,0,16,0,1,0,0,3424,16,1,54,3354
small-10-aa_General,0.1-0.2,5,0.133956,0.024203,17,0,20,1,1,0,0,3424,1,0,0,3424
small-10-aa_General,0.1-0.2,5,0.163683,0.018017,65,0,18,0,1,0,0,13081,41,4,166,12871
small-10-aa_General,0.1-0.2,5,0.163683,0.018017,65,0,18,1,1,0,0,13081,38,2,145,12897
small-10-aa_General,0.1-0.2,5,0.184625,0.062876,45,0,22,0,5,0,0,9085,31,3,94,8962
small-10-aa_General,0.1-0.2,5,0.184625,0.062876,45,0,19,1,5,0,0,9085,30,4,78,8978
small-10-aa_General,0.1-0.2,6,0.108143,0.036998,15,0,24,0,0,0,0,2979,0,0,0,2979
small-10-aa_General,0.1-0.2,6,0.108143,0.036998,15,0,20,1,0,0,0,2979,0,0,0,2979
small-10-aa_General,0.1-0.2,6,0.133956,0.025502,16,0,21,0,1,0,0,3222,1,0,0,3222
small-10-aa_General,0.1-0.2,6,0.133956,0.025502,16,0,18,1,1,0,0,3222,1,0,0,3222
small-10-aa_General,0.1-0.2,6,0.163683,0.018276,64,0,22,0,1,0,0,12879,28,4,97,12751
small-10-aa_General,0.1-0.2,6,0.163683,0.018276,64,0,20,1,1,0,0,12879,37,2,144,12697
small-10-aa_General,0.1-0.2,6,0.188866,0.098093,33,0,18,0,0,0,0,6615,13,1,51,6550
small-10-aa_General,0.1-0.2,6,0.188866,0.098093,33,0,19,1,0,0,0,6615,11,2,62,6540
small-10-aa_General,0.1-0.2,7,0.114161,0.050077,15,0,22,0,25,0,0,3005,25,0,0,3005
small-10-aa_General,0.1-0.2,7,0.114161,0.050077,15,0,19,1,25,0,0,3005,25,0,0,3005
small-10-aa_General,0.1-0.2,7,0.133956,0.026942,15,0,17,0,1,0,0,3020,1,0,0,3020
small-10-aa_General,0.1-0.2,7,0.133956,0.026942,15,0,18,1,1,0,0,3020,1,0,0,3020
small-10-aa_General,0.1-0.2,7,0.167252,0.091532,12,0,17,0,0,0,0,2412,0,0,0,2412
small-10-aa_General,0.1-0.2,7,0.167252,0.091532,12,0,19,1,0,0,0,2412,0,0,0,2412
small-10-aa_General,0.1-0.2,7,0.188866,0.096683,32,0,24,0,0,0,0,6413,16,0,45,6352
small-10-aa_General,0.1-0.2,7,0.188866,0.096683,32,0,17,1,0,0,0,6413,12,3,63,6335
small-10-aa_General,0.1-0.2,8,0.122031,0.034782,9,0,19,0,0,0,0,1809,0,0,0,1809
small-10-aa_General,0.1-0.2,8,0.122031,0.034782,9,0,23,1,0,0,0,1809,0,0,0,1809
small-10-aa_General,0.1-0.2,8,0.133956,0.028544,14,0,18,0,1,0,0,2818,1,0,0,2818
small-10-aa_General,0.1-0.2,8,0.133956,0.028544,14,0,20,1,1,0,0,2818,1,0,0,2818
small-10-aa_General,0.1-0.2,8,0.173433,0.088842,5,0,21,0,0,0,0,1010,0,0,0,1010
small-10-aa_General,0.1-0.2,8,0.173433,0.088842,5,0,22,1,0,0,0,1010,0,0,0,1010
small-10-aa_General,0.1-0.2,8,0.188866,0.092411,30,0,23,0,0,0,0,6009,11,2,43,5953
small-10-aa_General,0.1-0.2,8,0.188866,0.092411,30,0,23,1,0,0,0,6009,17,1,50,5941
small-10-aa_General,0.1-0.2,9,0.106983,0.051378,7,0,19,0,0,0,0,1414,0,0,0,1414
small-10-aa_General,0.1-0.2,9,0.106983,0.051378,7,0,22,1,0,0,0,1414,0,0,0,1414
small-10-aa_General,0.1-0.2,9,0.133956,0.030336,13,0,20,0,1,0,0,2616,1,0,0,2616
small-10-aa_General,0.1-0.2,9,0.133956,0.030336,13,0,20,1,1,0,0,2616,1,0,0,2616
small-10-aa_General,0.1-0.2,9,0.160989,0.084342,4,0,19,0,0,0,0,808,0,0,0,808
small-10-aa_General,0.1-0.2,9,0.160989,0.084342,4,0,16,1,0,0,0,808,0,0,0,808
small-10-aa_General,0.1-0.2,9,0.188866,0.091111,29,0,16,0,0,0,0,5807,14,5,49,5739
small-10-aa_General,0.1-0.2,9,0.188866,0.091111,29,0,15,1,0,0,0,5807,13,5,45,5744
small-10-aa_General,0.2-0.3,0,0.221479,0.07092,60,0,19,0,5,0,0,12115,39,6,120,11955
small-10-aa_General,0.2-0.3,0,0.221479,0.07092,60,0,24,1,5,0,0,12115,30,2,114,11974
small-10-aa_General,0.2-0.3,0,0.24474,0.065374,14,0,20,0,0,0,0,2828,0,0,0,2828
small-10-aa_General,0.2-0.3,0,0.24474,0.065374,14,0,22,1,0,0,0,2828,0,0,0,2828
small-10-aa_General,0.2-0.3,0,0.26683,0.039461,126,0,19,0,2,0,0,25379,84,4,270,25023
small-10-aa_General,0.2-0.3,0,0.26683,0.039461,126,0,20,1,2,0,0,25379,84,11,295,24991
small-10-aa_General,0.2-0.3,0,0.281488,0.04182,94,0,22,0,0,0,0,18903,50,11,178,18664
small-10-aa_General,0.2-0.3,0,0.281488,0.04182,94,0,21,1,0,0,0,18903,50,5,199,18649
small-10-aa_General,0.2-0.3,1,0.21635,0.041251,55,0,21,0,0,0,0,11110,26,1,87,10996
small-10-aa_General,0.2-0.3,1,0.21635,0.041251,55,0,19,1,0,0,0,11110,25,2,95,10988
small-10-aa_General,0.2-0.3,1,0.240452,0.057854,9,0,23,0,0,0,0,1818,0,0,0,1818
small-10-aa_General,0.2-0.3,1,0.240452,0.057854,9,0,18,1,0,0,0,1818,0,0,0,1818
small-10-aa_General,0.2-0.3,1,0.26683,0.039491,125,0,23,0,2,0,0,25177,78,4,197,24900
small-10-aa_General,0.2-0.3,1,0.26683,0.039491,125,0,19,1,2,0,0,25177,66,18,229,24866
small-10-aa_General,0.2-0.3,1,0.293634,0.078241,29,0,19,0,52,0,0,5792,65,1,44,5734
small-10-aa_General,0.2-0.3,1,0.293634,0.078241,29,0,21,1,52,0,0,5792,68,3,53,5720
small-10-aa_General,0.2-0.3,2,0.21635,0.041079,54,0,21,0,0,0,0,10908,26,4,80,10798
small-10-aa_General,0.2-0.3,2,0.21635,0.041079,54,0,22,1,0,0,0,10908,28,0,102,10778
small-10-aa_General,0.2-0.3,2,0.240452,0.086139,6,0,18,0,0,0,0,1212,0,0,0,1212
small-10-aa_General,0.2-0.3,2,0.240452,0.086139,6,0,20,1,0,0,0,1212,0,0,0,1212
small-10-aa_General,0.2-0.3,2,0.26536,0.035849,114,0,20,0,2,0,0,22955,49,7,182,22719
small-10-aa_General,0.2-0.3,2,0.26536,0.035849,114,0,19,1,2,0,0,22955,103,10,291,22553
small-10-aa_General,0.2-0.3,2,0.290034,0.040214,15,0,18,0,40,0,0,2838,40,0,0,2838
small-10-aa_General,0.2-0.3,2,0.290034,0.040214,15,0,20,1,40,0,0,2838,40,0,0,2838
small-10-aa_General,0.2-0.3,3,0.21635,0.050123,33,0,19,0,0,0,0,6666,14,2,56,6594
small-10-aa_General,0.2-0.3,3,0.21635,0.050123,33,0,19,1,0,0,0,6666,3,0,23,6640
small-10-aa_General,0.2-0.3,3,0.234829,0.118381,6,0,18,0,0,0,0,1191,0,0,0,1191
small-10-aa_General,0.2-0.3,3,0.234829,0.118381,6,0,17,1,0,0,0,1191,0,0,0,1191
small-10-aa_General,0.2-0.3,3,0.26536,0.036072,113,0,17,0,2,0,0,22753,138,10,313,22294
small-10-aa_General,0.2-0.3,3,0.26536,0.036072,113,0,19,1,2,0,0,22753,78,23,251,22403
small-10-aa_General,0.2-0.3,3,0.278303,0.039759,14,0,20,0,40,0,0,2636,40,0,0,2636
small-10-aa_General,0.2-0.3,3,0.278303,0.039759,14,0,18,1,40,0,0,2636,40,0,0,2636
small-10-aa_General,0.2-0.3,4,0.207271,0.087547,24,0,23,0,14,0,0,4821,26,2,56,4751
small-10-aa_General,0.2-0.3,4,0.207271,0.087547,24,0,19,1,14,0,0,4821,28,4,36,4767
small-10-aa_General,0.2-0.3,4,0.228693,0.138331,5,0,19,0,0,0,0,1001,0,0,0,1001
small-10-aa_General,0.2-0.3,4,0.228693,0.138331,5,0,17,1,0,0,0,1001,0,0,0,1001
small-10-aa_General,0.2-0.3,4,0.26536,0.036298,112,0,22,0,2,0,0,22551,62,8,243,22240
small-10-aa_General,0.2-0.3,4,0.26536,0.036298,112,0,19,1,2,0,0,22551,67,10,210,22266
small-10-aa_General,0.2-0.3,4,0.299545,0.125624,9,0,22,0,0,0,0,1818,0,0,0,1818
small-10-aa_General,0.2-0.3,4,0.299545,0.125624,9,0,20,1,0,0,0,1818,0,0,0,1818
small-10-aa_General,0.2-0.3,5,0.208126,0.06543,24,0,22,0,29,0,0,4819,43,1,65,4739
small-10-aa_General,0.2-0.3,5,0.208126,0.06543,24,0,18,1,29,0,0,4819,35,0,35,4778
small-10-aa_General,0.2-0.3,5,0.237908,0.163336,3,0,17,0,0,0,0,606,0,0,0,606
small-10-aa_General,0.2-0.3,5,0.237908,0.163336,3,0,21,1,0,0,0,606,0,0,0,606
small-10-aa_General,0.2-0.3,5,0.264255,0.039475,92,0,25,0,0,0,0,18499,43,4,117,18335
small-10-aa_General,0.2-0.3,5,0.264255,0.039475,92,0,20,1,0,0,0,18499,66,3,208,18222
small-10-aa_General,0.2-0.3,5,0.293385,0.116276,6,0,19,0,0,0,0,1212,0,0,0,1212
small-10-aa_General,0.2-0.3,5,0.293385,0.116276,6,0,17,1,0,0,0,1212,0,0,0,1212
small-10-aa_General,0.2-0.3,6,0.207271,0.089885,22,0,22,0,14,0,0,4417,21,1,49,4360
small-10-aa_General,0.2-0.3,6,0.207271,0.089885,22,0,19,1,14,0,0,4417,29,2,51,4349
small-10-aa_General,0.2-0.3,6,0.233433,0.233433,2,0,20,0,0,0,0,376,0,0,0,376
small-10-aa_General,0.2-0.3,6,0.233433,0.233433,2,0,21,1,0,0,0,376,0,0,0,376
small-10-aa_General,0.2-0.3,6,0.264255,0.036614,89,0,16,0,0,0,0,17893,73,8,195,17617
small-10-aa_General,0.2-0.3,6,0.264255,0.036614,89,0,20,1,0,0,0,17893,58,7,205,17623
small-10-aa_General,0.2-0.3,6,0.277861,0.126151,5,0,20,0,12,0,0,998,12,0,0,998
small-10-aa_General,0.2-0.3,6,0.277861,0.126151,5,0,19,1,12,0,0,998,12,0,0,998
small-10-aa_General,0.2-0.3,7,0.207271,0.091008,21,0,19,0,14,0,0,4215,29,1,37,4162
small-10-aa_General,0.2-0.3,7,0.207271,0.091008,21,0,18,1,14,0,0,4215,31,0,35,4163
small-10-aa_General,0.2-0.3,7,0.237908,0.237908,2,0,23,0,0,0,0,404,0,0,0,404
small-10-aa_General,0.2-0.3,7,0.237908,0.237908,2,0,19,1,0,0,0,404,0,0,0,404
small-10-aa_General,0.2-0.3,7,0.264255,0.036724,88,0,16,0,0,0,0,17691,79,7,243,17362
small-10-aa_General,0.2-0.3,7,0.264255,0.036724,88,0,21,1,0,0,0,17691,59,8,193,17431
small-10-aa_General,0.2-0.3,7,0.27924,0.130587,5,0,18,0,0,0,0,1010,0,0,0,1010
small-10-aa_General,0.2-0.3,7,0.27924,0.130587,5,0,17,1,0,0,0,1010,0,0,0,1010
small-10-aa_General,0.2-0.3,8,0.21635,0.091906,14,0,21,0,0,0,0,2828,0,0,0,2828
small-10-aa_General,0.2-0.3,8,0.21635,0.091906,14,0,20,1,0,0,0,2828,0,0,0,2828
small-10-aa_General,0.2-0.3,8,0.264255,0.036963,87,0,20,0,0,0,0,17489,40,2,151,17296
small-10-aa_General,0.2-0.3,8,0.264255,0.036963,87,0,23,1,0,0,0,17489,41,4,159,17285
small-10-aa_General,0.2-0.3,8,0.278979,0.183783,5,0,18,0,0,0,0,912,0,0,0,912
small-10-aa_General,0.2-0.3,8,0.278979,0.183783,5,0,20,1,0,0,0,912,0,0,0,912
small-10-aa_General,0.2-0.3,9,0.212742,0.116426,6,0,16,0,0,0,0,1206,0,0,0,1206
small-10-aa_General,0.2-0.3,9,0.212742,0.116426,6,0,18,1,0,0,0,1206,0,0,0,1206
small-10-aa_General,0.2-0.3,9,0.264255,0.037202,86,0,20,0,0,0,0,17287,49,5,181,17052
small-10-aa_General,0.2-0.3,9,0.264255,0.037202,86,0,20,1,0,0,0,17287,44,6,189,17048
small-10-aa_General,0.2-0.3,9,0.275173,0.198822,4,0,21,0,0,0,0,808,0,0,0,808
small-10-aa_General,0.2-0.3,9,0.275173,0.198822,4,0,19,1,0,0,0,808,0,0,0,808
small-10-aa_General,0.3-0.4,0,0.30862,0.185842,5,0,22,0,0,0,0,1010,0,0,0,1010
small-10-aa_General,0.3-0.4,0,0.30862,0.185842,5,0,18,1,0,0,0,1010,0,0,0,1010
small-10-aa_General,0.3-0.4,0,0.331568,0.129944,6,0,19,0,12,0,0,1200,12,0,0,1200
small-10-aa_General,0.3-0.4,0,0.331568,0.129944,6,0,18,1,12,0,0,1200,12,0,0,1200
small-10-aa_General,0.3-0.4,0,0.360505,0.049125,16,0,21,0,40,0,0,3040,40,0,0,3040
small-10-aa_General,0.3-0.4,0,0.360505,0.049125,16,0,21,1,40,0,0,3040,40,0,0,3040
small-10-aa_General,0.3-0.4,0,0.381935,0.089325,300,0,17,0,7,0,0,60423,196,94,777,59363
small-10-aa_General,0.3-0.4,0,0.381935,0.089325,300,0,16,1,7,0,0,60423,212,40,863,59315
small-10-aa_General,0.3-0.4,1,0.3128,0.222584,4,0,21,0,0,0,0,808,0,0,0,808
small-10-aa_General,0.3-0.4,1,0.3128,0.222584,4,0,16,1,0,0,0,808,0,0,0,808
small-10-aa_General,0.3-0.4,1,0.337129,0.244888,5,0,22,0,0,0,0,1010,0,0,0,1010
small-10-aa_General,0.3-0.4,1,0.337129,0.244888,5,0,15,1,0,0,0,1010,0,0,0,1010
small-10-aa_General,0.3-0.4,1,0.381935,0.088525,295,0,19,0,7,0,0,59413,211,43,687,58479
small-10-aa_General,0.3-0.4,1,0.381935,0.088525,295,0,19,1,7,0,0,59413,184,18,657,58561
small-10-aa_General,0.3-0.4,2,0.308846,0.308846,2,0,17,0,0,0,0,394,0,0,0,394
small-10-aa_General,0.3-0.4,2,0.308846,0.308846,2,0,22,1,0,0,0,394,0,0,0,394
small-10-aa_General,0.3-0.4,2,0.332385,0.241739,5,0,20,0,0,0,0,1005,0,0,0,1005
small-10-aa_General,0.3-0.4,2,0.332385,0.241739,5,0,16,1,0,0,0,1005,0,0,0,1005
small-10-aa_General,0.3-0.4,2,0.381935,0.074474,235,0,21,0,2,0,0,47298,149,13,522,46616
small-10-aa_General,0.3-0.4,2,0.381935,0.074474,235,0,18,1,2,0,0,47298,147,30,631,46492
small-10-aa_General,0.3-0.4,3,0.335,0.1675,4,0,21,0,0,0,0,808,0,0,0,808
small-10-aa_General,0.3-0.4,3,0.335,0.1675,4,0,19,1,0,0,0,808,0,0,0,808
small-10-aa_General,0.3-0.4,3,0.381935,0.06028,109,0,21,0,0,0,0,21919,70,10,208,21631
small-10-aa_General,0.3-0.4,3,0.381935,0.06028,109,0,19,1,0,0,0,21919,67,8,232,21612
small-10-aa_General,0.3-0.4,4,0.381935,0.055281,99,0,19,0,0,0,0,19913,63,9,202,19639
small-10-aa_General,0.3-0.4,4,0.381935,0.055281,99,0,21,1,0,0,0,19913,45,10,191,19667
small-10-aa_General,0.3-0.4,5,0.380496,0.114068,20,0,17,0,30,0,0,3633,43,3,35,3582
small-10-aa_General,0.3-0.4,5,0.380496,0.114068,20,0,17,1,30,0,0,3633,42,2,49,3570
small-10-aa_General,0.3-0.4,6,0.386342,0.083511,18,0,21,0,0,0,0,3636,0,0,0,3636
small-10-aa_General,0.3-0.4,6,0.386342,0.083511,18,0,20,1,0,0,0,3636,0,0,0,3636
small-10-aa_General,0.3-0.4,7,0.386342,0.084592,17,0,18,0,0,0,0,3434,0,0,0,3434
small-10-aa_General,0.3-0.4,7,0.386342,0.084592,17,0,22,1,0,0,0,3434,0,0,0,3434
small-10-aa_General,0.3-0.4,8,0.386342,0.081846,16,0,21,0,0,0,0,3232,0,0,0,3232
small-10-aa_General,0.3-0.4,8,0.386342,0.081846,16,0,18,1,0,0,0,3232,0,0,0,3232
small-10-aa_General,0.3-0.4,9,0.386342,0.085558,15,0,19,0,0,0,0,3030,0,0,0,3030
small-10-aa_General,0.3-0.4,9,0.386342,0.085558,15,0,17,1,0,0,0,3030,0,0,0,3030
small-10-aa_General,0.4-0.5,0,0.400619,0.120073,7,0,21,0,0,0,0,1191,0,0,0,1191
small-10-aa_General,0.4-0.5,0,0.400619,0.120073,7,0,18,1,0,0,0,1191,0,0,0,1191
small-10-aa_General,0.4-0.5,0,0.447998,0.105871,15,0,23,0,14,0,0,3016,14,0,0,3016
small-10-aa_General,0.4-0.5,0,0.447998,0.105871,15,0,19,1,14,0,0,3016,14,0,0,3016
small-10-aa_General,0.4-0.5,0,0.451842,0.228301,25,0,20,0,0,0,0,5050,9,0,57,4984
small-10-aa_General,0.4-0.5,0,0.451842,0.228301,25,0,18,1,0,0,0,5050,14,1,35,5000
small-10-aa_General,0.4-0.5,0,0.49559,0.138891,41,0,17,0,0,0,0,8231,32,2,95,8102
small-10-aa_General,0.4-0.5,0,0.49559,0.138891,41,0,20,1,0,0,0,8231,19,5,81,8126
small-10-aa_General,0.4-0.5,1,0.412895,0.412895,2,0,18,0,0,0,0,404,0,0,0,404
small-10-aa_General,0.4-0.5,1,0.412895,0.412895,2,0,19,1,0,0,0,404,0,0,0,404
small-10-aa_General,0.4-0.5,1,0.43888,0.222598,12,0,21,0,0,0,0,2424,0,0,0,2424
small-10-aa_General,0.4-0.5,1,0.43888,0.222598,12,0,19,1,0,0,0,2424,0,0,0,2424
small-10-aa_General,0.4-0.5,1,0.451842,0.226502,23,0,18,0,0,0,0,4646,29,2,41,4574
small-10-aa_General,0.4-0.5,1,0.451842,0.226502,23,0,18,1,0,0,0,4646,11,4,50,4581
small-10-aa_General,0.4-0.5,1,0.496583,0.331056,3,0,17,0,81,0,0,522,81,0,0,522
small-10-aa_General,0.4-0.5,1,0.496583,0.331056,3,0,18,1,81,0,0,522,81,0,0,522
small-10-aa_General,0.4-0.5,2,0.402837,0.402837,2,0,14,0,0,0,0,404,0,0,0,404
small-10-aa_General,0.4-0.5,2,0.402837,0.402837,2,0,23,1,0,0,0,404,0,0,0,404
small-10-aa_General,0.4-0.5,2,0.449306,0.34148,3,0,22,0,0,0,0,592,0,0,0,592
small-10-aa_General,0.4-0.5,2,0.449306,0.34148,3,0,19,1,0,0,0,592,0,0,0,592
small-10-aa_General,0.4-0.5,2,0.455111,0.123032,21,0,21,0,30,0,0,3833,49,1,47,3766
small-10-aa_General,0.4-0.5,2,0.455111,0.123032,21,0,22,1,30,0,0,3833,30,0,0,3833
small-10-aa_General,0.4-0.5,2,0.487865,0.487865,2,0,20,0,0,0,0,404,0,0,0,404
small-10-aa_General,0.4-0.5,2,0.487865,0.487865,2,0,21,1,0,0,0,404,0,0,0,404
small-10-aa_General,0.4-0.5,3,0.435414,0.435414,2,0,21,0,0,0,0,404,0,0,0,404
small-10-aa_General,0.4-0.5,3,0.435414,0.435414,2,0,18,1,0,0,0,404,0,0,0,404
small-10-aa_General,0.4-0.5,3,0.46764,0.172638,7,0,20,0,0,0,0,1116,0,0,0,1116
small-10-aa_General,0.4-0.5,3,0.46764,0.172638,7,0,18,1,0,0,0,1116,0,0,0,1116
small-10-aa_General,0.4-0.5,3,0.49087,0.49087,2,0,20,0,0,0,0,401,0,0,0,401
small-10-aa_General,0.4-0.5,3,0.49087,0.49087,2,0,24,1,0,0,0,401,0,0,0,401
small-10-aa_General,0.5-0.6,0,0.51455,0.146294,23,0,19,0,30,0,0,4235,42,3,37,4183
small-10-aa_General,0.5-0.6,0,0.51455,0.146294,23,0,16,1,30,0,0,4235,42,3,46,4174
small-10-aa_General,0.5-0.6,0,0.547264,0.152685,17,0,20,0,0,0,0,3417,0,0,0,3417
small-10-aa_General,0.5-0.6,0,0.547264,0.152685,17,0,18,1,0,0,0,3417,0,0,0,3417
small-10-aa_General,0.5-0.6,0,0.563197,0.097595,13,0,18,0,82,0,0,2540,82,0,0,2540
small-10-aa_General,0.5-0.6,0,0.563197,0.097595,13,0,18,1,82,0,0,2540,82,0,0,2540
small-10-aa_General,0.5-0.6,0,0.596702,0.112612,341,0,20,0,7,0,0,68654,195,36,786,67644
small-10-aa_General,0.5-0.6,0,0.596702,0.112612,341,0,18,1,7,0,0,68654,195,31,805,67630
small-10-aa_General,0.5-0.6,1,0.502316,0.112579,9,0,19,0,81,0,0,1734,81,0,0,1734
small-10-aa_General,0.5-0.6,1,0.502316,0.112579,9,0,19,1,81,0,0,1734,81,0,0,1734
small-10-aa_General,0.5-0.6,1,0.539127,0.299305,16,0,23,0,0,0,0,3232,0,0,0,3232
small-10-aa_General,0.5-0.6,1,0.539127,0.299305,16,0,20,1,0,0,0,3232,0,0,0,3232
small-10-aa_General,0.5-0.6,1,0.563197,0.098893,12,0,20,0,82,0,0,2338,82,0,0,2338
small-10-aa_General,0.5-0.6,1,0.563197,0.098893,12,0,22,1,82,0,0,2338,82,0,0,2338
small-10-aa_General,0.5-0.6,1,0.581547,0.441407,6,0,21,0,0,0,0,1184,0,0,0,1184
small-10-aa_General,0.5-0.6,1,0.581547,0.441407,6,0,20,1,0,0,0,1184,0,0,0,1184
small-10-aa_General,0.5-0.6,2,0.502316,0.1266,8,0,21,0,81,0,0,1532,81,0,0,1532
small-10-aa_General,0.5-0.6,2,0.502316,0.1266,8,0,23,1,81,0,0,1532,81,0,0,1532
small-10-aa_General,0.5-0.6,2,0.533451,0.286732,10,0,18,0,0,0,0,1999,0,0,0,1999
small-10-aa_General,0.5-0.6,2,0.533451,0.286732,10,0,20,1,0,0,0,1999,0,0,0,1999
small-10-aa_General,0.5-0.6,2,0.562501,0.24201,7,0,19,0,13,0,0,1394,13,0,0,1394
small-10-aa_General,0.5-0.6,2,0.562501,0.24201,7,0,20,1,13,0,0,1394,13,0,0,1394
small-10-aa_General,0.5-0.6,3,0.502316,0.144608,7,0,19,0,81,0,0,1330,81,0,0,1330
small-10-aa_General,0.5-0.6,3,0.502316,0.144608,7,0,22,1,81,0,0,1330,81,0,0,1330
small-10-aa_General,0.5-0.6,3,0.525785,0.175263,6,0,18,0,21,0,0,689,21,0,0,689
small-10-aa_General,0.5-0.6,3,0.525785,0.175263,6,0,22,1,21,0,0,689,21,0,0,689
small-10-aa_General,0.5-0.6,3,0.566937,0.431066,4,0,18,0,0,0,0,808,0,0,0,808
small-10-aa_General,0.5-0.6,3,0.566937,0.431066,4,0,21,1,0,0,0,808,0,0,0,808
small-10-aa_General,0.5-0.6,4,0.502316,0.168582,6,0,23,0,81,0,0,1128,81,0,0,1128
small-10-aa_General,0.5-0.6,4,0.502316,0.168582,6,0,22,1,81,0,0,1128,81,0,0,1128
small-10-aa_General,0.5-0.6,4,0.539899,0.23327,5,0,15,0,1,0,0,1009,1,0,0,1009
small-10-aa_General,0.5-0.6,4,0.539899,0.23327,5,0,20,1,1,0,0,1009,1,0,0,1009
small-10-aa_General,0.5-0.6,4,0.564477,0.564477,2,0,18,0,0,0,0,402,0,0,0,402
small-10-aa_General,0.5-0.6,4,0.564477,0.564477,2,0,17,1,0,0,0,402,0,0,0,402
small-10-aa_General,0.5-0.6,5,0.502316,0.202069,5,0,18,0,81,0,0,926,81,0,0,926
small-10-aa_General,0.5-0.6,5,0.502316,0.202069,5,0,16,1,81,0,0,926,81,0,0,926
small-10-aa_General,0.5-0.6,5,0.539899,0.359933,3,0,18,0,1,0,0,605,1,0,0,605
small-10-aa_General,0.5-0.6,5,0.539899,0.359933,3,0,23,1,1,0,0,605,1,0,0,605
small-10-aa_General,0.5-0.6,6,0.518165,0.345444,3,0,16,0,31,0,0,569,31,0,0,569
small-10-aa_General,0.5-0.6,6,0.518165,0.345444,3,0,19,1,31,0,0,569,31,0,0,569
small-10-aa_General,0.5-0.6,6,0.539097,0.539097,2,0,21,0,0,0,0,402,0,0,0,402
small-10-aa_General,0.5-0.6,6,0.539097,0.539097,2,0,20,1,0,0,0,402,0,0,0,402
small-10-aa_General,0.5-0.6,7,0.537766,0.537766,2,0,21,0,0,0,0,396,0,0,0,396
small-10-aa_General,0.5-0.6,7,0.537766,0.537766,2,0,17,1,0,0,0,396,0,0,0,396
small-10-aa_General,0.6-0.7,0,0.60791,0.078398,52,0,19,0,84,0,0,10393,109,4,96,10268
small-10-aa_General,0.6-0.7,0,0.60791,0.078398,52,0,21,1,84,0,0,10393,102,3,74,10298
small-10-aa_General,0.6-0.7,0,0.638689,0.117046,360,0,19,0,7,0,0,72492,180,48,899,71372
small-10-aa_General,0.6-0.7,0,0.638689,0.117046,360,0,18,1,7,0,0,72492,209,41,1046,71203
small-10-aa_General,0.6-0.7,0,0.666449,0.456677,7,0,20,0,0,0,0,1414,0,0,0,1414
small-10-aa_General,0.6-0.7,0,0.666449,0.456677,7,0,19,1,0,0,0,1414,0,0,0,1414
small-10-aa_General,0.6-0.7,0,0.689284,0.102147,81,0,19,0,133,0,0,16188,188,7,197,15929
small-10-aa_General,0.6-0.7,0,0.689284,0.102147,81,0,20,1,133,0,0,16188,183,6,195,15937
small-10-aa_General,0.6-0.7,1,0.60791,0.078887,51,0,17,0,84,0,0,10191,119,5,147,10004
small-10-aa_General,0.6-0.7,1,0.60791,0.078887,51,0,16,1,84,0,0,10191,132,4,130,10009
small-10-aa_General,0.6-0.7,1,0.638689,0.117147,359,0,22,0,7,0,0,72290,192,27,728,71350
small-10-aa_General,0.6-0.7,1,0.638689,0.117147,359,0,24,1,7,0,0,72290,185,34,708,71370
small-10-aa_General,0.6-0.7,1,0.650596,0.260239,5,0,20,0,70,0,0,877,70,0,0,877
small-10-aa_General,0.6-0.7,1,0.650596,0.260239,5,0,20,1,70,0,0,877,70,0,0,877
small-10-aa_General,0.6-0.7,1,0.692692,0.303496,33,0,19,0,0,0,0,6638,15,2,50,6571
small-10-aa_General,0.6-0.7,1,0.692692,0.303496,33,0,24,1,0,0,0,6638,12,4,51,6571
small-10-aa_General,0.6-0.7,2,0.60791,0.076652,49,0,17,0,84,0,0,9788,81,4,101,9686
small-10-aa_General,0.6-0.7,2,0.60791,0.076652,49,0,19,1,84,0,0,9788,118,3,108,9643
small-10-aa_General,0.6-0.7,2,0.641758,0.396083,5,0,19,0,0,0,0,1010,0,0,0,1010
small-10-aa_General,0.6-0.7,2,0.641758,0.396083,5,0,22,1,0,0,0,1010,0,0,0,1010
small-10-aa_General,0.6-0.7,2,0.692692,0.306927,31,0,20,0,0,0,0,6234,7,2,67,6158
small-10-aa_General,0.6-0.7,2,0.692692,0.306927,31,0,22,1,0,0,0,6234,5,4,28,6197
small-10-aa_General,0.6-0.7,3,0.60791,0.077784,48,0,21,0,84,0,0,9586,113,3,99,9455
small-10-aa_General,0.6-0.7,3,0.60791,0.077784,48,0,22,1,84,0,0,9586,108,1,98,9463
small-10-aa_General,0.6-0.7,3,0.647938,0.431959,3,0,22,0,51,0,0,555,51,0,0,555
small-10-aa_General,0.6-0.7,3,0.647938,0.431959,3,0,20,1,51,0,0,555,51,0,0,555
small-10-aa_General,0.6-0.7,3,0.687137,0.127561,30,0,20,0,18,0,0,6029,24,2,50,5971
small-10-aa_General,0.6-0.7,3,0.687137,0.127561,30,0,23,1,18,0,0,6029,31,0,51,5965
small-10-aa_General,0.6-0.7,4,0.60791,0.081206,44,0,23,0,84,0,0,8778,97,2,61,8702
small-10-aa_General,0.6-0.7,4,0.60791,0.081206,44,0,17,1,84,0,0,8778,98,4,70,8690
small-10-aa_General,0.6-0.7,4,0.634,0.634,2,0,17,0,0,0,0,382,0,0,0,382
small-10-aa_General,0.6-0.7,4,0.634,0.634,2,0,19,1,0,0,0,382,0,0,0,382
small-10-aa_General,0.6-0.7,4,0.687137,0.126507,29,0,16,0,15,0,0,5830,28,2,51,5764
small-10-aa_General,0.6-0.7,4,0.687137,0.126507,29,0,20,1,15,0,0,5830,43,3,46,5753
small-10-aa_General,0.6-0.7,5,0.60791,0.081969,43,0,17,0,84,0,0,8576,105,7,88,8460
small-10-aa_General,0.6-0.7,5,0.60791,0.081969,43,0,18,1,84,0,0,8576,131,1,86,8442
small-10-aa_General,0.6-0.7,5,0.686894,0.271062,19,0,18,0,0,0,0,3838,12,2,40,3784
small-10-aa_General,0.6-0.7,5,0.686894,0.271062,19,0,18,1,0,0,0,3838,17,2,42,3777
small-10-aa_General,0.6-0.7,6,0.60791,0.08191,42,0,19,0,84,0,0,8375,115,0,101,8243
small-10-aa_General,0.6-0.7,6,0.60791,0.08191,42,0,23,1,84,0,0,8375,109,2,57,8291
small-10-aa_General,0.6-0.7,6,0.695524,0.228969,8,0,18,0,0,0,0,1392,0,0,0,1392
small-10-aa_General,0.6-0.7,6,0.695524,0.228969,8,0,22,1,0,0,0,1392,0,0,0,1392
small-10-aa_General,0.6-0.7,7,0.60791,0.082983,41,0,16,0,84,0,0,8173,96,5,98,8058
small-10-aa_General,0.6-0.7,7,0.60791,0.082983,41,0,19,1,84,0,0,8173,113,2,86,8056
small-10-aa_General,0.6-0.7,8,0.60791,0.084667,40,0,19,0,84,0,0,7971,99,3,81,7872
small-10-aa_General,0.6-0.7,8,0.60791,0.084667,40,0,21,1,84,0,0,7971,99,2,57,7897
small-10-aa_General,0.6-0.7,9,0.60791,0.086122,39,0,18,0,84,0,0,7769,112,2,86,7653
small-10-aa_General,0.6-0.7,9,0.60791,0.086122,39,0,20,1,84,0,0,7769,98,2,44,7709
small-10-aa_General,0.7-0.8,0,0.739633,0.4019,5,0,17,0,77,0,0,870,77,0,0,870
small-10-aa_General,0.7-0.8,0,0.739633,0.4019,5,0,19,1,77,0,0,870,77,0,0,870
small-10-aa_General,0.7-0.8,0,0.785847,0.728526,3,0,18,0,0,0,0,575,0,0,0,575
small-10-aa_General,0.7-0.8,0,0.785847,0.728526,3,0,17,1,0,0,0,575,0,0,0,575
small-10-aa_General,0.7-0.8,1,0.742198,0.742198,2,0,18,0,0,0,0,402,0,0,0,402
small-10-aa_General,0.7-0.8,1,0.742198,0.742198,2,0,18,1,0,0,0,402,0,0,0,402
small-10-aa_General,0.8-0.9,0,0.818075,0.304134,31,0,18,0,41,0,0,5835,51,1,53,5771
small-10-aa_General,0.8-0.9,0,0.818075,0.304134,31,0,20,1,41,0,0,5835,53,2,46,5775
small-10-aa_General,0.8-0.9,0,0.829083,0.150247,393,0,15,0,7,0,0,79130,308,80,1220,77529
small-10-aa_General,0.8-0.9,0,0.829083,0.150247,393,0,25,1,7,0,0,79130,157,69,708,78203
small-10-aa_General,0.8-0.9,0,0.871011,0.353403,34,0,18,0,24,0,0,6458,44,1,51,6386
small-10-aa_General,0.8-0.9,0,0.871011,0.353403,34,0,19,1,24,0,0,6458,52,1,44,6385
small-10-aa_General,0.8-0.9,1,0.818075,0.278319,29,0,21,0,25,0,0,5447,35,2,56,5379
small-10-aa_General,0.8-0.9,1,0.818075,0.278319,29,0,21,1,25,0,0,5447,37,2,44,5389
small-10-aa_General,0.8-0.9,1,0.846056,0.346638,29,0,22,0,90,0,0,5616,80,1,61,5564
small-10-aa_General,0.8-0.9,1,0.846056,0.346638,29,0,20,1,90,0,0,5616,104,1,39,5562
small-10-aa_General,0.8-0.9,2,0.8098,0.257132,24,0,19,0,73,0,0,4623,88,1,35,4572
small-10-aa_General,0.8-0.9,2,0.8098,0.257132,24,0,19,1,73,0,0,4623,103,2,68,4523
small-10-aa_General,0.8-0.9,3,0.8098,0.25259,23,0,19,0,73,0,0,4421,104,2,54,4334
small-10-aa_General,0.8-0.9,3,0.8098,0.25259,23,0,17,1,73,0,0,4421,70,3,53,4368
small-10-aa_General,0.9-1,0,0.924013,0.924013,2,0,20,0,0,0,0,400,0,0,0,400
small-10-aa_General,0.9-1,0,0.924013,0.924013,2,0,17,1,0,0,0,400,0,0,0,400
small-10-aa_General,0.9-1,0,0.949217,0.175891,32,0,20,0,26,0,0,6425,33,1,23,6394
small-10-aa_General,0.9-1,0,0.949217,0.175891,32,0,18,1,26,0,0,6425,39,1,49,6362
small-10-aa_General,0.9-1,1,0.949217,0.153313,31,0,21,0,18,0,0,6231,29,3,42,6175
small-10-aa_General,0.9-1,1,0.949217,0.153313,31,0,17,1,18,0,0,6231,27,1,60,6161
small-10-aa_General,0.9-1,2,0.938124,0.233741,18,0,20,0,64,0,0,3554,64,0,0,3554
small-10-aa_General,0.9-1,2,0.938124,0.233741,18,0,20,1,64,0,0,3554,64,0,0,3554
small-10-aa_General,0-0.1,0,0.011344,0.002919,19,0,22,0,0,0,0,3838,0,0,0,3838
small-10-aa_General,0-0.1,0,0.011344,0.002919,19,0,22,1,0,0,0,3838,0,0,0,3838
small-10-aa_General,0-0.1,0,0.045598,0.010538,21,0,21,0,0,0,0,4242,23,3,66,4150
small-10-aa_General,0-0.1,0,0.045598,0.010538,21,0,20,1,0,0,0,4242,14,3,54,4171
small-10-aa_General,0-0.1,0,0.094922,0.016226,39,0,19,0,0,0,0,7839,27,2,103,7707
small-10-aa_General,0-0.1,0,0.094922,0.016226,39,0,19,1,0,0,0,7839,29,5,90,7715
small-10-aa_General,0-0.1,1,0.011344,0.002706,18,0,18,0,0,0,0,3636,14,4,61,3557
small-10-aa_General,0-0.1,1,0.011344,0.002706,18,0,17,1,0,0,0,3636,12,2,49,3573
small-10-aa_General,0-0.1,1,0.046357,0.009681,21,0,20,0,0,0,0,4242,9,2,49,4182
small-10-aa_General,0-0.1,1,0.046357,0.009681,21,0,21,1,0,0,0,4242,15,0,35,4192
small-10-aa_General,0-0.1,1,0.094922,0.016558,38,0,22,0,0,0,0,7637,12,0,52,7573
small-10-aa_General,0-0.1,1,0.094922,0.016558,38,0,20,1,0,0,0,7637,14,1,34,7588
small-10-aa_General,0-0.1,2,0.011344,0.002419,17,0,18,0,0,0,0,3434,0,0,0,3434
small-10-aa_General,0-0.1,2,0.011344,0.002419,17,0,18,1,0,0,0,3434,0,0,0,3434
small-10-aa_General,0-0.1,2,0.046357,0.008876,19,0,18,0,0,0,0,3838,5,3,57,3773
small-10-aa_General,0-0.1,2,0.046357,0.008876,19,0,18,1,0,0,0,3838,12,2,54,3770
small-10-aa_General,0-0.1,2,0.094922,0.016903,37,0,20,0,0,0,0,7435,15,1,45,7374
small-10-aa_General,0-0.1,2,0.094922,0.016903,37,0,22,1,0,0,0,7435,7,2,27,7399
small-10-aa_General,0-0.1,3,0.011344,0.002033,16,0,21,0,0,0,0,3232,0,0,0,3232
small-10-aa_General,0-0.1,3,0.011344,0.002033,16,0,21,1,0,0,0,3232,0,0,0,3232
small-10-aa_General,0-0.1,3,0.040675,0.007458,15,0,19,0,0,0,0,3030,0,0,0,3030
small-10-aa_General,0-0.1,3,0.040675,0.007458,15,0,21,1,0,0,0,3030,0,0,0,3030
small-10-aa_General,0-0.1,3,0.098381,0.046714,34,0,20,0,1,0,0,6867,17,4,83,6764
small-10-aa_General,0-0.1,3,0.098381,0.046714,34,0,23,1,1,0,0,6867,14,3,49,6802
small-10-aa_General,0-0.1,4,0.011344,0.001514,15,0,22,0,0,0,0,3030,0,0,0,3030
small-10-aa_General,0-0.1,4,0.011344,0.001514,15,0,22,1,0,0,0,3030,0,0,0,3030
small-10-aa_General,0-0.1,4,0.040675,0.007962,14,0,20,0,0,0,0,2828,0,0,0,2828
small-10-aa_General,0-0.1,4,0.040675,0.007962,14,0,21,1,0,0,0,2828,0,0,0,2828
small-10-aa_General,0-0.1,4,0.094922,0.017755,32,0,20,0,0,0,0,6425,11,1,59,6354
small-10-aa_General,0-0.1,4,0.094922,0.017755,32,0,20,1,0,0,0,6425,24,0,47,6354
small-10-aa_General,0-0.1,5,0.011551,0.001651,14,0,21,0,0,0,0,2828,0,0,0,2828
small-10-aa_General,0-0.1,5,0.011551,0.001651,14,0,20,1,0,0,0,2828,0,0,0,2828
small-10-aa_General,0-0.1,5,0.041335,0.015244,14,0,19,0,0,0,0,2814,0,0,0,2814
small-10-aa_General,0-0.1,5,0.041335,0.015244,14,0,19,1,0,0,0,2814,0,0,0,2814
small-10-aa_General,0-0.1,5,0.094922,0.018152,31,0,20,0,0,0,0,6223,7,2,40,6174
small-10-aa_General,0-0.1,5,0.094922,0.018152,31,0,19,1,0,0,0,6223,22,2,42,6157
small-10-aa_General,0-0.1,6,0.005677,0.000812,14,0,21,0,0,0,0,2828,0,0,0,2828
small-10-aa_General,0-0.1,6,0.005677,0.000812,14,0,19,1,0,0,0,2828,0,0,0,2828
small-10-aa_General,0-0.1,6,0.040675,0.00854,13,0,19,0,0,0,0,2626,0,0,0,2626
small-10-aa_General,0-0.1,6,0.040675,0.00854,13,0,18,1,0,0,0,2626,0,0,0,2626
small-10-aa_General,0-0.1,6,0.094922,0.018563,30,0,18,0,0,0,0,6021,23,3,34,5961
small-10-aa_General,0-0.1,6,0.094922,0.018563,30,0,21,1,0,0,0,6021,13,1,50,5957
small-10-aa_General,0-0.1,7,0.011551,0.001778,13,0,17,0,0,0,0,2626,0,0,0,2626
small-10-aa_General,0-0.1,7,0.011551,0.001778,13,0,20,1,0,0,0,2626,0,0,0,2626
small-10-aa_General,0-0.1,7,0.03975,0.018559,12,0,20,0,0,0,0,2401,0,0,0,2401
small-10-aa_General,0-0.1,7,0.03975,0.018559,12,0,25,1,0,0,0,2401,0,0,0,2401
small-10-aa_General,0-0.1,7,0.076561,0.016137,25,0,20,0,0,0,0,5011,15,3,48,4945
small-10-aa_General,0-0.1,7,0.076561,0.016137,25,0,18,1,0,0,0,5011,21,3,35,4952
small-10-aa_General,0-0.1,8,0.005677,0.000874,13,0,20,0,0,0,0,2626,0,0,0,2626
small-10-aa_General,0-0.1,8,0.005677,0.000874,13,0,19,1,0,0,0,2626,0,0,0,2626
small-10-aa_General,0-0.1,8,0.040675,0.009206,12,0,19,0,0,0,0,2424,0,0,0,2424
small-10-aa_General,0-0.1,8,0.040675,0.009206,12,0,18,1,0,0,0,2424,0,0,0,2424
small-10-aa_General,0-0.1,8,0.092558,0.040177,24,0,19,0,1,0,0,4847,25,2,41,4780
small-10-aa_General,0-0.1,8,0.092558,0.040177,24,0,22,1,1,0,0,4847,15,0,36,4797
small-10-aa_General,0-0.1,9,0.011559,0.001928,12,0,20,0,0,0,0,2309,0,0,0,2309
small-10-aa_General,0-0.1,9,0.011559,0.001928,12,0,20,1,0,0,0,2309,0,0,0,2309
small-10-aa_General,0-0.1,9,0.040675,0.009984,11,0,18,0,0,0,0,2222,0,0,0,2222
small-10-aa_General,0-0.1,9,0.040675,0.009984,11,0,17,1,0,0,0,2222,0,0,0,2222
small-10-aa_General,0-0.1,9,0.076561,0.016429,24,0,19,0,0,0,0,4809,14,1,54,4740
small-10-aa_General,0-0.1,9,0.076561,0.016429,24,0,21,1,0,0,0,4809,12,4,40,4753
