16S.B-1-cutoffs,0-0.1,0,0.043241,0.010049,361,0,18,0,0,0,0,531441,200,53,920,529539
16S.B-1-cutoffs,0-0.1,0,0.043241,0.010049,361,0,21,1,0,0,0,531441,171,3,908,529630
16S.B-1-cutoffs,0-0.1,0,0.064129,0.012799,562,0,16,1,0,0,0,805878,332,44,1709,802670
16S.B-1-cutoffs,0-0.1,0,0.064129,0.012799,562,0,21,0,0,0,0,805878,241,44,1333,803137
16S.B-1-cutoffs,0-0.1,0,0.095544,0.017847,685,0,20,0,0,0,0,982017,367,56,1580,978979
16S.B-1-cutoffs,0-0.1,0,0.095544,0.017847,685,0,21,1,0,0,0,982017,375,13,1659,978935
16S.B-1-cutoffs,0-0.1,1,0.043241,0.010004,360,0,17,0,0,0,0,529969,169,40,993,528039
16S.B-1-cutoffs,0-0.1,1,0.043241,0.010004,360,0,17,1,0,0,0,529969,210,10,1166,527855
16S.B-1-cutoffs,0-0.1,1,0.063049,0.010983,441,0,20,0,0,0,0,632080,180,81,1171,629742
16S.B-1-cutoffs,0-0.1,1,0.063049,0.010983,441,0,22,1,0,0,0,632080,171,47,963,629993
16S.B-1-cutoffs,0-0.1,1,0.095544,0.017493,622,0,20,0,0,0,0,891965,327,138,1450,889140
16S.B-1-cutoffs,0-0.1,1,0.095544,0.017493,622,0,20,1,0,0,0,891965,308,87,1508,889152
16S.B-1-cutoffs,0-0.1,2,0.043241,0.009967,359,0,17,1,0,0,0,528497,182,25,1079,526484
16S.B-1-cutoffs,0-0.1,2,0.043241,0.009967,359,0,21,0,0,0,0,528497,159,3,895,526713
16S.B-1-cutoffs,0-0.1,2,0.067151,0.011957,373,0,16,1,0,0,0,543760,205,41,1190,541521
16S.B-1-cutoffs,0-0.1,2,0.067151,0.011957,373,0,17,0,0,0,0,543760,176,14,1016,541751
16S.B-1-cutoffs,0-0.1,2,0.081792,0.017002,611,0,22,1,0,0,0,897962,248,22,1376,895290
16S.B-1-cutoffs,0-0.1,2,0.081792,0.017002,611,0,23,0,0,0,0,897962,242,54,1282,895358
16S.B-1-cutoffs,0-0.1,3,0.043241,0.00993,358,0,19,1,0,0,0,527025,144,37,958,525160
16S.B-1-cutoffs,0-0.1,3,0.043241,0.00993,358,0,21,0,0,0,0,527025,154,30,791,525324
16S.B-1-cutoffs,0-0.1,3,0.067151,0.010678,365,0,20,1,0,0,0,537425,160,2,957,535512
16S.B-1-cutoffs,0-0.1,3,0.067151,0.010678,365,0,23,0,0,0,0,537425,153,0,826,535652
16S.B-1-cutoffs,0-0.1,3,0.081792,0.016995,609,0,21,1,0,0,0,895007,243,74,1368,892302
16S.B-1-cutoffs,0-0.1,3,0.081792,0.016995,609,0,22,0,0,0,0,895007,211,68,1324,892384
16S.B-1-cutoffs,0-0.1,4,0.043241,0.009902,357,0,15,1,0,0,0,525553,169,71,1106,523482
16S.B-1-cutoffs,0-0.1,4,0.043241,0.009902,357,0,16,0,0,0,0,525553,222,61,1159,523386
16S.B-1-cutoffs,0-0.1,4,0.067151,0.01047,363,0,19,0,0,0,0,534473,168,25,974,532520
16S.B-1-cutoffs,0-0.1,4,0.067151,0.01047,363,0,21,1,0,0,0,534473,169,11,853,532654
16S.B-1-cutoffs,0-0.1,4,0.081792,0.016946,606,0,20,0,0,0,0,890693,254,27,1440,887961
16S.B-1-cutoffs,0-0.1,4,0.081792,0.016946,606,0,20,1,0,0,0,890693,225,66,1507,887884
16S.B-1-cutoffs,0-0.1,5,0.043241,0.009873,356,0,19,0,0,0,0,524081,140,51,835,522331
16S.B-1-cutoffs,0-0.1,5,0.043241,0.009873,356,0,20,1,0,0,0,524081,152,36,899,522270
16S.B-1-cutoffs,0-0.1,5,0.07369,0.016162,257,0,17,1,0,0,0,377885,114,26,827,376508
16S.B-1-cutoffs,0-0.1,5,0.07369,0.016162,257,0,20,0,0,0,0,377885,105,18,581,376771
16S.B-1-cutoffs,0-0.1,5,0.081792,0.017027,588,0,19,0,0,0,0,863854,236,65,1471,861122
16S.B-1-cutoffs,0-0.1,5,0.081792,0.017027,588,0,20,1,0,0,0,863854,260,40,1318,861276
16S.B-1-cutoffs,0-0.1,6,0.043241,0.009844,355,0,19,0,0,0,0,522609,195,0,906,520785
16S.B-1-cutoffs,0-0.1,6,0.043241,0.009844,355,0,19,1,0,0,0,522609,151,37,939,520759
16S.B-1-cutoffs,0-0.1,6,0.056509,0.012406,246,0,17,1,0,0,0,334397,160,0,735,332629
16S.B-1-cutoffs,0-0.1,6,0.056509,0.012406,246,0,20,0,0,0,0,334397,106,10,664,332744
16S.B-1-cutoffs,0-0.1,6,0.081792,0.017031,587,0,18,1,0,0,0,862383,258,88,1527,859552
16S.B-1-cutoffs,0-0.1,6,0.081792,0.017031,587,0,20,0,0,0,0,862383,236,94,1427,859668
16S.B-1-cutoffs,0-0.1,7,0.043241,0.009521,348,0,16,0,0,0,0,512485,186,18,1024,510541
16S.B-1-cutoffs,0-0.1,7,0.043241,0.009521,348,0,16,1,0,0,0,512485,177,19,1036,510537
16S.B-1-cutoffs,0-0.1,7,0.063049,0.01132,215,0,19,1,0,0,0,308244,109,11,600,307096
16S.B-1-cutoffs,0-0.1,7,0.063049,0.01132,215,0,20,0,0,0,0,308244,93,5,537,307181
16S.B-1-cutoffs,0-0.1,7,0.081792,0.017055,585,0,19,1,0,0,0,859425,264,75,1488,856642
16S.B-1-cutoffs,0-0.1,7,0.081792,0.017055,585,0,20,0,0,0,0,859425,260,44,1474,856691
16S.B-1-cutoffs,0-0.1,8,0.043241,0.009508,347,0,20,0,0,0,0,511013,172,9,816,509301
16S.B-1-cutoffs,0-0.1,8,0.043241,0.009508,347,0,22,1,0,0,0,511013,122,42,763,509371
16S.B-1-cutoffs,0-0.1,8,0.056509,0.012624,209,0,20,0,0,0,0,284077,85,2,427,282727
16S.B-1-cutoffs,0-0.1,8,0.056509,0.012624,209,0,20,1,0,0,0,284077,101,9,553,282578
16S.B-1-cutoffs,0-0.1,8,0.081792,0.017074,583,0,20,0,0,0,0,856472,246,69,1425,853778
16S.B-1-cutoffs,0-0.1,8,0.081792,0.017074,583,0,20,1,0,0,0,856472,245,60,1439,853774
16S.B-1-cutoffs,0-0.1,9,0.043241,0.009494,346,0,16,0,0,0,0,509541,198,9,1030,507590
16S.B-1-cutoffs,0-0.1,9,0.043241,0.009494,346,0,19,1,0,0,0,509541,155,38,957,507677
16S.B-1-cutoffs,0-0.1,9,0.056509,0.012648,208,0,20,0,0,0,0,282830,73,36,500,281387
16S.B-1-cutoffs,0-0.1,9,0.056509,0.012648,208,0,20,1,0,0,0,282830,113,0,588,281295
16S.B-1-cutoffs,0-0.1,9,0.081792,0.017093,581,0,17,0,0,0,0,853522,309,56,1735,850470
16S.B-1-cutoffs,0-0.1,9,0.081792,0.017093,581,0,21,1,0,0,0,853522,226,96,1351,850897
16S.B-1-cutoffs,0.1-0.2,0,0.122405,0.026451,947,0,19,0,35,0,0,1388353,419,116,2410,1383536
16S.B-1-cutoffs,0.1-0.2,0,0.122405,0.026451,947,0,21,1,35,0,0,1388353,398,197,2181,1383705
16S.B-1-cutoffs,0.1-0.2,0,0.136393,0.039029,456,0,19,0,51,0,0,616280,285,97,1191,613731
16S.B-1-cutoffs,0.1-0.2,0,0.136393,0.039029,456,0,21,1,51,0,0,616280,255,34,1099,613916
16S.B-1-cutoffs,0.1-0.2,0,0.17235,0.022067,742,0,17,0,0,0,0,1063826,465,108,2161,1059647
16S.B-1-cutoffs,0.1-0.2,0,0.17235,0.022067,742,0,21,1,0,0,0,1063826,472,130,1802,1059977
16S.B-1-cutoffs,0.1-0.2,0,0.193081,0.022997,745,0,19,1,15,0,0,1067952,508,94,1810,1064060
16S.B-1-cutoffs,0.1-0.2,0,0.193081,0.022997,745,0,20,0,15,0,0,1067952,453,93,1786,1064140
16S.B-1-cutoffs,0.1-0.2,1,0.111022,0.024908,923,0,19,0,35,0,0,1355822,394,174,2441,1351357
16S.B-1-cutoffs,0.1-0.2,1,0.111022,0.024908,923,0,22,1,35,0,0,1355822,305,97,1932,1352032
16S.B-1-cutoffs,0.1-0.2,1,0.136393,0.038544,450,0,19,1,51,0,0,608453,266,95,1126,606039
16S.B-1-cutoffs,0.1-0.2,1,0.136393,0.038544,450,0,22,0,51,0,0,608453,263,46,1038,606179
16S.B-1-cutoffs,0.1-0.2,1,0.166665,0.042188,480,0,19,1,63,0,0,650569,232,67,1191,648175
16S.B-1-cutoffs,0.1-0.2,1,0.166665,0.042188,480,0,20,0,63,0,0,650569,238,34,1243,648150
16S.B-1-cutoffs,0.1-0.2,1,0.177005,0.031322,536,0,18,1,180,0,0,738072,411,33,1550,735054
16S.B-1-cutoffs,0.1-0.2,1,0.177005,0.031322,536,0,19,0,180,0,0,738072,423,117,1319,735189
16S.B-1-cutoffs,0.1-0.2,2,0.117863,0.021293,739,0,20,1,0,0,0,1059366,552,36,1797,1055760
16S.B-1-cutoffs,0.1-0.2,2,0.117863,0.021293,739,0,23,0,0,0,0,1059366,489,50,1527,1056079
16S.B-1-cutoffs,0.1-0.2,2,0.136393,0.038516,449,0,20,0,51,0,0,606967,261,61,1043,604676
16S.B-1-cutoffs,0.1-0.2,2,0.136393,0.038516,449,0,22,1,51,0,0,606967,284,17,1059,604681
16S.B-1-cutoffs,0.1-0.2,2,0.154284,0.017885,386,0,16,1,22,0,0,562130,190,48,1198,559777
16S.B-1-cutoffs,0.1-0.2,2,0.154284,0.017885,386,0,20,0,22,0,0,562130,168,37,972,560036
16S.B-1-cutoffs,0.1-0.2,2,0.177005,0.031027,534,0,19,1,180,0,0,735190,429,21,1423,732295
16S.B-1-cutoffs,0.1-0.2,2,0.177005,0.031027,534,0,23,0,180,0,0,735190,392,25,1135,732616
16S.B-1-cutoffs,0.1-0.2,3,0.117863,0.021265,738,0,18,0,17,0,0,1057838,544,86,2001,1054055
16S.B-1-cutoffs,0.1-0.2,3,0.117863,0.021265,738,0,18,1,17,0,0,1057838,548,75,1929,1054134
16S.B-1-cutoffs,0.1-0.2,3,0.136393,0.038522,447,0,18,1,63,0,0,604588,331,41,1235,602071
16S.B-1-cutoffs,0.1-0.2,3,0.136393,0.038522,447,0,20,0,63,0,0,604588,295,29,1162,602192
16S.B-1-cutoffs,0.1-0.2,3,0.154284,0.017304,385,0,18,1,0,0,0,560676,159,67,1012,558503
16S.B-1-cutoffs,0.1-0.2,3,0.154284,0.017304,385,0,23,0,0,0,0,560676,121,13,803,558804
16S.B-1-cutoffs,0.1-0.2,3,0.177005,0.030874,532,0,20,1,180,0,0,732236,391,64,1306,729465
16S.B-1-cutoffs,0.1-0.2,3,0.177005,0.030874,532,0,22,0,180,0,0,732236,397,34,1232,729563
16S.B-1-cutoffs,0.1-0.2,4,0.111022,0.019811,704,0,19,1,35,0,0,1033372,329,80,1832,1029934
16S.B-1-cutoffs,0.1-0.2,4,0.111022,0.019811,704,0,20,0,35,0,0,1033372,292,128,1652,1030103
16S.B-1-cutoffs,0.1-0.2,4,0.136393,0.03255,366,0,17,1,49,0,0,523807,185,78,988,521867
16S.B-1-cutoffs,0.1-0.2,4,0.136393,0.03255,366,0,18,0,49,0,0,523807,185,39,988,521906
16S.B-1-cutoffs,0.1-0.2,4,0.154284,0.0168,384,0,19,0,0,0,0,559188,180,51,928,557126
16S.B-1-cutoffs,0.1-0.2,4,0.154284,0.0168,384,0,20,1,0,0,0,559188,194,16,1036,557039
16S.B-1-cutoffs,0.1-0.2,4,0.177005,0.030841,528,0,20,0,180,0,0,726508,382,66,1259,723795
16S.B-1-cutoffs,0.1-0.2,4,0.177005,0.030841,528,0,21,1,180,0,0,726508,361,106,1099,723936
16S.B-1-cutoffs,0.1-0.2,5,0.111022,0.019775,703,0,19,0,35,0,0,1031887,337,60,1793,1028504
16S.B-1-cutoffs,0.1-0.2,5,0.111022,0.019775,703,0,20,1,35,0,0,1031887,350,67,1690,1028587
16S.B-1-cutoffs,0.1-0.2,5,0.136393,0.032577,365,0,19,1,49,0,0,522302,197,9,987,520432
16S.B-1-cutoffs,0.1-0.2,5,0.136393,0.032577,365,0,21,0,49,0,0,522302,169,31,816,520609
16S.B-1-cutoffs,0.1-0.2,5,0.161927,0.035902,220,0,19,1,136,0,0,322192,220,19,603,320952
16S.B-1-cutoffs,0.1-0.2,5,0.161927,0.035902,220,0,22,0,136,0,0,322192,221,33,565,320975
16S.B-1-cutoffs,0.1-0.2,5,0.177005,0.03087,526,0,16,0,180,0,0,723628,423,91,1473,720637
16S.B-1-cutoffs,0.1-0.2,5,0.177005,0.03087,526,0,20,1,180,0,0,723628,416,80,1269,720859
16S.B-1-cutoffs,0.1-0.2,6,0.111022,0.019744,702,0,20,1,35,0,0,1030402,278,122,1598,1027215
16S.B-1-cutoffs,0.1-0.2,6,0.111022,0.019744,702,0,21,0,35,0,0,1030402,309,18,1716,1027170
16S.B-1-cutoffs,0.1-0.2,6,0.136393,0.032623,364,0,20,0,49,0,0,520841,171,102,798,519094
16S.B-1-cutoffs,0.1-0.2,6,0.136393,0.032623,364,0,20,1,49,0,0,520841,205,18,875,519067
16S.B-1-cutoffs,0.1-0.2,6,0.161927,0.035891,219,0,20,1,136,0,0,320656,214,10,499,319536
16S.B-1-cutoffs,0.1-0.2,6,0.161927,0.035891,219,0,23,0,136,0,0,320656,205,28,479,319547
16S.B-1-cutoffs,0.1-0.2,6,0.177005,0.030886,525,0,17,1,180,0,0,722187,404,21,1495,719264
16S.B-1-cutoffs,0.1-0.2,6,0.177005,0.030886,525,0,18,0,180,0,0,722187,434,111,1409,719230
16S.B-1-cutoffs,0.1-0.2,7,0.111022,0.019655,699,0,17,0,35,0,0,1025950,353,137,1961,1022314
16S.B-1-cutoffs,0.1-0.2,7,0.111022,0.019655,699,0,19,1,35,0,0,1025950,320,76,1694,1022675
16S.B-1-cutoffs,0.1-0.2,7,0.136393,0.032651,362,0,19,1,49,0,0,517923,200,90,914,516045
16S.B-1-cutoffs,0.1-0.2,7,0.136393,0.032651,362,0,20,0,49,0,0,517923,194,64,867,516124
16S.B-1-cutoffs,0.1-0.2,7,0.150838,0.020913,196,0,17,1,15,0,0,225947,99,41,520,224905
16S.B-1-cutoffs,0.1-0.2,7,0.150838,0.020913,196,0,19,0,15,0,0,225947,98,16,519,224932
16S.B-1-cutoffs,0.1-0.2,7,0.175306,0.039772,304,0,17,0,13,0,0,297239,123,62,753,295564
16S.B-1-cutoffs,0.1-0.2,7,0.175306,0.039772,304,0,21,1,13,0,0,297239,139,37,737,295589
16S.B-1-cutoffs,0.1-0.2,8,0.111022,0.019631,698,0,20,1,35,0,0,1024463,344,84,1556,1021295
16S.B-1-cutoffs,0.1-0.2,8,0.111022,0.019631,698,0,21,0,35,0,0,1024463,330,20,1497,1021432
16S.B-1-cutoffs,0.1-0.2,8,0.136393,0.032717,361,0,16,0,49,0,0,516462,220,89,1078,514407
16S.B-1-cutoffs,0.1-0.2,8,0.136393,0.032717,361,0,21,1,49,0,0,516462,178,30,801,514785
16S.B-1-cutoffs,0.1-0.2,8,0.150838,0.020524,194,0,16,0,15,0,0,223005,125,28,583,221889
16S.B-1-cutoffs,0.1-0.2,8,0.150838,0.020524,194,0,18,1,15,0,0,223005,104,19,538,221964
16S.B-1-cutoffs,0.1-0.2,8,0.175306,0.039805,301,0,18,0,13,0,0,294105,175,33,816,292361
16S.B-1-cutoffs,0.1-0.2,8,0.175306,0.039805,301,0,19,1,13,0,0,294105,127,42,757,292459
16S.B-1-cutoffs,0.1-0.2,9,0.111022,0.019584,697,0,15,0,35,0,0,1022998,406,143,2121,1019145
16S.B-1-cutoffs,0.1-0.2,9,0.111022,0.019584,697,0,17,1,35,0,0,1022998,395,171,1861,1019388
16S.B-1-cutoffs,0.1-0.2,9,0.139181,0.02185,352,0,15,1,150,0,0,482607,313,72,1147,480402
16S.B-1-cutoffs,0.1-0.2,9,0.139181,0.02185,352,0,20,0,150,0,0,482607,275,56,819,480784
16S.B-1-cutoffs,0.1-0.2,9,0.150838,0.020568,193,0,18,1,15,0,0,222178,116,3,572,221108
16S.B-1-cutoffs,0.1-0.2,9,0.150838,0.020568,193,0,20,0,15,0,0,222178,134,8,511,221146
16S.B-1-cutoffs,0.1-0.2,9,0.175306,0.039962,290,0,19,0,13,0,0,281886,151,31,733,280284
16S.B-1-cutoffs,0.1-0.2,9,0.175306,0.039962,290,0,20,1,13,0,0,281886,131,9,691,280368
16S.B-1-cutoffs,0.2-0.3,0,0.217,0.045965,470,0,18,0,64,0,0,452145,245,46,1322,449437
16S.B-1-cutoffs,0.2-0.3,0,0.217,0.045965,470,0,20,1,64,0,0,452145,224,86,1016,449724
16S.B-1-cutoffs,0.2-0.3,0,0.226008,0.056723,773,0,20,0,97,0,0,1075084,340,117,1887,1071272
16S.B-1-cutoffs,0.2-0.3,0,0.226008,0.056723,773,0,20,1,97,0,0,1075084,328,79,1894,1071315
16S.B-1-cutoffs,0.2-0.3,0,0.265223,0.060131,364,0,18,0,11,0,0,527910,495,33,1021,525692
16S.B-1-cutoffs,0.2-0.3,0,0.265223,0.060131,364,0,18,1,11,0,0,527910,497,85,1002,525657
16S.B-1-cutoffs,0.2-0.3,0,0.297041,0.034964,542,0,18,0,255,0,0,746289,485,122,1388,743313
16S.B-1-cutoffs,0.2-0.3,0,0.297041,0.034964,542,0,21,1,255,0,0,746289,461,151,1155,743541
16S.B-1-cutoffs,0.2-0.3,1,0.217,0.043018,449,0,19,0,64,0,0,426490,253,20,1158,424013
16S.B-1-cutoffs,0.2-0.3,1,0.217,0.043018,449,0,21,1,64,0,0,426490,200,128,847,424269
16S.B-1-cutoffs,0.2-0.3,1,0.226008,0.056674,771,0,22,0,97,0,0,1072120,337,146,1774,1068365
16S.B-1-cutoffs,0.2-0.3,1,0.226008,0.056674,771,0,22,1,97,0,0,1072120,355,109,1682,1068476
16S.B-1-cutoffs,0.2-0.3,1,0.265223,0.059959,363,0,17,0,11,0,0,526450,498,16,1169,524107
16S.B-1-cutoffs,0.2-0.3,1,0.265223,0.059959,363,0,19,1,11,0,0,526450,449,57,1027,524257
16S.B-1-cutoffs,0.2-0.3,1,0.279295,0.098989,254,0,18,1,0,0,0,370155,126,42,684,368615
16S.B-1-cutoffs,0.2-0.3,1,0.279295,0.098989,254,0,21,0,0,0,0,370155,120,46,591,368710
16S.B-1-cutoffs,0.2-0.3,2,0.217,0.042868,448,0,20,0,64,0,0,425606,262,36,1156,423108
16S.B-1-cutoffs,0.2-0.3,2,0.217,0.042868,448,0,21,1,64,0,0,425606,242,30,1129,423161
16S.B-1-cutoffs,0.2-0.3,2,0.226008,0.056694,770,0,19,0,97,0,0,1070660,399,90,1899,1066775
16S.B-1-cutoffs,0.2-0.3,2,0.226008,0.056694,770,0,22,1,97,0,0,1070660,291,169,1546,1067157
16S.B-1-cutoffs,0.2-0.3,2,0.265223,0.059926,362,0,17,1,11,0,0,525058,454,65,1032,522848
16S.B-1-cutoffs,0.2-0.3,2,0.265223,0.059926,362,0,18,0,11,0,0,525058,425,49,996,522929
16S.B-1-cutoffs,0.2-0.3,2,0.291137,0.0994,249,0,20,0,88,0,0,347372,195,28,658,346131
16S.B-1-cutoffs,0.2-0.3,2,0.291137,0.0994,249,0,21,1,88,0,0,347372,156,50,593,346213
16S.B-1-cutoffs,0.2-0.3,3,0.217,0.042913,447,0,18,0,64,0,0,424791,275,23,1215,422235
16S.B-1-cutoffs,0.2-0.3,3,0.217,0.042913,447,0,19,1,64,0,0,424791,183,86,1155,422324
16S.B-1-cutoffs,0.2-0.3,3,0.237352,0.060033,644,0,19,1,50,0,0,629551,337,82,1611,626034
16S.B-1-cutoffs,0.2-0.3,3,0.237352,0.060033,644,0,22,0,50,0,0,629551,338,49,1464,626213
16S.B-1-cutoffs,0.2-0.3,3,0.254192,0.05342,282,0,18,0,256,0,0,389547,361,59,696,387989
16S.B-1-cutoffs,0.2-0.3,3,0.254192,0.05342,282,0,18,1,256,0,0,389547,274,19,766,388046
16S.B-1-cutoffs,0.2-0.3,3,0.291137,0.09876,248,0,19,0,88,0,0,346442,182,58,642,345201
16S.B-1-cutoffs,0.2-0.3,3,0.291137,0.09876,248,0,20,1,88,0,0,346442,185,57,610,345231
16S.B-1-cutoffs,0.2-0.3,4,0.217,0.040394,403,0,20,0,38,0,0,387243,208,54,1008,385017
16S.B-1-cutoffs,0.2-0.3,4,0.217,0.040394,403,0,22,1,38,0,0,387243,167,34,846,385240
16S.B-1-cutoffs,0.2-0.3,4,0.237352,0.059977,643,0,17,1,50,0,0,628705,338,79,1837,624965
16S.B-1-cutoffs,0.2-0.3,4,0.237352,0.059977,643,0,18,0,50,0,0,628705,310,115,1600,625194
16S.B-1-cutoffs,0.2-0.3,4,0.254192,0.048629,272,0,17,1,101,0,0,375273,240,30,811,373638
16S.B-1-cutoffs,0.2-0.3,4,0.254192,0.048629,272,0,21,0,101,0,0,375273,212,27,631,373849
16S.B-1-cutoffs,0.2-0.3,4,0.279295,0.098239,247,0,20,0,0,0,0,359833,127,42,573,358389
16S.B-1-cutoffs,0.2-0.3,4,0.279295,0.098239,247,0,23,1,0,0,0,359833,86,45,493,358507
16S.B-1-cutoffs,0.2-0.3,5,0.217,0.040461,402,0,18,0,38,0,0,386409,174,57,1054,384170
16S.B-1-cutoffs,0.2-0.3,5,0.217,0.040461,402,0,24,1,38,0,0,386409,184,92,812,384367
16S.B-1-cutoffs,0.2-0.3,5,0.237352,0.05997,642,0,18,1,50,0,0,627854,333,100,1757,624182
16S.B-1-cutoffs,0.2-0.3,5,0.237352,0.05997,642,0,20,0,50,0,0,627854,322,70,1522,624458
16S.B-1-cutoffs,0.2-0.3,5,0.254192,0.048264,271,0,17,0,92,0,0,373859,285,13,743,372258
16S.B-1-cutoffs,0.2-0.3,5,0.254192,0.048264,271,0,17,1,92,0,0,373859,248,20,718,372313
16S.B-1-cutoffs,0.2-0.3,5,0.297399,0.107151,242,0,17,0,10,0,0,247405,1140,105,615,244799
16S.B-1-cutoffs,0.2-0.3,5,0.297399,0.107151,242,0,18,1,10,0,0,247405,1189,22,667,244781
16S.B-1-cutoffs,0.2-0.3,6,0.217,0.040518,400,0,16,0,38,0,0,384836,246,47,1227,382365
16S.B-1-cutoffs,0.2-0.3,6,0.217,0.040518,400,0,19,1,38,0,0,384836,204,77,999,382605
16S.B-1-cutoffs,0.2-0.3,6,0.237352,0.05997,641,0,22,1,50,0,0,627009,278,41,1446,623763
16S.B-1-cutoffs,0.2-0.3,6,0.237352,0.05997,641,0,23,0,50,0,0,627009,222,137,1255,623914
16S.B-1-cutoffs,0.2-0.3,6,0.254192,0.047893,270,0,17,0,83,0,0,372427,211,57,682,370911
16S.B-1-cutoffs,0.2-0.3,6,0.254192,0.047893,270,0,19,1,83,0,0,372427,204,25,772,370860
16S.B-1-cutoffs,0.2-0.3,6,0.288543,0.094885,242,0,22,0,87,0,0,339233,160,26,555,338138
16S.B-1-cutoffs,0.2-0.3,6,0.288543,0.094885,242,0,24,1,87,0,0,339233,172,61,476,338170
16S.B-1-cutoffs,0.2-0.3,7,0.217,0.040557,399,0,20,0,38,0,0,384082,206,53,918,381957
16S.B-1-cutoffs,0.2-0.3,7,0.217,0.040557,399,0,24,1,38,0,0,384082,182,42,751,382159
16S.B-1-cutoffs,0.2-0.3,7,0.237352,0.05997,640,0,19,1,50,0,0,626166,317,84,1599,622686
16S.B-1-cutoffs,0.2-0.3,7,0.237352,0.05997,640,0,21,0,50,0,0,626166,295,40,1490,622861
16S.B-1-cutoffs,0.2-0.3,7,0.254192,0.047476,269,0,22,0,60,0,0,370997,174,31,631,369575
16S.B-1-cutoffs,0.2-0.3,7,0.254192,0.047476,269,0,24,1,60,0,0,370997,190,46,533,369642
16S.B-1-cutoffs,0.2-0.3,7,0.297399,0.105662,239,0,18,1,10,0,0,242926,1118,109,623,240382
16S.B-1-cutoffs,0.2-0.3,7,0.297399,0.105662,239,0,19,0,10,0,0,242926,333,74,584,241241
16S.B-1-cutoffs,0.2-0.3,8,0.217,0.040614,398,0,20,0,38,0,0,383371,210,39,849,381326
16S.B-1-cutoffs,0.2-0.3,8,0.217,0.040614,398,0,22,1,38,0,0,383371,202,44,867,381311
16S.B-1-cutoffs,0.2-0.3,8,0.237352,0.059893,636,0,19,0,64,0,0,622814,359,107,1590,619296
16S.B-1-cutoffs,0.2-0.3,8,0.237352,0.059893,636,0,19,1,64,0,0,622814,355,92,1549,619356
16S.B-1-cutoffs,0.2-0.3,8,0.254192,0.047315,268,0,19,0,60,0,0,369545,199,23,764,367974
16S.B-1-cutoffs,0.2-0.3,8,0.254192,0.047315,268,0,22,1,60,0,0,369545,215,12,568,368165
16S.B-1-cutoffs,0.2-0.3,8,0.288543,0.09384,239,0,17,0,86,0,0,335805,173,68,657,334459
16S.B-1-cutoffs,0.2-0.3,8,0.288543,0.09384,239,0,20,1,86,0,0,335805,155,44,532,334626
16S.B-1-cutoffs,0.2-0.3,9,0.217,0.040672,397,0,18,0,38,0,0,382653,232,45,1055,380375
16S.B-1-cutoffs,0.2-0.3,9,0.217,0.040672,397,0,21,1,38,0,0,382653,170,69,861,380607
16S.B-1-cutoffs,0.2-0.3,9,0.237352,0.059884,635,0,19,1,64,0,0,621970,329,43,1751,618388
16S.B-1-cutoffs,0.2-0.3,9,0.237352,0.059884,635,0,22,0,64,0,0,621970,291,113,1365,618742
16S.B-1-cutoffs,0.2-0.3,9,0.254192,0.047091,264,0,17,0,60,0,0,363868,238,2,822,362232
16S.B-1-cutoffs,0.2-0.3,9,0.254192,0.047091,264,0,19,1,60,0,0,363868,206,12,625,362451
16S.B-1-cutoffs,0.2-0.3,9,0.297399,0.105384,238,0,16,1,10,0,0,241466,1092,118,652,238911
16S.B-1-cutoffs,0.2-0.3,9,0.297399,0.105384,238,0,19,0,10,0,0,241466,1119,6,659,238989
16S.B-1-cutoffs,0.3-0.4,0,0.323742,0.084709,389,0,14,0,174,0,0,565619,411,78,1314,563079
16S.B-1-cutoffs,0.3-0.4,0,0.323742,0.084709,389,0,20,1,174,0,0,565619,355,34,980,563513
16S.B-1-cutoffs,0.3-0.4,0,0.336299,0.063,856,0,17,0,41,0,0,1224656,514,267,2359,1219096
16S.B-1-cutoffs,0.3-0.4,0,0.336299,0.063,856,0,19,1,41,0,0,1224656,502,188,2157,1219389
16S.B-1-cutoffs,0.3-0.4,0,0.366735,0.087959,833,0,19,0,164,0,0,827235,464,141,2020,822759
16S.B-1-cutoffs,0.3-0.4,0,0.366735,0.087959,833,0,21,1,164,0,0,827235,378,163,1927,822916
16S.B-1-cutoffs,0.3-0.4,0,0.390505,0.082475,910,0,22,1,59,0,0,1302433,1033,149,2004,1297257
16S.B-1-cutoffs,0.3-0.4,0,0.390505,0.082475,910,0,24,0,59,0,0,1302433,902,130,1747,1297664
16S.B-1-cutoffs,0.3-0.4,1,0.323742,0.084819,388,0,17,0,174,0,0,564124,380,91,1173,561744
16S.B-1-cutoffs,0.3-0.4,1,0.323742,0.084819,388,0,19,1,174,0,0,564124,351,42,1002,561993
16S.B-1-cutoffs,0.3-0.4,1,0.334458,0.041204,620,0,21,0,87,0,0,889906,293,34,1384,887244
16S.B-1-cutoffs,0.3-0.4,1,0.334458,0.041204,620,0,21,1,87,0,0,889906,281,45,1441,887188
16S.B-1-cutoffs,0.3-0.4,1,0.366735,0.075457,713,0,16,0,118,0,0,707472,454,184,2065,703100
16S.B-1-cutoffs,0.3-0.4,1,0.366735,0.075457,713,0,18,1,118,0,0,707472,478,58,1929,703338
16S.B-1-cutoffs,0.3-0.4,1,0.390505,0.081291,907,0,18,0,41,0,0,1298094,1050,186,2444,1292379
16S.B-1-cutoffs,0.3-0.4,1,0.390505,0.081291,907,0,19,1,41,0,0,1298094,1397,366,1903,1292393
16S.B-1-cutoffs,0.3-0.4,2,0.314665,0.025795,384,0,19,1,108,0,0,518289,257,24,993,515690
16S.B-1-cutoffs,0.3-0.4,2,0.314665,0.025795,384,0,22,0,108,0,0,518289,229,96,790,515849
16S.B-1-cutoffs,0.3-0.4,2,0.334458,0.040605,617,0,19,1,51,0,0,885510,254,135,1351,882786
16S.B-1-cutoffs,0.3-0.4,2,0.334458,0.040605,617,0,23,0,51,0,0,885510,224,74,1277,882951
16S.B-1-cutoffs,0.3-0.4,2,0.37219,0.043609,628,0,19,1,156,0,0,898545,424,126,1571,895502
16S.B-1-cutoffs,0.3-0.4,2,0.37219,0.043609,628,0,24,0,156,0,0,898545,329,71,1284,895939
16S.B-1-cutoffs,0.3-0.4,2,0.395576,0.145579,611,0,20,0,77,0,0,892682,285,95,1438,889409
16S.B-1-cutoffs,0.3-0.4,2,0.395576,0.145579,611,0,21,1,77,0,0,892682,280,120,1322,889505
16S.B-1-cutoffs,0.3-0.4,3,0.314665,0.025615,383,0,17,0,96,0,0,516948,300,41,1095,514176
16S.B-1-cutoffs,0.3-0.4,3,0.314665,0.025615,383,0,18,1,96,0,0,516948,265,72,1019,514256
16S.B-1-cutoffs,0.3-0.4,3,0.334458,0.040466,616,0,17,1,51,0,0,883968,300,119,1742,880824
16S.B-1-cutoffs,0.3-0.4,3,0.334458,0.040466,616,0,21,0,51,0,0,883968,286,112,1383,881204
16S.B-1-cutoffs,0.3-0.4,3,0.371224,0.042521,625,0,19,0,108,0,0,894325,369,54,1589,891355
16S.B-1-cutoffs,0.3-0.4,3,0.371224,0.042521,625,0,19,1,108,0,0,894325,343,73,1541,891410
16S.B-1-cutoffs,0.3-0.4,3,0.395576,0.14519,603,0,22,0,77,0,0,881130,307,117,1277,877984
16S.B-1-cutoffs,0.3-0.4,3,0.395576,0.14519,603,0,23,1,77,0,0,881130,259,87,1223,878116
16S.B-1-cutoffs,0.3-0.4,4,0.314665,0.025486,382,0,19,0,96,0,0,515595,253,66,999,512942
16S.B-1-cutoffs,0.3-0.4,4,0.314665,0.025486,382,0,22,1,96,0,0,515595,219,52,812,513177
16S.B-1-cutoffs,0.3-0.4,4,0.334458,0.031686,528,0,18,0,53,0,0,762817,254,75,1381,760298
16S.B-1-cutoffs,0.3-0.4,4,0.334458,0.031686,528,0,22,1,53,0,0,762817,259,16,1239,760494
16S.B-1-cutoffs,0.3-0.4,4,0.371224,0.042101,623,0,16,1,123,0,0,892543,419,81,1841,889269
16S.B-1-cutoffs,0.3-0.4,4,0.371224,0.042101,623,0,21,0,123,0,0,892543,338,107,1322,889843
16S.B-1-cutoffs,0.3-0.4,4,0.395576,0.144993,601,0,18,1,77,0,0,878214,341,161,1487,874782
16S.B-1-cutoffs,0.3-0.4,4,0.395576,0.144993,601,0,20,0,77,0,0,878214,234,239,1296,875002
16S.B-1-cutoffs,0.3-0.4,5,0.314665,0.02545,381,0,18,1,123,0,0,514217,301,45,1122,511442
16S.B-1-cutoffs,0.3-0.4,5,0.314665,0.02545,381,0,22,0,123,0,0,514217,280,23,967,511640
16S.B-1-cutoffs,0.3-0.4,5,0.334458,0.03149,525,0,20,0,53,0,0,759258,257,32,1385,756779
16S.B-1-cutoffs,0.3-0.4,5,0.334458,0.03149,525,0,22,1,53,0,0,759258,207,97,1109,757040
16S.B-1-cutoffs,0.3-0.4,5,0.373408,0.095702,531,0,17,0,109,0,0,730686,355,32,1414,727627
16S.B-1-cutoffs,0.3-0.4,5,0.373408,0.095702,531,0,19,1,109,0,0,730686,334,121,1243,727730
16S.B-1-cutoffs,0.3-0.4,5,0.395576,0.144966,600,0,19,0,77,0,0,876740,288,144,1356,873510
16S.B-1-cutoffs,0.3-0.4,5,0.395576,0.144966,600,0,21,1,77,0,0,876740,263,138,1251,873646
16S.B-1-cutoffs,0.3-0.4,6,0.314665,0.025382,378,0,16,1,123,0,0,510152,265,69,1109,507405
16S.B-1-cutoffs,0.3-0.4,6,0.314665,0.025382,378,0,19,0,123,0,0,510152,299,36,938,507575
16S.B-1-cutoffs,0.3-0.4,6,0.334458,0.031579,522,0,15,1,53,0,0,754629,309,41,1641,751836
16S.B-1-cutoffs,0.3-0.4,6,0.334458,0.031579,522,0,17,0,53,0,0,754629,263,80,1511,751973
16S.B-1-cutoffs,0.3-0.4,6,0.373408,0.093558,515,0,18,1,112,0,0,707789,293,155,1347,704744
16S.B-1-cutoffs,0.3-0.4,6,0.373408,0.093558,515,0,19,0,112,0,0,707789,307,77,1393,704762
16S.B-1-cutoffs,0.3-0.4,6,0.395576,0.145016,596,0,16,1,77,0,0,870807,343,146,1771,867110
16S.B-1-cutoffs,0.3-0.4,6,0.395576,0.145016,596,0,17,0,77,0,0,870807,318,179,1490,867383
16S.B-1-cutoffs,0.3-0.4,7,0.323742,0.08657,369,0,18,1,174,0,0,536323,339,115,991,534211
16S.B-1-cutoffs,0.3-0.4,7,0.323742,0.08657,369,0,20,0,174,0,0,536323,341,88,841,534386
16S.B-1-cutoffs,0.3-0.4,7,0.334458,0.03158,521,0,18,1,53,0,0,753086,231,74,1456,750524
16S.B-1-cutoffs,0.3-0.4,7,0.334458,0.03158,521,0,23,0,53,0,0,753086,216,56,1051,750962
16S.B-1-cutoffs,0.3-0.4,7,0.355599,0.055957,427,0,19,1,343,0,0,620344,549,89,1010,617992
16S.B-1-cutoffs,0.3-0.4,7,0.355599,0.055957,427,0,20,0,343,0,0,620344,405,98,1032,618105
16S.B-1-cutoffs,0.3-0.4,7,0.389103,0.103993,571,0,21,1,182,0,0,787648,362,103,1267,784681
16S.B-1-cutoffs,0.3-0.4,7,0.389103,0.103993,571,0,22,0,182,0,0,787648,396,61,1235,784721
16S.B-1-cutoffs,0.3-0.4,8,0.317793,0.028145,341,0,18,1,36,0,0,489275,192,37,947,487065
16S.B-1-cutoffs,0.3-0.4,8,0.317793,0.028145,341,0,22,0,36,0,0,489275,148,40,739,487314
16S.B-1-cutoffs,0.3-0.4,8,0.334458,0.031615,520,0,21,0,53,0,0,751543,235,19,1150,749339
16S.B-1-cutoffs,0.3-0.4,8,0.334458,0.031615,520,0,21,1,53,0,0,751543,211,87,1137,749308
16S.B-1-cutoffs,0.3-0.4,8,0.355599,0.053043,424,0,19,0,343,0,0,615990,576,104,992,613622
16S.B-1-cutoffs,0.3-0.4,8,0.355599,0.053043,424,0,21,1,343,0,0,615990,422,70,967,613835
16S.B-1-cutoffs,0.3-0.4,8,0.389103,0.103711,570,0,20,0,169,0,0,786214,381,89,1467,783030
16S.B-1-cutoffs,0.3-0.4,8,0.389103,0.103711,570,0,20,1,169,0,0,786214,370,82,1434,783081
16S.B-1-cutoffs,0.3-0.4,9,0.315414,0.113853,314,0,20,0,24,0,0,457357,187,34,720,455743
16S.B-1-cutoffs,0.3-0.4,9,0.315414,0.113853,314,0,21,1,24,0,0,457357,142,48,669,455825
16S.B-1-cutoffs,0.3-0.4,9,0.334458,0.03165,519,0,20,0,53,0,0,750000,250,36,1234,747681
16S.B-1-cutoffs,0.3-0.4,9,0.334458,0.03165,519,0,23,1,53,0,0,750000,223,24,1096,747858
16S.B-1-cutoffs,0.3-0.4,9,0.355599,0.05228,423,0,17,0,321,0,0,614524,535,52,1182,612038
16S.B-1-cutoffs,0.3-0.4,9,0.355599,0.05228,423,0,19,1,321,0,0,614524,495,144,1032,612136
16S.B-1-cutoffs,0.3-0.4,9,0.385769,0.100654,527,0,22,1,220,0,0,766192,822,40,1222,763120
16S.B-1-cutoffs,0.3-0.4,9,0.385769,0.100654,527,0,23,0,220,0,0,766192,771,56,1087,763290
16S.B-1-cutoffs,0.4-0.5,0,0.42411,0.149772,844,0,19,0,109,0,0,1228036,439,95,2140,1223693
16S.B-1-cutoffs,0.4-0.5,0,0.42411,0.149772,844,0,20,1,109,0,0,1228036,387,198,2004,1223778
16S.B-1-cutoffs,0.4-0.5,0,0.443451,0.062652,690,0,20,0,378,0,0,978505,599,99,1644,975270
16S.B-1-cutoffs,0.4-0.5,0,0.443451,0.062652,690,0,21,1,378,0,0,978505,596,68,1646,975302
16S.B-1-cutoffs,0.4-0.5,0,0.473344,0.133517,1957,0,18,0,507,0,0,2440971,1381,281,5163,2430383
16S.B-1-cutoffs,0.4-0.5,0,0.473344,0.133517,1957,0,25,1,507,0,0,2440971,1039,389,3602,2432178
16S.B-1-cutoffs,0.4-0.5,0,0.477484,0.112876,562,0,20,0,224,0,0,817822,463,168,1296,814779
16S.B-1-cutoffs,0.4-0.5,0,0.477484,0.112876,562,0,22,1,224,0,0,817822,905,208,1031,814562
16S.B-1-cutoffs,0.4-0.5,1,0.42411,0.149808,837,0,18,1,109,0,0,1217837,461,179,2082,1213454
16S.B-1-cutoffs,0.4-0.5,1,0.42411,0.149808,837,0,20,0,109,0,0,1217837,401,157,1867,1213751
16S.B-1-cutoffs,0.4-0.5,1,0.443451,0.062286,689,0,16,1,378,0,0,977116,623,201,2014,973386
16S.B-1-cutoffs,0.4-0.5,1,0.443451,0.062286,689,0,19,0,378,0,0,977116,631,42,1749,973802
16S.B-1-cutoffs,0.4-0.5,1,0.473344,0.133444,1956,0,14,0,507,0,0,2439629,1502,430,6150,2427786
16S.B-1-cutoffs,0.4-0.5,1,0.473344,0.133444,1956,0,19,1,507,0,0,2439629,1218,318,4709,2429623
16S.B-1-cutoffs,0.4-0.5,1,0.478913,0.1675,268,0,15,1,43,0,0,363507,188,101,752,361813
16S.B-1-cutoffs,0.4-0.5,1,0.478913,0.1675,268,0,22,0,43,0,0,363507,168,35,597,362054
16S.B-1-cutoffs,0.4-0.5,2,0.42411,0.149917,835,0,20,0,109,0,0,1214906,402,218,1862,1210765
16S.B-1-cutoffs,0.4-0.5,2,0.42411,0.149917,835,0,21,1,109,0,0,1214906,391,207,1784,1210865
16S.B-1-cutoffs,0.4-0.5,2,0.443451,0.060416,684,0,22,0,369,0,0,969925,608,127,1516,966787
16S.B-1-cutoffs,0.4-0.5,2,0.443451,0.060416,684,0,24,1,369,0,0,969925,510,210,1241,967077
16S.B-1-cutoffs,0.4-0.5,2,0.473344,0.133341,1955,0,17,1,507,0,0,2438855,1385,333,5479,2427910
16S.B-1-cutoffs,0.4-0.5,2,0.473344,0.133341,1955,0,20,0,507,0,0,2438855,1121,286,4502,2429198
16S.B-1-cutoffs,0.4-0.5,2,0.478913,0.166762,267,0,16,1,43,0,0,362207,187,89,865,360414
16S.B-1-cutoffs,0.4-0.5,2,0.478913,0.166762,267,0,21,0,43,0,0,362207,173,37,591,360754
16S.B-1-cutoffs,0.4-0.5,3,0.42411,0.150052,833,0,18,0,109,0,0,1212008,415,212,2135,1207590
16S.B-1-cutoffs,0.4-0.5,3,0.42411,0.150052,833,0,21,1,109,0,0,1212008,420,183,1832,1207917
16S.B-1-cutoffs,0.4-0.5,3,0.443451,0.059572,682,0,16,1,369,0,0,966887,673,93,1922,963320
16S.B-1-cutoffs,0.4-0.5,3,0.443451,0.059572,682,0,19,0,369,0,0,966887,565,206,1487,963750
16S.B-1-cutoffs,0.4-0.5,3,0.473344,0.107763,1008,0,19,1,494,0,0,1050480,839,357,2264,1045194
16S.B-1-cutoffs,0.4-0.5,3,0.473344,0.107763,1008,0,21,0,494,0,0,1050480,854,159,2204,1045437
16S.B-1-cutoffs,0.4-0.5,3,0.478913,0.166395,266,0,18,0,43,0,0,360730,169,50,629,359232
16S.B-1-cutoffs,0.4-0.5,3,0.478913,0.166395,266,0,18,1,43,0,0,360730,162,62,627,359229
16S.B-1-cutoffs,0.4-0.5,4,0.42411,0.150176,831,0,16,0,109,0,0,1209167,487,230,2283,1204513
16S.B-1-cutoffs,0.4-0.5,4,0.42411,0.150176,831,0,21,1,109,0,0,1209167,364,237,1768,1205144
16S.B-1-cutoffs,0.4-0.5,4,0.443451,0.059226,681,0,17,0,369,0,0,966144,696,95,1964,962513
16S.B-1-cutoffs,0.4-0.5,4,0.443451,0.059226,681,0,18,1,369,0,0,966144,644,99,1809,962716
16S.B-1-cutoffs,0.4-0.5,4,0.458879,0.160857,976,0,16,1,132,0,0,1419035,505,212,2788,1413665
16S.B-1-cutoffs,0.4-0.5,4,0.458879,0.160857,976,0,19,0,132,0,0,1419035,431,344,2174,1414221
16S.B-1-cutoffs,0.4-0.5,4,0.478913,0.166243,264,0,17,0,43,0,0,358527,153,122,705,356900
16S.B-1-cutoffs,0.4-0.5,4,0.478913,0.166243,264,0,19,1,43,0,0,358527,167,50,586,357077
16S.B-1-cutoffs,0.4-0.5,5,0.40945,0.104521,572,0,18,0,182,0,0,789128,411,207,1320,785952
16S.B-1-cutoffs,0.4-0.5,5,0.40945,0.104521,572,0,20,1,182,0,0,789128,410,73,1291,786116
16S.B-1-cutoffs,0.4-0.5,5,0.443451,0.058927,680,0,19,1,369,0,0,964617,498,117,1656,961485
16S.B-1-cutoffs,0.4-0.5,5,0.443451,0.058927,680,0,20,0,369,0,0,964617,625,83,1623,961425
16S.B-1-cutoffs,0.4-0.5,5,0.458879,0.160426,967,0,20,1,132,0,0,1405896,415,356,2035,1401240
16S.B-1-cutoffs,0.4-0.5,5,0.458879,0.160426,967,0,22,0,132,0,0,1405896,326,356,1703,1401661
16S.B-1-cutoffs,0.4-0.5,5,0.492711,0.123902,263,0,18,0,36,0,0,310209,152,71,651,308966
16S.B-1-cutoffs,0.4-0.5,5,0.492711,0.123902,263,0,23,1,36,0,0,310209,100,16,550,309174
16S.B-1-cutoffs,0.4-0.5,6,0.421835,0.05854,429,0,20,0,343,0,0,623325,415,118,1005,621076
16S.B-1-cutoffs,0.4-0.5,6,0.421835,0.05854,429,0,20,1,343,0,0,623325,503,15,1079,621017
16S.B-1-cutoffs,0.4-0.5,6,0.443451,0.058632,679,0,18,0,369,0,0,963079,695,102,1843,959579
16S.B-1-cutoffs,0.4-0.5,6,0.443451,0.058632,679,0,20,1,369,0,0,963079,583,100,1665,959871
16S.B-1-cutoffs,0.4-0.5,6,0.458879,0.160404,964,0,22,1,132,0,0,1401550,390,243,2079,1396991
16S.B-1-cutoffs,0.4-0.5,6,0.458879,0.160404,964,0,23,0,132,0,0,1401550,372,204,1752,1397375
16S.B-1-cutoffs,0.4-0.5,6,0.478913,0.159543,248,0,20,0,24,0,0,336326,144,29,644,334854
16S.B-1-cutoffs,0.4-0.5,6,0.478913,0.159543,248,0,20,1,24,0,0,336326,141,48,560,334922
16S.B-1-cutoffs,0.4-0.5,7,0.405722,0.12307,289,0,17,1,105,0,0,394858,389,77,777,392924
16S.B-1-cutoffs,0.4-0.5,7,0.405722,0.12307,289,0,20,0,105,0,0,394858,378,41,674,393074
16S.B-1-cutoffs,0.4-0.5,7,0.443451,0.057305,675,0,18,0,369,0,0,958566,661,102,1765,955186
16S.B-1-cutoffs,0.4-0.5,7,0.443451,0.057305,675,0,26,1,369,0,0,958566,527,122,1160,955905
16S.B-1-cutoffs,0.4-0.5,7,0.458879,0.160188,956,0,18,0,132,0,0,1389862,445,293,2366,1385016
16S.B-1-cutoffs,0.4-0.5,7,0.458879,0.160188,956,0,23,1,132,0,0,1389862,410,219,1762,1385729
16S.B-1-cutoffs,0.4-0.5,7,0.484214,0.057618,191,0,19,0,80,0,0,248324,150,9,555,247189
16S.B-1-cutoffs,0.4-0.5,7,0.484214,0.057618,191,0,20,1,80,0,0,248324,146,57,418,247282
16S.B-1-cutoffs,0.4-0.5,8,0.405722,0.122546,286,0,19,1,105,0,0,390321,405,76,813,388342
16S.B-1-cutoffs,0.4-0.5,8,0.405722,0.122546,286,0,24,0,105,0,0,390321,322,44,563,388707
16S.B-1-cutoffs,0.4-0.5,8,0.443451,0.056957,674,0,18,0,369,0,0,957031,638,137,1798,953607
16S.B-1-cutoffs,0.4-0.5,8,0.443451,0.056957,674,0,21,1,369,0,0,957031,608,116,1508,953948
16S.B-1-cutoffs,0.4-0.5,8,0.458879,0.160281,951,0,17,1,132,0,0,1382792,461,377,2434,1377696
16S.B-1-cutoffs,0.4-0.5,8,0.458879,0.160281,951,0,20,0,132,0,0,1382792,429,249,2060,1378230
16S.B-1-cutoffs,0.4-0.5,8,0.479706,0.12718,143,0,19,0,21,0,0,188410,83,21,352,187729
16S.B-1-cutoffs,0.4-0.5,8,0.479706,0.12718,143,0,21,1,21,0,0,188410,79,6,351,187749
16S.B-1-cutoffs,0.4-0.5,9,0.405722,0.122474,285,0,20,0,105,0,0,388821,399,33,608,387097
16S.B-1-cutoffs,0.4-0.5,9,0.405722,0.122474,285,0,20,1,105,0,0,388821,414,36,734,386953
16S.B-1-cutoffs,0.4-0.5,9,0.443451,0.056358,672,0,19,1,369,0,0,954023,598,157,1611,950808
16S.B-1-cutoffs,0.4-0.5,9,0.443451,0.056358,672,0,23,0,369,0,0,954023,602,42,1530,951000
16S.B-1-cutoffs,0.4-0.5,9,0.458879,0.160409,943,0,21,0,119,0,0,1371375,370,211,1950,1366998
16S.B-1-cutoffs,0.4-0.5,9,0.458879,0.160409,943,0,21,1,119,0,0,1371375,411,293,2088,1366737
16S.B-1-cutoffs,0.4-0.5,9,0.476485,0.140207,112,0,18,0,122,0,0,163657,256,29,354,162898
16S.B-1-cutoffs,0.4-0.5,9,0.476485,0.140207,112,0,21,1,122,0,0,163657,256,18,286,162977
16S.B-1-cutoffs,0.5-0.6,0,0.516271,0.119214,574,0,15,1,255,0,0,835531,993,133,1688,831524
16S.B-1-cutoffs,0.5-0.6,0,0.516271,0.119214,574,0,22,0,255,0,0,835531,996,169,1153,832020
16S.B-1-cutoffs,0.5-0.6,0,0.539,0.133734,1958,0,16,0,507,0,0,2442515,1428,480,5481,2431360
16S.B-1-cutoffs,0.5-0.6,0,0.539,0.133734,1958,0,20,1,507,0,0,2442515,1135,240,4524,2432850
16S.B-1-cutoffs,0.5-0.6,0,0.5578,0.170459,1063,0,19,0,155,0,0,1544577,453,272,2382,1539521
16S.B-1-cutoffs,0.5-0.6,0,0.5578,0.170459,1063,0,23,1,155,0,0,1544577,417,135,2162,1539914
16S.B-1-cutoffs,0.5-0.6,0,0.592889,0.208338,619,0,20,0,79,0,0,823271,271,156,1362,819921
16S.B-1-cutoffs,0.5-0.6,0,0.592889,0.208338,619,0,24,1,79,0,0,823271,320,129,1109,820152
16S.B-1-cutoffs,0.5-0.6,1,0.522936,0.198195,560,0,18,0,251,0,0,803895,430,164,1384,800476
16S.B-1-cutoffs,0.5-0.6,1,0.522936,0.198195,560,0,18,1,251,0,0,803895,481,207,1416,800350
16S.B-1-cutoffs,0.5-0.6,1,0.529169,0.058372,775,0,19,1,108,0,0,1078030,384,135,1909,1074131
16S.B-1-cutoffs,0.5-0.6,1,0.529169,0.058372,775,0,20,0,108,0,0,1078030,391,159,1847,1074162
16S.B-1-cutoffs,0.5-0.6,1,0.5578,0.17023,1059,0,16,0,155,0,0,1539015,505,422,2907,1533237
16S.B-1-cutoffs,0.5-0.6,1,0.5578,0.17023,1059,0,16,1,155,0,0,1539015,520,439,2711,1533401
16S.B-1-cutoffs,0.5-0.6,1,0.592889,0.207533,617,0,17,1,67,0,0,820516,435,162,1588,816761
16S.B-1-cutoffs,0.5-0.6,1,0.592889,0.207533,617,0,18,0,67,0,0,820516,338,317,1481,816810
16S.B-1-cutoffs,0.5-0.6,2,0.519102,0.196347,548,0,21,1,239,0,0,786440,395,220,1134,783236
16S.B-1-cutoffs,0.5-0.6,2,0.519102,0.196347,548,0,22,0,239,0,0,786440,409,132,1130,783314
16S.B-1-cutoffs,0.5-0.6,2,0.536793,0.204241,586,0,18,0,268,0,0,840922,491,184,1446,837256
16S.B-1-cutoffs,0.5-0.6,2,0.536793,0.204241,586,0,24,1,268,0,0,840922,433,116,1098,837730
16S.B-1-cutoffs,0.5-0.6,2,0.5578,0.170086,1056,0,21,0,155,0,0,1534633,438,298,2312,1529644
16S.B-1-cutoffs,0.5-0.6,2,0.5578,0.170086,1056,0,21,1,155,0,0,1534633,408,523,1986,1529775
16S.B-1-cutoffs,0.5-0.6,2,0.592889,0.207552,613,0,19,0,66,0,0,814748,271,284,1262,811371
16S.B-1-cutoffs,0.5-0.6,2,0.592889,0.207552,613,0,24,1,66,0,0,814748,339,135,1249,811465
16S.B-1-cutoffs,0.5-0.6,3,0.504374,0.079129,468,0,17,1,612,0,0,611989,1779,147,1224,608033
16S.B-1-cutoffs,0.5-0.6,3,0.504374,0.079129,468,0,20,0,612,0,0,611989,1705,131,1028,608319
16S.B-1-cutoffs,0.5-0.6,3,0.545271,0.206554,395,0,19,1,98,0,0,569587,541,125,935,566970
16S.B-1-cutoffs,0.5-0.6,3,0.545271,0.206554,395,0,21,0,98,0,0,569587,492,172,712,567195
16S.B-1-cutoffs,0.5-0.6,3,0.5578,0.169382,1050,0,19,0,155,0,0,1526384,489,256,2507,1521148
16S.B-1-cutoffs,0.5-0.6,3,0.5578,0.169382,1050,0,19,1,155,0,0,1526384,416,342,2335,1521307
16S.B-1-cutoffs,0.5-0.6,3,0.592889,0.20716,595,0,17,1,57,0,0,789602,372,249,1477,785966
16S.B-1-cutoffs,0.5-0.6,3,0.592889,0.20716,595,0,20,0,57,0,0,789602,325,267,1238,786234
16S.B-1-cutoffs,0.5-0.6,4,0.504374,0.078828,466,0,21,0,612,0,0,609000,1760,88,1044,605284
16S.B-1-cutoffs,0.5-0.6,4,0.504374,0.078828,466,0,22,1,612,0,0,609000,739,130,949,606358
16S.B-1-cutoffs,0.5-0.6,4,0.534201,0.202306,384,0,19,0,229,0,0,517904,350,140,907,515956
16S.B-1-cutoffs,0.5-0.6,4,0.534201,0.202306,384,0,21,1,229,0,0,517904,318,119,823,516093
16S.B-1-cutoffs,0.5-0.6,4,0.5578,0.169315,1049,0,19,1,155,0,0,1525247,453,190,2634,1519937
16S.B-1-cutoffs,0.5-0.6,4,0.5578,0.169315,1049,0,23,0,155,0,0,1525247,404,265,2040,1520505
16S.B-1-cutoffs,0.5-0.6,4,0.592889,0.205636,540,0,18,0,57,0,0,715038,398,91,1473,711599
16S.B-1-cutoffs,0.5-0.6,4,0.592889,0.205636,540,0,18,1,57,0,0,715038,297,220,1312,711732
16S.B-1-cutoffs,0.5-0.6,5,0.504374,0.078928,465,0,11,0,612,0,0,607502,862,198,1871,603748
16S.B-1-cutoffs,0.5-0.6,5,0.504374,0.078928,465,0,20,1,612,0,0,607502,1684,197,1002,603796
16S.B-1-cutoffs,0.5-0.6,5,0.534201,0.200573,377,0,18,1,229,0,0,507605,337,202,760,505763
16S.B-1-cutoffs,0.5-0.6,5,0.534201,0.200573,377,0,20,0,229,0,0,507605,353,136,830,505743
16S.B-1-cutoffs,0.5-0.6,5,0.5578,0.167729,1027,0,17,0,155,0,0,1493216,495,281,2746,1487746
16S.B-1-cutoffs,0.5-0.6,5,0.5578,0.167729,1027,0,20,1,155,0,0,1493216,381,294,2301,1488292
16S.B-1-cutoffs,0.5-0.6,5,0.592889,0.205804,538,0,19,1,57,0,0,712302,328,234,1275,708991
16S.B-1-cutoffs,0.5-0.6,5,0.592889,0.205804,538,0,21,0,57,0,0,712302,333,89,1166,709240
16S.B-1-cutoffs,0.5-0.6,6,0.504374,0.079028,464,0,18,0,612,0,0,606003,750,66,1274,603095
16S.B-1-cutoffs,0.5-0.6,6,0.504374,0.079028,464,0,19,1,612,0,0,606003,1813,83,1109,602180
16S.B-1-cutoffs,0.5-0.6,6,0.534201,0.200474,376,0,19,1,229,0,0,506134,355,79,898,504260
16S.B-1-cutoffs,0.5-0.6,6,0.534201,0.200474,376,0,20,0,229,0,0,506134,337,181,799,504275
16S.B-1-cutoffs,0.5-0.6,6,0.5578,0.16764,1024,0,14,1,155,0,0,1488789,608,407,3368,1482464
16S.B-1-cutoffs,0.5-0.6,6,0.5578,0.16764,1024,0,19,0,155,0,0,1488789,404,263,2381,1483799
16S.B-1-cutoffs,0.5-0.6,6,0.592889,0.205924,537,0,18,1,57,0,0,710875,364,148,1340,707552
16S.B-1-cutoffs,0.5-0.6,6,0.592889,0.205924,537,0,19,0,57,0,0,710875,347,208,1256,707593
16S.B-1-cutoffs,0.5-0.6,7,0.505455,0.146185,407,0,17,0,69,0,0,584988,558,140,866,582039
16S.B-1-cutoffs,0.5-0.6,7,0.505455,0.146185,407,0,20,1,69,0,0,584988,544,73,843,582143
16S.B-1-cutoffs,0.5-0.6,7,0.526117,0.179158,264,0,22,0,226,0,0,340078,280,36,623,338546
16S.B-1-cutoffs,0.5-0.6,7,0.526117,0.179158,264,0,25,1,226,0,0,340078,306,45,526,338608
16S.B-1-cutoffs,0.5-0.6,7,0.5578,0.167247,1014,0,17,0,155,0,0,1474256,472,307,2757,1468841
16S.B-1-cutoffs,0.5-0.6,7,0.5578,0.167247,1014,0,19,1,155,0,0,1474256,419,275,2449,1469234
16S.B-1-cutoffs,0.5-0.6,7,0.592889,0.206043,536,0,21,1,57,0,0,709448,325,105,1205,706345
16S.B-1-cutoffs,0.5-0.6,7,0.592889,0.206043,536,0,23,0,57,0,0,709448,320,79,1124,706457
16S.B-1-cutoffs,0.5-0.6,8,0.505455,0.142315,401,0,20,1,69,0,0,576513,357,113,958,573725
16S.B-1-cutoffs,0.5-0.6,8,0.505455,0.142315,401,0,21,0,69,0,0,576513,490,92,928,573643
16S.B-1-cutoffs,0.5-0.6,8,0.526117,0.175547,257,0,18,0,226,0,0,331201,355,90,773,329398
16S.B-1-cutoffs,0.5-0.6,8,0.526117,0.175547,257,0,21,1,226,0,0,331201,368,35,643,329570
16S.B-1-cutoffs,0.5-0.6,8,0.567416,0.184892,563,0,20,0,160,0,0,821105,330,256,1154,818146
16S.B-1-cutoffs,0.5-0.6,8,0.567416,0.184892,563,0,20,1,160,0,0,821105,301,172,1248,818165
16S.B-1-cutoffs,0.5-0.6,8,0.592889,0.206162,535,0,18,1,57,0,0,708021,352,219,1269,704714
16S.B-1-cutoffs,0.5-0.6,8,0.592889,0.206162,535,0,19,0,57,0,0,708021,354,155,1299,704746
16S.B-1-cutoffs,0.5-0.6,9,0.505455,0.142083,400,0,19,1,69,0,0,575109,307,198,829,572497
16S.B-1-cutoffs,0.5-0.6,9,0.505455,0.142083,400,0,20,0,69,0,0,575109,543,172,802,572314
16S.B-1-cutoffs,0.5-0.6,9,0.548729,0.167214,132,0,16,1,112,0,0,188011,790,16,382,186545
16S.B-1-cutoffs,0.5-0.6,9,0.548729,0.167214,132,0,19,0,112,0,0,188011,733,14,296,186690
16S.B-1-cutoffs,0.5-0.6,9,0.567416,0.184289,559,0,21,1,160,0,0,815372,270,213,1006,812669
16S.B-1-cutoffs,0.5-0.6,9,0.567416,0.184289,559,0,22,0,160,0,0,815372,367,93,1198,812500
16S.B-1-cutoffs,0.5-0.6,9,0.592889,0.206364,533,0,20,0,57,0,0,705266,329,172,1224,702076
16S.B-1-cutoffs,0.5-0.6,9,0.592889,0.206364,533,0,20,1,57,0,0,705266,250,191,1095,702265
16S.B-1-cutoffs,0.6-0.7,0,0.614032,0.129002,867,0,22,0,224,0,0,1198768,476,131,1935,1194907
16S.B-1-cutoffs,0.6-0.7,0,0.614032,0.129002,867,0,22,1,224,0,0,1198768,490,232,1828,1194899
16S.B-1-cutoffs,0.6-0.7,0,0.630971,0.114555,513,0,17,1,554,0,0,666390,700,140,1482,663247
16S.B-1-cutoffs,0.6-0.7,0,0.630971,0.114555,513,0,19,0,554,0,0,666390,702,116,1193,663558
16S.B-1-cutoffs,0.6-0.7,0,0.662003,0.22598,623,0,19,0,311,0,0,894371,480,232,1368,890706
16S.B-1-cutoffs,0.6-0.7,0,0.662003,0.22598,623,0,22,1,311,0,0,894371,500,119,1344,890823
16S.B-1-cutoffs,0.6-0.7,0,0.687814,0.257355,1930,0,17,1,236,0,0,2808250,1008,564,5185,2797399
16S.B-1-cutoffs,0.6-0.7,0,0.687814,0.257355,1930,0,18,0,236,0,0,2808250,828,786,4473,2798069
16S.B-1-cutoffs,0.6-0.7,1,0.614032,0.122833,843,0,18,0,224,0,0,1167993,1321,213,2178,1162992
16S.B-1-cutoffs,0.6-0.7,1,0.614032,0.122833,843,0,20,1,224,0,0,1167993,489,283,1870,1164062
16S.B-1-cutoffs,0.6-0.7,1,0.630971,0.114503,512,0,20,1,554,0,0,664905,668,148,1098,662175
16S.B-1-cutoffs,0.6-0.7,1,0.630971,0.114503,512,0,23,0,554,0,0,664905,536,147,966,662440
16S.B-1-cutoffs,0.6-0.7,1,0.653046,0.096127,450,0,17,0,285,0,0,654061,500,289,1012,651389
16S.B-1-cutoffs,0.6-0.7,1,0.653046,0.096127,450,0,17,1,285,0,0,654061,363,217,1045,651565
16S.B-1-cutoffs,0.6-0.7,1,0.687814,0.255728,1913,0,17,0,227,0,0,2783321,961,562,5067,2772745
16S.B-1-cutoffs,0.6-0.7,1,0.687814,0.255728,1913,0,21,1,227,0,0,2783321,785,458,3958,2774134
16S.B-1-cutoffs,0.6-0.7,2,0.611794,0.240769,498,0,20,1,184,0,0,657216,302,159,1095,648781
16S.B-1-cutoffs,0.6-0.7,2,0.611794,0.240769,498,0,22,0,184,0,0,657216,317,163,1016,648841
16S.B-1-cutoffs,0.6-0.7,2,0.630971,0.114535,510,0,18,0,554,0,0,661978,737,160,1318,658962
16S.B-1-cutoffs,0.6-0.7,2,0.630971,0.114535,510,0,22,1,554,0,0,661978,650,86,1050,659391
16S.B-1-cutoffs,0.6-0.7,2,0.660392,0.198999,425,0,19,1,872,0,0,614509,1741,187,872,611473
16S.B-1-cutoffs,0.6-0.7,2,0.660392,0.198999,425,0,22,0,872,0,0,614509,1756,200,765,611552
16S.B-1-cutoffs,0.6-0.7,2,0.687814,0.255529,1907,0,18,1,227,0,0,2774609,925,640,4535,2764529
16S.B-1-cutoffs,0.6-0.7,2,0.687814,0.255529,1907,0,19,0,227,0,0,2774609,875,659,4238,2764857
16S.B-1-cutoffs,0.6-0.7,3,0.611794,0.241251,493,0,21,0,184,0,0,650129,273,204,1011,641767
16S.B-1-cutoffs,0.6-0.7,3,0.611794,0.241251,493,0,21,1,184,0,0,650129,282,199,1006,641768
16S.B-1-cutoffs,0.6-0.7,3,0.630971,0.114155,508,0,14,1,547,0,0,659269,648,162,1703,655951
16S.B-1-cutoffs,0.6-0.7,3,0.630971,0.114155,508,0,26,0,547,0,0,659269,640,115,867,656842
16S.B-1-cutoffs,0.6-0.7,3,0.660392,0.198537,423,0,17,0,872,0,0,611606,1762,103,1183,608324
16S.B-1-cutoffs,0.6-0.7,3,0.660392,0.198537,423,0,19,1,872,0,0,611606,1752,276,824,608520
16S.B-1-cutoffs,0.6-0.7,3,0.687814,0.254873,1895,0,19,1,211,0,0,2757060,866,555,4343,2747315
16S.B-1-cutoffs,0.6-0.7,3,0.687814,0.254873,1895,0,21,0,211,0,0,2757060,781,558,3898,2747842
16S.B-1-cutoffs,0.6-0.7,4,0.614625,0.249741,482,0,17,0,243,0,0,681758,385,128,1200,679200
16S.B-1-cutoffs,0.6-0.7,4,0.614625,0.249741,482,0,22,1,243,0,0,681758,359,185,930,679439
16S.B-1-cutoffs,0.6-0.7,4,0.630971,0.114159,506,0,17,0,560,0,0,656252,703,106,1429,653224
16S.B-1-cutoffs,0.6-0.7,4,0.630971,0.114159,506,0,18,1,560,0,0,656252,716,68,1457,653221
16S.B-1-cutoffs,0.6-0.7,4,0.660392,0.197864,418,0,19,0,872,0,0,604376,1695,183,926,601366
16S.B-1-cutoffs,0.6-0.7,4,0.660392,0.197864,418,0,19,1,872,0,0,604376,1732,243,885,601310
16S.B-1-cutoffs,0.6-0.7,4,0.687814,0.254917,1893,0,21,0,211,0,0,2754135,744,520,4016,2744876
16S.B-1-cutoffs,0.6-0.7,4,0.687814,0.254917,1893,0,21,1,211,0,0,2754135,728,820,3775,2744833
16S.B-1-cutoffs,0.6-0.7,5,0.614625,0.223717,325,0,17,1,130,0,0,460994,257,83,922,459066
16S.B-1-cutoffs,0.6-0.7,5,0.614625,0.223717,325,0,18,0,130,0,0,460994,251,32,801,459244
16S.B-1-cutoffs,0.6-0.7,5,0.630971,0.114217,505,0,19,1,560,0,0,654747,643,116,1197,652002
16S.B-1-cutoffs,0.6-0.7,5,0.630971,0.114217,505,0,20,0,560,0,0,654747,641,159,1139,652019
16S.B-1-cutoffs,0.6-0.7,5,0.65713,0.244112,258,0,17,1,50,0,0,373725,279,56,670,371395
16S.B-1-cutoffs,0.6-0.7,5,0.65713,0.244112,258,0,18,0,50,0,0,373725,228,38,640,371494
16S.B-1-cutoffs,0.6-0.7,5,0.687814,0.254884,1875,0,18,0,211,0,0,2727730,825,664,4671,2717631
16S.B-1-cutoffs,0.6-0.7,5,0.687814,0.254884,1875,0,20,1,211,0,0,2727730,745,637,4222,2718187
16S.B-1-cutoffs,0.6-0.7,6,0.612782,0.197845,188,0,19,1,134,0,0,264583,162,60,414,263725
16S.B-1-cutoffs,0.6-0.7,6,0.612782,0.197845,188,0,20,0,134,0,0,264583,193,62,438,263668
16S.B-1-cutoffs,0.6-0.7,6,0.630971,0.096774,426,0,19,1,487,0,0,575261,579,140,1029,572856
16S.B-1-cutoffs,0.6-0.7,6,0.630971,0.096774,426,0,21,0,487,0,0,575261,607,99,978,572920
16S.B-1-cutoffs,0.6-0.7,6,0.65713,0.242834,257,0,17,1,59,0,0,372302,265,181,493,370048
16S.B-1-cutoffs,0.6-0.7,6,0.65713,0.242834,257,0,19,0,59,0,0,372302,349,29,696,369913
16S.B-1-cutoffs,0.6-0.7,6,0.687814,0.256448,1840,0,18,0,211,0,0,2681543,866,490,4785,2671499
16S.B-1-cutoffs,0.6-0.7,6,0.687814,0.256448,1840,0,20,1,211,0,0,2681543,791,627,3852,2672370
16S.B-1-cutoffs,0.6-0.7,7,0.610978,0.260355,151,0,17,0,36,0,0,213601,234,105,366,212569
16S.B-1-cutoffs,0.6-0.7,7,0.610978,0.260355,151,0,20,1,36,0,0,213601,238,62,320,212654
16S.B-1-cutoffs,0.6-0.7,7,0.630971,0.096722,425,0,20,0,490,0,0,573895,638,96,974,571537
16S.B-1-cutoffs,0.6-0.7,7,0.630971,0.096722,425,0,20,1,490,0,0,573895,642,34,1073,571496
16S.B-1-cutoffs,0.6-0.7,7,0.663601,0.142707,92,0,17,1,91,0,0,127961,104,42,207,127385
16S.B-1-cutoffs,0.6-0.7,7,0.663601,0.142707,92,0,18,0,91,0,0,127961,131,24,256,127327
16S.B-1-cutoffs,0.6-0.7,7,0.687814,0.249,1681,0,20,0,218,0,0,2447556,794,405,3833,2438946
16S.B-1-cutoffs,0.6-0.7,7,0.687814,0.249,1681,0,21,1,218,0,0,2447556,746,510,3514,2439208
16S.B-1-cutoffs,0.6-0.7,8,0.610978,0.254728,147,0,20,0,36,0,0,207895,216,77,293,206993
16S.B-1-cutoffs,0.6-0.7,8,0.610978,0.254728,147,0,21,1,36,0,0,207895,198,34,394,206953
16S.B-1-cutoffs,0.6-0.7,8,0.630971,0.058272,356,0,20,0,459,0,0,494174,562,77,894,492126
16S.B-1-cutoffs,0.6-0.7,8,0.630971,0.058272,356,0,20,1,459,0,0,494174,557,42,838,492222
16S.B-1-cutoffs,0.6-0.7,8,0.665645,0.354837,59,0,17,0,26,0,0,81140,103,29,184,80773
16S.B-1-cutoffs,0.6-0.7,8,0.665645,0.354837,59,0,17,1,26,0,0,81140,105,4,196,80784
16S.B-1-cutoffs,0.6-0.7,8,0.687814,0.249134,1679,0,19,1,218,0,0,2444580,759,644,3795,2435806
16S.B-1-cutoffs,0.6-0.7,8,0.687814,0.249134,1679,0,21,0,218,0,0,2444580,675,523,3419,2436387
16S.B-1-cutoffs,0.6-0.7,9,0.610978,0.252886,140,0,17,0,36,0,0,198197,214,35,407,197257
16S.B-1-cutoffs,0.6-0.7,9,0.610978,0.252886,140,0,20,1,36,0,0,198197,199,61,371,197282
16S.B-1-cutoffs,0.6-0.7,9,0.630971,0.057769,353,0,18,1,471,0,0,489725,641,48,1028,487510
16S.B-1-cutoffs,0.6-0.7,9,0.630971,0.057769,353,0,20,0,471,0,0,489725,588,48,824,487767
16S.B-1-cutoffs,0.6-0.7,9,0.665645,0.34951,57,0,18,0,26,0,0,78356,305,3,202,77793
16S.B-1-cutoffs,0.6-0.7,9,0.665645,0.34951,57,0,21,1,26,0,0,78356,281,0,163,77859
16S.B-1-cutoffs,0.6-0.7,9,0.687814,0.249202,1678,0,19,0,218,0,0,2443100,706,642,3803,2434374
16S.B-1-cutoffs,0.6-0.7,9,0.687814,0.249202,1678,0,20,1,218,0,0,2443100,699,546,3535,2434745
16S.B-1-cutoffs,0.7-0.8,0,0.707917,0.232813,791,0,19,0,490,0,0,1149289,2129,515,1613,1143608
16S.B-1-cutoffs,0.7-0.8,0,0.707917,0.232813,791,0,23,1,490,0,0,1149289,2172,463,1234,1143996
16S.B-1-cutoffs,0.7-0.8,0,0.73685,0.265679,467,0,19,1,37,0,0,603743,212,195,937,601755
16S.B-1-cutoffs,0.7-0.8,0,0.73685,0.265679,467,0,20,0,37,0,0,603743,166,242,953,601738
16S.B-1-cutoffs,0.7-0.8,0,0.76529,0.294062,492,0,20,0,24,0,0,640947,300,338,893,638713
16S.B-1-cutoffs,0.7-0.8,0,0.76529,0.294062,492,0,22,1,24,0,0,640947,218,164,932,638930
16S.B-1-cutoffs,0.7-0.8,0,0.791378,0.271768,251,0,17,1,158,0,0,367823,431,80,702,365484
16S.B-1-cutoffs,0.7-0.8,0,0.791378,0.271768,251,0,23,0,158,0,0,367823,395,73,388,365841
16S.B-1-cutoffs,0.7-0.8,1,0.7109,0.1047,454,0,15,0,399,0,0,659568,502,169,1432,656695
16S.B-1-cutoffs,0.7-0.8,1,0.7109,0.1047,454,0,17,1,399,0,0,659568,442,184,1175,656997
16S.B-1-cutoffs,0.7-0.8,1,0.743307,0.193083,342,0,16,0,1144,0,0,421685,1373,144,1041,418982
16S.B-1-cutoffs,0.7-0.8,1,0.743307,0.193083,342,0,20,1,1144,0,0,421685,1339,107,773,419321
16S.B-1-cutoffs,0.7-0.8,1,0.772362,0.254623,262,0,13,1,45,0,0,379698,323,213,801,376944
16S.B-1-cutoffs,0.7-0.8,1,0.772362,0.254623,262,0,20,0,45,0,0,379698,267,89,560,377365
16S.B-1-cutoffs,0.7-0.8,1,0.791378,0.270924,249,0,16,1,155,0,0,364764,536,144,634,362331
16S.B-1-cutoffs,0.7-0.8,1,0.791378,0.270924,249,0,18,0,155,0,0,364764,510,144,542,362449
16S.B-1-cutoffs,0.7-0.8,2,0.715556,0.230077,248,0,19,1,152,0,0,309740,563,83,577,307865
16S.B-1-cutoffs,0.7-0.8,2,0.715556,0.230077,248,0,22,0,152,0,0,309740,499,10,544,308035
16S.B-1-cutoffs,0.7-0.8,2,0.743307,0.193946,338,0,19,0,1144,0,0,417214,1273,88,731,415106
16S.B-1-cutoffs,0.7-0.8,2,0.743307,0.193946,338,0,20,1,1144,0,0,417214,1381,170,634,415013
16S.B-1-cutoffs,0.7-0.8,2,0.751801,0.222535,91,0,17,1,169,0,0,115834,505,19,279,115029
16S.B-1-cutoffs,0.7-0.8,2,0.751801,0.222535,91,0,18,0,169,0,0,115834,437,11,295,115089
16S.B-1-cutoffs,0.7-0.8,2,0.798885,0.188403,152,0,20,0,22,0,0,214267,650,15,451,212826
16S.B-1-cutoffs,0.7-0.8,2,0.798885,0.188403,152,0,20,1,22,0,0,214267,686,11,385,212860
16S.B-1-cutoffs,0.7-0.8,3,0.703109,0.252829,122,0,19,0,52,0,0,168085,1037,58,269,166404
16S.B-1-cutoffs,0.7-0.8,3,0.703109,0.252829,122,0,19,1,52,0,0,168085,980,50,302,166436
16S.B-1-cutoffs,0.7-0.8,3,0.743307,0.194068,337,0,17,0,1144,0,0,415831,1348,122,879,413471
16S.B-1-cutoffs,0.7-0.8,3,0.743307,0.194068,337,0,21,1,1144,0,0,415831,1313,56,819,413632
16S.B-1-cutoffs,0.7-0.8,3,0.772812,0.335074,48,0,19,1,28,0,0,67109,72,38,122,66761
16S.B-1-cutoffs,0.7-0.8,3,0.772812,0.335074,48,0,23,0,28,0,0,67109,86,3,166,66738
16S.B-1-cutoffs,0.7-0.8,3,0.798885,0.183917,151,0,18,0,23,0,0,213032,700,35,463,211514
16S.B-1-cutoffs,0.7-0.8,3,0.798885,0.183917,151,0,18,1,23,0,0,213032,774,27,431,211480
16S.B-1-cutoffs,0.7-0.8,4,0.720095,0.4026,54,0,17,0,28,0,0,75368,222,39,157,74814
16S.B-1-cutoffs,0.7-0.8,4,0.720095,0.4026,54,0,17,1,28,0,0,75368,157,25,195,74855
16S.B-1-cutoffs,0.7-0.8,4,0.743307,0.194317,336,0,18,1,1144,0,0,414442,1319,135,779,412199
16S.B-1-cutoffs,0.7-0.8,4,0.743307,0.194317,336,0,20,0,1144,0,0,414442,1274,54,851,412253
16S.B-1-cutoffs,0.7-0.8,4,0.772812,0.354816,23,0,19,1,0,0,0,30911,55,4,94,30679
16S.B-1-cutoffs,0.7-0.8,4,0.772812,0.354816,23,0,20,0,0,0,0,30911,45,11,69,30707
16S.B-1-cutoffs,0.7-0.8,4,0.798885,0.163946,147,0,21,0,23,0,0,208058,776,12,414,206565
16S.B-1-cutoffs,0.7-0.8,4,0.798885,0.163946,147,0,21,1,23,0,0,208058,643,42,420,206662
16S.B-1-cutoffs,0.7-0.8,5,0.716525,0.339857,23,0,17,0,31,0,0,34290,192,12,72,33995
16S.B-1-cutoffs,0.7-0.8,5,0.716525,0.339857,23,0,19,1,31,0,0,34290,255,15,74,33927
16S.B-1-cutoffs,0.7-0.8,5,0.743307,0.195386,328,0,16,1,1133,0,0,403067,1369,67,960,400658
16S.B-1-cutoffs,0.7-0.8,5,0.743307,0.195386,328,0,20,0,1133,0,0,403067,1269,71,774,400940
16S.B-1-cutoffs,0.7-0.8,5,0.767292,0.505474,14,0,19,0,0,0,0,20869,32,0,59,20764
16S.B-1-cutoffs,0.7-0.8,5,0.767292,0.505474,14,0,21,1,0,0,0,20869,38,4,26,20787
16S.B-1-cutoffs,0.7-0.8,5,0.786551,0.174536,101,0,20,1,51,0,0,139109,96,56,270,138548
16S.B-1-cutoffs,0.7-0.8,5,0.786551,0.174536,101,0,22,0,51,0,0,139109,83,31,177,138679
16S.B-1-cutoffs,0.7-0.8,6,0.716308,0.351297,16,0,18,0,12,0,0,22828,23,0,43,22758
16S.B-1-cutoffs,0.7-0.8,6,0.716308,0.351297,16,0,20,1,12,0,0,22828,25,0,48,22751
16S.B-1-cutoffs,0.7-0.8,6,0.743307,0.197109,317,0,18,0,1133,0,0,387883,1309,78,815,385692
16S.B-1-cutoffs,0.7-0.8,6,0.743307,0.197109,317,0,18,1,1133,0,0,387883,1266,54,848,385726
16S.B-1-cutoffs,0.7-0.8,6,0.752451,0.294597,13,0,20,1,46,0,0,18079,56,0,58,17998
16S.B-1-cutoffs,0.7-0.8,6,0.752451,0.294597,13,0,23,0,46,0,0,18079,54,0,51,18007
16S.B-1-cutoffs,0.7-0.8,6,0.796461,0.213071,73,0,17,0,29,0,0,105165,37,27,194,104778
16S.B-1-cutoffs,0.7-0.8,6,0.796461,0.213071,73,0,19,1,29,0,0,105165,52,11,169,104804
16S.B-1-cutoffs,0.7-0.8,7,0.709693,0.396807,16,0,21,0,0,0,0,22869,0,9,38,22806
16S.B-1-cutoffs,0.7-0.8,7,0.709693,0.396807,16,0,23,1,0,0,0,22869,47,10,57,22739
16S.B-1-cutoffs,0.7-0.8,7,0.743307,0.196372,310,0,19,0,1101,0,0,381776,1294,67,743,379670
16S.B-1-cutoffs,0.7-0.8,7,0.743307,0.196372,310,0,20,1,1101,0,0,381776,1299,124,648,379703
16S.B-1-cutoffs,0.7-0.8,7,0.767292,0.487868,12,0,22,0,0,0,0,17867,54,0,54,17747
16S.B-1-cutoffs,0.7-0.8,7,0.767292,0.487868,12,0,23,1,0,0,0,17867,46,0,46,17763
16S.B-1-cutoffs,0.7-0.8,7,0.79492,0.465532,48,0,20,0,11,0,0,70106,77,75,78,69756
16S.B-1-cutoffs,0.7-0.8,7,0.79492,0.465532,48,0,21,1,11,0,0,70106,90,5,138,69753
16S.B-1-cutoffs,0.7-0.8,8,0.716133,0.476852,11,0,19,0,0,0,0,15897,6,0,77,15803
16S.B-1-cutoffs,0.7-0.8,8,0.716133,0.476852,11,0,24,1,0,0,0,15897,8,0,43,15835
16S.B-1-cutoffs,0.7-0.8,8,0.743307,0.196594,309,0,16,1,1101,0,0,380278,1246,94,951,377987
16S.B-1-cutoffs,0.7-0.8,8,0.743307,0.196594,309,0,20,0,1101,0,0,380278,1269,41,686,378282
16S.B-1-cutoffs,0.7-0.8,8,0.756012,0.378355,9,0,16,1,0,0,0,13180,0,3,49,13119
16S.B-1-cutoffs,0.7-0.8,8,0.756012,0.378355,9,0,20,0,0,0,0,13180,19,0,67,13085
16S.B-1-cutoffs,0.7-0.8,8,0.79492,0.464721,47,0,20,0,11,0,0,68639,78,48,78,68316
16S.B-1-cutoffs,0.7-0.8,8,0.79492,0.464721,47,0,21,1,11,0,0,68639,67,59,106,68288
16S.B-1-cutoffs,0.7-0.8,9,0.716133,0.449591,10,0,18,0,0,0,0,14396,19,0,32,14335
16S.B-1-cutoffs,0.7-0.8,9,0.716133,0.449591,10,0,18,1,0,0,0,14396,14,39,22,14311
16S.B-1-cutoffs,0.7-0.8,9,0.743307,0.196771,308,0,19,1,1101,0,0,378813,1217,119,776,376702
16S.B-1-cutoffs,0.7-0.8,9,0.743307,0.196771,308,0,22,0,1101,0,0,378813,1263,106,673,376772
16S.B-1-cutoffs,0.7-0.8,9,0.765395,0.557405,7,0,18,1,0,0,0,10426,44,0,47,10328
16S.B-1-cutoffs,0.7-0.8,9,0.765395,0.557405,7,0,19,0,0,0,0,10426,51,0,48,10320
16S.B-1-cutoffs,0.7-0.8,9,0.787694,0.253711,32,0,17,1,64,0,0,45118,101,37,59,44897
16S.B-1-cutoffs,0.7-0.8,9,0.787694,0.253711,32,0,18,0,64,0,0,45118,104,0,92,44898
16S.B-1-cutoffs,0.8-0.9,0,0.707917,0.232813,791,0,19,0,490,0,0,1149289,2044,246,1835,1143740
16S.B-1-cutoffs,0.8-0.9,0,0.707917,0.232813,791,0,21,1,490,0,0,1149289,2120,390,1458,1143897
16S.B-1-cutoffs,0.8-0.9,0,0.835403,0.102315,940,0,18,1,72,0,0,1345832,1446,325,2231,1339660
16S.B-1-cutoffs,0.8-0.9,0,0.835403,0.102315,940,0,22,0,72,0,0,1345832,1378,368,1887,1340029
16S.B-1-cutoffs,0.8-0.9,0,0.852652,0.364215,886,0,18,0,200,0,0,1255287,1664,535,1938,1249116
16S.B-1-cutoffs,0.8-0.9,0,0.852652,0.364215,886,0,27,1,200,0,0,1255287,1649,471,1282,1249851
16S.B-1-cutoffs,0.8-0.9,0,0.876283,0.215183,1511,0,16,0,731,0,0,2013626,1190,509,4201,2005565
16S.B-1-cutoffs,0.8-0.9,0,0.876283,0.215183,1511,0,20,1,731,0,0,2013626,1081,264,3540,2006580
16S.B-1-cutoffs,0.8-0.9,1,0.7109,0.1047,454,0,18,1,399,0,0,659568,421,116,1141,657120
16S.B-1-cutoffs,0.8-0.9,1,0.7109,0.1047,454,0,19,0,399,0,0,659568,588,174,1059,656977
16S.B-1-cutoffs,0.8-0.9,1,0.835403,0.097245,931,0,19,1,59,0,0,1332663,1359,332,2247,1326606
16S.B-1-cutoffs,0.8-0.9,1,0.835403,0.097245,931,0,21,0,59,0,0,1332663,1381,360,1947,1326856
16S.B-1-cutoffs,0.8-0.9,1,0.874142,0.189896,566,0,18,0,175,0,0,825470,327,279,1228,822363
16S.B-1-cutoffs,0.8-0.9,1,0.874142,0.189896,566,0,19,1,175,0,0,825470,329,123,1449,822296
16S.B-1-cutoffs,0.8-0.9,1,0.876283,0.214983,1505,0,18,1,731,0,0,2008584,1178,655,3436,2001162
16S.B-1-cutoffs,0.8-0.9,1,0.876283,0.214983,1505,0,19,0,731,0,0,2008584,1178,398,3464,2001391
16S.B-1-cutoffs,0.8-0.9,2,0.715556,0.230077,248,0,18,1,152,0,0,309740,565,67,589,307867
16S.B-1-cutoffs,0.8-0.9,2,0.715556,0.230077,248,0,23,0,152,0,0,309740,540,10,514,308024
16S.B-1-cutoffs,0.8-0.9,2,0.835403,0.093097,923,0,15,1,59,0,0,1321265,838,323,2770,1315247
16S.B-1-cutoffs,0.8-0.9,2,0.835403,0.093097,923,0,19,0,59,0,0,1321265,1250,379,1915,1315634
16S.B-1-cutoffs,0.8-0.9,2,0.870374,0.277724,465,0,19,0,560,0,0,662940,653,284,1050,658712
16S.B-1-cutoffs,0.8-0.9,2,0.870374,0.277724,465,0,23,1,560,0,0,662940,638,327,686,659048
16S.B-1-cutoffs,0.8-0.9,2,0.876283,0.211539,1413,0,17,1,687,0,0,1903382,1151,308,3857,1896036
16S.B-1-cutoffs,0.8-0.9,2,0.876283,0.211539,1413,0,21,0,687,0,0,1903382,1083,223,3119,1896927
16S.B-1-cutoffs,0.8-0.9,3,0.703109,0.252829,122,0,18,0,52,0,0,168085,1026,30,302,166410
16S.B-1-cutoffs,0.8-0.9,3,0.703109,0.252829,122,0,19,1,52,0,0,168085,1080,33,314,166341
16S.B-1-cutoffs,0.8-0.9,3,0.835403,0.089527,917,0,19,1,59,0,0,1312633,1398,301,2076,1306800
16S.B-1-cutoffs,0.8-0.9,3,0.835403,0.089527,917,0,20,0,59,0,0,1312633,1518,327,1970,1306760
16S.B-1-cutoffs,0.8-0.9,3,0.870374,0.275845,446,0,17,1,475,0,0,637948,703,162,1040,633747
16S.B-1-cutoffs,0.8-0.9,3,0.870374,0.275845,446,0,20,0,475,0,0,637948,710,60,1080,633802
16S.B-1-cutoffs,0.8-0.9,3,0.876283,0.211489,1410,0,17,1,687,0,0,1898864,1180,371,3769,1891517
16S.B-1-cutoffs,0.8-0.9,3,0.876283,0.211489,1410,0,19,0,687,0,0,1898864,1164,189,3575,1891909
16S.B-1-cutoffs,0.8-0.9,4,0.720095,0.4026,54,0,17,0,28,0,0,75368,162,80,119,74871
16S.B-1-cutoffs,0.8-0.9,4,0.720095,0.4026,54,0,18,1,28,0,0,75368,220,57,151,74804
16S.B-1-cutoffs,0.8-0.9,4,0.84994,0.310259,507,0,21,1,24,0,0,662687,274,387,857,660458
16S.B-1-cutoffs,0.8-0.9,4,0.84994,0.310259,507,0,22,0,24,0,0,662687,304,255,861,660556
16S.B-1-cutoffs,0.8-0.9,4,0.870374,0.259524,401,0,17,0,364,0,0,573825,425,176,971,569974
16S.B-1-cutoffs,0.8-0.9,4,0.870374,0.259524,401,0,20,1,364,0,0,573825,409,112,863,570162
16S.B-1-cutoffs,0.8-0.9,4,0.876283,0.210716,1380,0,21,0,695,0,0,1865241,1021,316,3016,1858973
16S.B-1-cutoffs,0.8-0.9,4,0.876283,0.210716,1380,0,23,1,695,0,0,1865241,1020,272,2668,1859366
16S.B-1-cutoffs,0.8-0.9,5,0.716525,0.339857,23,0,18,0,31,0,0,34290,280,0,99,33892
16S.B-1-cutoffs,0.8-0.9,5,0.716525,0.339857,23,0,19,1,31,0,0,34290,252,4,79,33936
16S.B-1-cutoffs,0.8-0.9,5,0.84994,0.304903,501,0,18,1,24,0,0,654171,300,324,1034,651812
16S.B-1-cutoffs,0.8-0.9,5,0.84994,0.304903,501,0,21,0,24,0,0,654171,271,184,1043,651972
16S.B-1-cutoffs,0.8-0.9,5,0.870374,0.259502,400,0,18,0,354,0,0,572298,551,82,1047,568343
16S.B-1-cutoffs,0.8-0.9,5,0.870374,0.259502,400,0,19,1,354,0,0,572298,344,171,869,568639
16S.B-1-cutoffs,0.8-0.9,5,0.876324,0.191561,568,0,18,0,173,0,0,828421,355,198,1376,825189
16S.B-1-cutoffs,0.8-0.9,5,0.876324,0.191561,568,0,21,1,173,0,0,828421,329,185,1209,825395
16S.B-1-cutoffs,0.8-0.9,6,0.716308,0.351297,16,0,16,0,12,0,0,22828,29,0,84,22711
16S.B-1-cutoffs,0.8-0.9,6,0.716308,0.351297,16,0,19,1,12,0,0,22828,25,4,48,22747
16S.B-1-cutoffs,0.8-0.9,6,0.8319,0.260373,264,0,16,0,55,0,0,382622,216,128,810,380074
16S.B-1-cutoffs,0.8-0.9,6,0.8319,0.260373,264,0,22,1,55,0,0,382622,217,146,474,380391
16S.B-1-cutoffs,0.8-0.9,6,0.870374,0.229479,307,0,20,0,289,0,0,437447,356,137,658,434699
16S.B-1-cutoffs,0.8-0.9,6,0.870374,0.229479,307,0,21,1,289,0,0,437447,386,111,659,434694
16S.B-1-cutoffs,0.8-0.9,6,0.876324,0.191062,567,0,16,1,173,0,0,826980,410,201,1541,823529
16S.B-1-cutoffs,0.8-0.9,6,0.876324,0.191062,567,0,17,0,173,0,0,826980,335,265,1443,823638
16S.B-1-cutoffs,0.8-0.9,7,0.709693,0.396807,16,0,15,0,0,0,0,22869,20,31,73,22729
16S.B-1-cutoffs,0.8-0.9,7,0.709693,0.396807,16,0,20,1,0,0,0,22869,28,0,38,22787
16S.B-1-cutoffs,0.8-0.9,7,0.844198,0.420109,107,0,18,0,0,0,0,152368,90,54,230,151742
16S.B-1-cutoffs,0.8-0.9,7,0.844198,0.420109,107,0,18,1,0,0,0,152368,58,91,127,151840
16S.B-1-cutoffs,0.8-0.9,7,0.8635,0.145631,262,0,21,0,1747,0,0,344427,1622,54,574,341932
16S.B-1-cutoffs,0.8-0.9,7,0.8635,0.145631,262,0,23,1,1747,0,0,344427,1712,82,507,341881
16S.B-1-cutoffs,0.8-0.9,7,0.880091,0.272252,357,0,17,0,229,0,0,410269,1401,497,714,406388
16S.B-1-cutoffs,0.8-0.9,7,0.880091,0.272252,357,0,18,1,229,0,0,410269,1213,353,592,406842
16S.B-1-cutoffs,0.8-0.9,8,0.716133,0.476852,11,0,19,1,0,0,0,15897,10,0,59,15817
16S.B-1-cutoffs,0.8-0.9,8,0.716133,0.476852,11,0,22,0,0,0,0,15897,9,0,50,15827
16S.B-1-cutoffs,0.8-0.9,8,0.843105,0.275563,98,0,19,0,105,0,0,126088,435,24,264,125316
16S.B-1-cutoffs,0.8-0.9,8,0.843105,0.275563,98,0,19,1,105,0,0,126088,479,53,223,125284
16S.B-1-cutoffs,0.8-0.9,8,0.870374,0.197974,240,0,22,0,249,0,0,343404,799,51,481,340630
16S.B-1-cutoffs,0.8-0.9,8,0.870374,0.197974,240,0,22,1,249,0,0,343404,754,121,432,340654
16S.B-1-cutoffs,0.8-0.9,8,0.880091,0.237684,342,0,16,1,228,0,0,388375,1394,188,906,384906
16S.B-1-cutoffs,0.8-0.9,8,0.880091,0.237684,342,0,17,0,228,0,0,388375,1438,321,680,384955
16S.B-1-cutoffs,0.8-0.9,9,0.716133,0.449591,10,0,20,0,0,0,0,14396,19,0,49,14318
16S.B-1-cutoffs,0.8-0.9,9,0.716133,0.449591,10,0,20,1,0,0,0,14396,14,6,20,14346
16S.B-1-cutoffs,0.8-0.9,9,0.83424,0.418402,92,0,18,0,0,0,0,125642,120,62,256,124590
16S.B-1-cutoffs,0.8-0.9,9,0.83424,0.418402,92,0,20,1,0,0,0,125642,102,3,192,124731
16S.B-1-cutoffs,0.8-0.9,9,0.870374,0.197474,239,0,17,0,249,0,0,341986,852,14,686,338994
16S.B-1-cutoffs,0.8-0.9,9,0.870374,0.197474,239,0,22,1,249,0,0,341986,815,50,498,339183
16S.B-1-cutoffs,0.8-0.9,9,0.893205,0.300604,281,0,18,0,169,0,0,413331,427,190,541,410852
16S.B-1-cutoffs,0.8-0.9,9,0.893205,0.300604,281,0,21,1,169,0,0,413331,445,174,524,410867
16S.B-1-cutoffs,0.9-1,0,0.912233,0.232387,717,0,18,0,1826,0,0,926313,2212,211,1797,921410
16S.B-1-cutoffs,0.9-1,0,0.912233,0.232387,717,0,18,1,1826,0,0,926313,2276,353,1571,921430
16S.B-1-cutoffs,0.9-1,0,0.945162,0.424973,980,0,19,0,217,0,0,1251362,467,564,2071,1240433
16S.B-1-cutoffs,0.9-1,0,0.945162,0.424973,980,0,21,1,217,0,0,1251362,397,512,1863,1240763
16S.B-1-cutoffs,0.9-1,0,0.956081,0.455212,462,0,18,1,260,0,0,588849,394,153,1112,585863
16S.B-1-cutoffs,0.9-1,0,0.956081,0.455212,462,0,20,0,260,0,0,588849,376,238,956,585952
16S.B-1-cutoffs,0.9-1,0,0.976981,0.129017,980,0,17,0,444,0,0,1404051,1821,575,2369,1397364
16S.B-1-cutoffs,0.9-1,0,0.976981,0.129017,980,0,18,1,444,0,0,1404051,1896,384,2390,1397459
16S.B-1-cutoffs,0.9-1,1,0.912233,0.232011,716,0,19,0,1826,0,0,924805,2198,209,1668,920056
16S.B-1-cutoffs,0.9-1,1,0.912233,0.232011,716,0,19,1,1826,0,0,924805,2222,241,1643,920025
16S.B-1-cutoffs,0.9-1,1,0.93999,0.125627,446,0,13,1,555,0,0,604625,738,251,1508,601367
16S.B-1-cutoffs,0.9-1,1,0.93999,0.125627,446,0,17,0,555,0,0,604625,804,174,1120,601766
16S.B-1-cutoffs,0.9-1,1,0.966503,0.375648,444,0,22,1,136,0,0,584675,929,106,976,581470
16S.B-1-cutoffs,0.9-1,1,0.966503,0.375648,444,0,23,0,136,0,0,584675,811,200,717,581753
16S.B-1-cutoffs,0.9-1,1,0.976981,0.126977,977,0,19,0,445,0,0,1399651,1888,500,2162,1393191
16S.B-1-cutoffs,0.9-1,1,0.976981,0.126977,977,0,20,1,445,0,0,1399651,1886,367,2092,1393396
16S.B-1-cutoffs,0.9-1,2,0.912233,0.231995,715,0,14,0,1826,0,0,923306,2308,354,2168,917804
16S.B-1-cutoffs,0.9-1,2,0.912233,0.231995,715,0,23,1,1826,0,0,923306,2107,204,1390,918933
16S.B-1-cutoffs,0.9-1,2,0.93999,0.122725,444,0,20,0,522,0,0,601834,758,206,914,599107
16S.B-1-cutoffs,0.9-1,2,0.93999,0.122725,444,0,20,1,522,0,0,601834,695,219,950,599121
16S.B-1-cutoffs,0.9-1,2,0.966503,0.375569,443,0,17,0,136,0,0,583283,902,163,1204,579828
16S.B-1-cutoffs,0.9-1,2,0.966503,0.375569,443,0,19,1,136,0,0,583283,921,136,985,580055
16S.B-1-cutoffs,0.9-1,2,0.976981,0.118106,961,0,19,1,226,0,0,1376575,1578,371,2127,1370413
16S.B-1-cutoffs,0.9-1,2,0.976981,0.118106,961,0,22,0,226,0,0,1376575,1700,374,1799,1370616
16S.B-1-cutoffs,0.9-1,3,0.912233,0.231973,714,0,17,0,1826,0,0,921778,2075,333,1824,916851
16S.B-1-cutoffs,0.9-1,3,0.912233,0.231973,714,0,17,1,1826,0,0,921778,2073,313,1864,916833
16S.B-1-cutoffs,0.9-1,3,0.93999,0.121869,443,0,18,1,541,0,0,600567,730,247,990,597775
16S.B-1-cutoffs,0.9-1,3,0.93999,0.121869,443,0,23,0,541,0,0,600567,537,170,896,598139
16S.B-1-cutoffs,0.9-1,3,0.956081,0.38351,382,0,21,1,244,0,0,484504,1279,155,760,481163
16S.B-1-cutoffs,0.9-1,3,0.956081,0.38351,382,0,23,0,244,0,0,484504,383,141,690,482143
16S.B-1-cutoffs,0.9-1,3,0.976981,0.108129,948,0,20,1,150,0,0,1357306,1652,427,1992,1351192
16S.B-1-cutoffs,0.9-1,3,0.976981,0.108129,948,0,22,0,150,0,0,1357306,1519,432,1668,1351644
16S.B-1-cutoffs,0.9-1,4,0.912233,0.232002,713,0,18,0,1826,0,0,920248,2215,281,1691,915343
16S.B-1-cutoffs,0.9-1,4,0.912233,0.232002,713,0,21,1,1826,0,0,920248,2151,133,1598,915648
16S.B-1-cutoffs,0.9-1,4,0.93897,0.201598,137,0,17,1,10,0,0,191929,262,94,332,190798
16S.B-1-cutoffs,0.9-1,4,0.93897,0.201598,137,0,19,0,10,0,0,191929,288,51,322,190825
16S.B-1-cutoffs,0.9-1,4,0.956139,0.440636,155,0,20,0,303,0,0,208261,710,127,259,207188
16S.B-1-cutoffs,0.9-1,4,0.956139,0.440636,155,0,20,1,303,0,0,208261,730,33,337,207184
16S.B-1-cutoffs,0.9-1,4,0.977152,0.370785,830,0,17,0,646,0,0,1029905,2767,524,1958,1022427
16S.B-1-cutoffs,0.9-1,4,0.977152,0.370785,830,0,22,1,646,0,0,1029905,2827,648,1346,1022855
16S.B-1-cutoffs,0.9-1,5,0.912233,0.231997,711,0,19,1,1827,0,0,917327,2105,356,1498,912654
16S.B-1-cutoffs,0.9-1,5,0.912233,0.231997,711,0,22,0,1827,0,0,917327,2120,288,1328,912877
16S.B-1-cutoffs,0.9-1,5,0.93095,0.185997,99,0,16,0,89,0,0,85002,132,50,288,84077
16S.B-1-cutoffs,0.9-1,5,0.93095,0.185997,99,0,20,1,89,0,0,85002,150,28,210,84159
16S.B-1-cutoffs,0.9-1,5,0.958723,0.411365,88,0,18,1,49,0,0,122012,88,54,202,121482
16S.B-1-cutoffs,0.9-1,5,0.958723,0.411365,88,0,20,0,49,0,0,122012,90,24,227,121485
16S.B-1-cutoffs,0.9-1,5,0.977152,0.368864,825,0,19,1,688,0,0,1022411,2695,609,1455,1015450
16S.B-1-cutoffs,0.9-1,5,0.977152,0.368864,825,0,22,0,688,0,0,1022411,2623,533,1351,1015702
16S.B-1-cutoffs,0.9-1,6,0.909978,0.228602,701,0,20,0,1715,0,0,908542,2065,209,1593,903914
16S.B-1-cutoffs,0.9-1,6,0.909978,0.228602,701,0,22,1,1715,0,0,908542,2051,136,1466,904128
16S.B-1-cutoffs,0.9-1,6,0.929893,0.303831,53,0,21,1,31,0,0,74109,222,0,155,73653
16S.B-1-cutoffs,0.9-1,6,0.929893,0.303831,53,0,23,0,31,0,0,74109,121,42,106,73761
16S.B-1-cutoffs,0.9-1,6,0.952574,0.602372,12,0,17,0,0,0,0,18102,47,0,22,18021
16S.B-1-cutoffs,0.9-1,6,0.952574,0.602372,12,0,22,1,0,0,0,18102,47,0,55,17988
16S.B-1-cutoffs,0.9-1,6,0.983548,0.221168,684,0,17,1,190,0,0,945910,1795,231,1792,940637
16S.B-1-cutoffs,0.9-1,6,0.983548,0.221168,684,0,20,0,190,0,0,945910,1794,264,1501,940896
16S.B-1-cutoffs,0.9-1,7,0.909978,0.228651,697,0,21,0,1715,0,0,903112,1983,264,1432,898700
16S.B-1-cutoffs,0.9-1,7,0.909978,0.228651,697,0,22,1,1715,0,0,903112,2045,232,1355,898747
16S.B-1-cutoffs,0.9-1,7,0.938021,0.527357,27,0,19,0,33,0,0,38946,58,60,44,38743
16S.B-1-cutoffs,0.9-1,7,0.938021,0.527357,27,0,20,1,33,0,0,38946,71,31,55,38748
16S.B-1-cutoffs,0.9-1,7,0.95481,0.710035,8,0,16,0,0,0,0,9578,3,0,64,9503
16S.B-1-cutoffs,0.9-1,7,0.95481,0.710035,8,0,20,1,0,0,0,9578,3,10,47,9510
16S.B-1-cutoffs,0.9-1,7,0.983548,0.20826,664,0,19,0,216,0,0,917146,1802,178,1606,912117
16S.B-1-cutoffs,0.9-1,7,0.983548,0.20826,664,0,21,1,216,0,0,917146,1774,185,1426,912318
16S.B-1-cutoffs,0.9-1,8,0.909978,0.229055,695,0,16,1,1715,0,0,900116,2253,118,2031,894983
16S.B-1-cutoffs,0.9-1,8,0.909978,0.229055,695,0,21,0,1715,0,0,900116,1899,240,1469,895777
16S.B-1-cutoffs,0.9-1,8,0.937683,0.558427,16,0,16,0,51,0,0,23609,141,14,84,23405
16S.B-1-cutoffs,0.9-1,8,0.937683,0.558427,16,0,20,1,51,0,0,23609,138,0,23,23483
16S.B-1-cutoffs,0.9-1,8,0.963123,0.627489,6,0,19,1,0,0,0,8155,83,31,35,8000
16S.B-1-cutoffs,0.9-1,8,0.963123,0.627489,6,0,21,0,0,0,0,8155,68,0,53,8028
16S.B-1-cutoffs,0.9-1,8,0.990274,0.417145,497,0,13,1,166,0,0,658475,913,461,1502,654402
16S.B-1-cutoffs,0.9-1,8,0.990274,0.417145,497,0,20,0,166,0,0,658475,958,170,1075,655075
16S.B-1-cutoffs,0.9-1,9,0.909978,0.229248,694,0,17,1,1702,0,0,898629,2136,200,1846,893706
16S.B-1-cutoffs,0.9-1,9,0.909978,0.229248,694,0,21,0,1702,0,0,898629,2089,162,1456,894181
16S.B-1-cutoffs,0.9-1,9,0.926809,0.359788,15,0,17,0,26,0,0,22724,65,0,45,22625
16S.B-1-cutoffs,0.9-1,9,0.926809,0.359788,15,0,19,1,26,0,0,22724,72,0,54,22609
16S.B-1-cutoffs,0.9-1,9,0.963123,0.632627,4,0,15,1,0,0,0,5032,32,35,21,4940
16S.B-1-cutoffs,0.9-1,9,0.963123,0.632627,4,0,21,0,0,0,0,5032,36,0,37,4955
16S.B-1-cutoffs,0.9-1,9,0.990274,0.414941,495,0,17,1,134,0,0,655728,969,277,1188,652048
16S.B-1-cutoffs,0.9-1,9,0.990274,0.414941,495,0,19,0,134,0,0,655728,868,194,1120,652300
