16S.B,0-0.1,0,0.043241,0.010049,361,0,18,0,0,0,0,531441,200,53,920,529539
16S.B,0-0.1,0,0.043241,0.010049,361,0,21,1,0,0,0,531441,152,69,842,529649
16S.B,0-0.1,0,0.064129,0.012799,562,0,16,1,0,0,0,805878,307,101,1652,802695
16S.B,0-0.1,0,0.064129,0.012799,562,0,21,0,0,0,0,805878,225,83,1294,803153
16S.B,0-0.1,0,0.095544,0.017847,685,0,20,0,0,0,0,982017,274,56,1580,979072
16S.B,0-0.1,0,0.095544,0.017847,685,0,21,1,0,0,0,982017,268,13,1659,979042
16S.B,0-0.1,1,0.043241,0.010004,360,0,17,0,0,0,0,529969,169,40,993,528039
16S.B,0-0.1,1,0.043241,0.010004,360,0,17,1,0,0,0,529969,210,10,1166,527855
16S.B,0-0.1,1,0.063049,0.010983,441,0,20,0,0,0,0,632080,178,81,1171,629744
16S.B,0-0.1,1,0.063049,0.010983,441,0,22,1,0,0,0,632080,169,47,963,629995
16S.B,0-0.1,1,0.095544,0.017493,622,0,20,0,0,0,0,891965,259,138,1450,889208
16S.B,0-0.1,1,0.095544,0.017493,622,0,20,1,0,0,0,891965,240,87,1508,889220
16S.B,0-0.1,2,0.043241,0.009967,359,0,17,1,0,0,0,528497,182,25,1079,526484
16S.B,0-0.1,2,0.043241,0.009967,359,0,21,0,0,0,0,528497,159,3,895,526713
16S.B,0-0.1,2,0.067151,0.011957,373,0,16,1,0,0,0,543760,205,41,1190,541521
16S.B,0-0.1,2,0.067151,0.011957,373,0,17,0,0,0,0,543760,167,16,1014,541760
16S.B,0-0.1,2,0.081792,0.017002,611,0,22,1,0,0,0,897962,225,52,1346,895313
16S.B,0-0.1,2,0.081792,0.017002,611,0,23,0,0,0,0,897962,226,54,1282,895374
16S.B,0-0.1,3,0.043241,0.00993,358,0,19,1,0,0,0,527025,144,37,958,525160
16S.B,0-0.1,3,0.043241,0.00993,358,0,21,0,0,0,0,527025,154,30,791,525324
16S.B,0-0.1,3,0.067151,0.010678,365,0,20,1,0,0,0,537425,162,2,957,535510
16S.B,0-0.1,3,0.067151,0.010678,365,0,23,0,0,0,0,537425,153,0,826,535652
16S.B,0-0.1,3,0.081792,0.016995,609,0,21,1,0,0,0,895007,227,74,1368,892318
16S.B,0-0.1,3,0.081792,0.016995,609,0,22,0,0,0,0,895007,195,68,1324,892400
16S.B,0-0.1,4,0.043241,0.009902,357,0,15,1,0,0,0,525553,158,71,1106,523493
16S.B,0-0.1,4,0.043241,0.009902,357,0,16,0,0,0,0,525553,222,61,1159,523386
16S.B,0-0.1,4,0.067151,0.01047,363,0,19,0,0,0,0,534473,158,70,929,532530
16S.B,0-0.1,4,0.067151,0.01047,363,0,21,1,0,0,0,534473,166,11,853,532657
16S.B,0-0.1,4,0.081792,0.016946,606,0,20,0,0,0,0,890693,235,75,1392,887980
16S.B,0-0.1,4,0.081792,0.016946,606,0,20,1,0,0,0,890693,210,66,1507,887899
16S.B,0-0.1,5,0.043241,0.009873,356,0,19,0,0,0,0,524081,140,51,835,522331
16S.B,0-0.1,5,0.043241,0.009873,356,0,20,1,0,0,0,524081,152,36,899,522270
16S.B,0-0.1,5,0.07369,0.016162,257,0,17,1,0,0,0,377885,114,26,827,376508
16S.B,0-0.1,5,0.07369,0.016162,257,0,20,0,0,0,0,377885,96,23,576,376780
16S.B,0-0.1,5,0.081792,0.017027,588,0,19,0,0,0,0,863854,218,66,1470,861140
16S.B,0-0.1,5,0.081792,0.017027,588,0,20,1,0,0,0,863854,243,32,1326,861293
16S.B,0-0.1,6,0.043241,0.009844,355,0,19,0,0,0,0,522609,182,0,906,520798
16S.B,0-0.1,6,0.043241,0.009844,355,0,19,1,0,0,0,522609,151,37,939,520759
16S.B,0-0.1,6,0.056509,0.012406,246,0,17,1,0,0,0,334397,160,0,735,332629
16S.B,0-0.1,6,0.056509,0.012406,246,0,20,0,0,0,0,334397,106,10,664,332744
16S.B,0-0.1,6,0.081792,0.017031,587,0,18,1,0,0,0,862383,242,88,1527,859568
16S.B,0-0.1,6,0.081792,0.017031,587,0,20,0,0,0,0,862383,220,94,1427,859684
16S.B,0-0.1,7,0.043241,0.009521,348,0,16,0,0,0,0,512485,186,18,1024,510541
16S.B,0-0.1,7,0.043241,0.009521,348,0,16,1,0,0,0,512485,177,19,1036,510537
16S.B,0-0.1,7,0.063049,0.01132,215,0,19,1,0,0,0,308244,109,11,600,307096
16S.B,0-0.1,7,0.063049,0.01132,215,0,20,0,0,0,0,308244,89,42,500,307185
16S.B,0-0.1,7,0.081792,0.017055,585,0,19,1,0,0,0,859425,248,75,1488,856658
16S.B,0-0.1,7,0.081792,0.017055,585,0,20,0,0,0,0,859425,244,44,1474,856707
16S.B,0-0.1,8,0.043241,0.009508,347,0,20,0,0,0,0,511013,172,9,816,509301
16S.B,0-0.1,8,0.043241,0.009508,347,0,22,1,0,0,0,511013,122,42,763,509371
16S.B,0-0.1,8,0.056509,0.012624,209,0,20,0,0,0,0,284077,85,2,427,282727
16S.B,0-0.1,8,0.056509,0.012624,209,0,20,1,0,0,0,284077,101,9,553,282578
16S.B,0-0.1,8,0.081792,0.017074,583,0,20,0,0,0,0,856472,230,69,1425,853794
16S.B,0-0.1,8,0.081792,0.017074,583,0,20,1,0,0,0,856472,229,60,1439,853790
16S.B,0-0.1,9,0.043241,0.009494,346,0,16,0,0,0,0,509541,198,9,1030,507590
16S.B,0-0.1,9,0.043241,0.009494,346,0,19,1,0,0,0,509541,153,47,948,507679
16S.B,0-0.1,9,0.056509,0.012648,208,0,20,0,0,0,0,282830,73,36,500,281387
16S.B,0-0.1,9,0.056509,0.012648,208,0,20,1,0,0,0,282830,113,0,588,281295
16S.B,0-0.1,9,0.081792,0.017093,581,0,17,0,0,0,0,853522,293,56,1735,850486
16S.B,0-0.1,9,0.081792,0.017093,581,0,21,1,0,0,0,853522,207,144,1303,850916
16S.B,0.1-0.2,0,0.122405,0.026451,947,0,19,0,35,0,0,1388353,405,117,2409,1383550
16S.B,0.1-0.2,0,0.122405,0.026451,947,0,21,1,35,0,0,1388353,385,179,2199,1383718
16S.B,0.1-0.2,0,0.136393,0.039029,456,0,19,0,51,0,0,616280,213,142,1146,613803
16S.B,0.1-0.2,0,0.136393,0.039029,456,0,21,1,51,0,0,616280,193,34,1099,613978
16S.B,0.1-0.2,0,0.17235,0.022067,742,0,17,0,0,0,0,1063826,284,108,2161,1059828
16S.B,0.1-0.2,0,0.17235,0.022067,742,0,21,1,0,0,0,1063826,276,130,1802,1060173
16S.B,0.1-0.2,0,0.193081,0.022997,745,0,19,1,15,0,0,1067952,324,94,1810,1064244
16S.B,0.1-0.2,0,0.193081,0.022997,745,0,20,0,15,0,0,1067952,273,93,1786,1064320
16S.B,0.1-0.2,1,0.111022,0.024908,923,0,19,0,35,0,0,1355822,378,174,2441,1351373
16S.B,0.1-0.2,1,0.111022,0.024908,923,0,22,1,35,0,0,1355822,281,162,1867,1352056
16S.B,0.1-0.2,1,0.136393,0.038544,450,0,19,1,51,0,0,608453,215,119,1102,606090
16S.B,0.1-0.2,1,0.136393,0.038544,450,0,22,0,51,0,0,608453,193,102,982,606249
16S.B,0.1-0.2,1,0.166665,0.042188,480,0,19,1,63,0,0,650569,235,64,1194,648172
16S.B,0.1-0.2,1,0.166665,0.042188,480,0,20,0,63,0,0,650569,231,32,1245,648157
16S.B,0.1-0.2,1,0.177005,0.031322,536,0,18,1,180,0,0,738072,240,107,1476,735225
16S.B,0.1-0.2,1,0.177005,0.031322,536,0,19,0,180,0,0,738072,270,118,1318,735342
16S.B,0.1-0.2,2,0.117863,0.021293,739,0,20,1,0,0,0,1059366,314,36,1797,1055998
16S.B,0.1-0.2,2,0.117863,0.021293,739,0,23,0,0,0,0,1059366,251,50,1527,1056317
16S.B,0.1-0.2,2,0.136393,0.038516,449,0,20,0,51,0,0,606967,201,61,1043,604736
16S.B,0.1-0.2,2,0.136393,0.038516,449,0,22,1,51,0,0,606967,218,77,999,604747
16S.B,0.1-0.2,2,0.154284,0.017885,386,0,16,1,22,0,0,562130,185,89,1157,559782
16S.B,0.1-0.2,2,0.154284,0.017885,386,0,20,0,22,0,0,562130,173,25,984,560031
16S.B,0.1-0.2,2,0.177005,0.031027,534,0,19,1,180,0,0,735190,259,23,1421,732465
16S.B,0.1-0.2,2,0.177005,0.031027,534,0,23,0,180,0,0,735190,235,34,1126,732773
16S.B,0.1-0.2,3,0.117863,0.021265,738,0,18,0,17,0,0,1057838,323,86,2001,1054276
16S.B,0.1-0.2,3,0.117863,0.021265,738,0,18,1,17,0,0,1057838,289,111,1893,1054393
16S.B,0.1-0.2,3,0.136393,0.038522,447,0,18,1,63,0,0,604588,264,41,1235,602138
16S.B,0.1-0.2,3,0.136393,0.038522,447,0,20,0,63,0,0,604588,223,25,1166,602264
16S.B,0.1-0.2,3,0.154284,0.017304,385,0,18,1,0,0,0,560676,153,94,985,558509
16S.B,0.1-0.2,3,0.154284,0.017304,385,0,23,0,0,0,0,560676,119,35,781,558806
16S.B,0.1-0.2,3,0.177005,0.030874,532,0,20,1,180,0,0,732236,244,60,1310,729612
16S.B,0.1-0.2,3,0.177005,0.030874,532,0,22,0,180,0,0,732236,232,46,1220,729728
16S.B,0.1-0.2,4,0.111022,0.019811,704,0,19,1,35,0,0,1033372,313,80,1832,1029950
16S.B,0.1-0.2,4,0.111022,0.019811,704,0,20,0,35,0,0,1033372,276,128,1652,1030119
16S.B,0.1-0.2,4,0.136393,0.03255,366,0,17,1,49,0,0,523807,187,78,988,521865
16S.B,0.1-0.2,4,0.136393,0.03255,366,0,18,0,49,0,0,523807,174,39,988,521917
16S.B,0.1-0.2,4,0.154284,0.0168,384,0,19,0,0,0,0,559188,151,106,873,557155
16S.B,0.1-0.2,4,0.154284,0.0168,384,0,20,1,0,0,0,559188,181,83,969,557052
16S.B,0.1-0.2,4,0.177005,0.030841,528,0,20,0,180,0,0,726508,207,113,1212,723970
16S.B,0.1-0.2,4,0.177005,0.030841,528,0,21,1,180,0,0,726508,217,161,1044,724080
16S.B,0.1-0.2,5,0.111022,0.019775,703,0,19,0,35,0,0,1031887,319,71,1782,1028522
16S.B,0.1-0.2,5,0.111022,0.019775,703,0,20,1,35,0,0,1031887,334,67,1690,1028603
16S.B,0.1-0.2,5,0.136393,0.032577,365,0,19,1,49,0,0,522302,198,9,987,520431
16S.B,0.1-0.2,5,0.136393,0.032577,365,0,21,0,49,0,0,522302,150,83,764,520628
16S.B,0.1-0.2,5,0.161927,0.035902,220,0,19,1,136,0,0,322192,143,19,603,321029
16S.B,0.1-0.2,5,0.161927,0.035902,220,0,22,0,136,0,0,322192,137,32,566,321059
16S.B,0.1-0.2,5,0.177005,0.03087,526,0,16,0,180,0,0,723628,251,105,1459,720809
16S.B,0.1-0.2,5,0.177005,0.03087,526,0,20,1,180,0,0,723628,233,103,1246,721042
16S.B,0.1-0.2,6,0.111022,0.019744,702,0,20,1,35,0,0,1030402,262,122,1598,1027231
16S.B,0.1-0.2,6,0.111022,0.019744,702,0,21,0,35,0,0,1030402,294,18,1716,1027185
16S.B,0.1-0.2,6,0.136393,0.032623,364,0,20,0,49,0,0,520841,180,81,819,519085
16S.B,0.1-0.2,6,0.136393,0.032623,364,0,20,1,49,0,0,520841,193,18,875,519079
16S.B,0.1-0.2,6,0.161927,0.035891,219,0,20,1,136,0,0,320656,120,8,501,319630
16S.B,0.1-0.2,6,0.161927,0.035891,219,0,23,0,136,0,0,320656,122,62,445,319630
16S.B,0.1-0.2,6,0.177005,0.030886,525,0,17,1,180,0,0,722187,237,35,1481,719431
16S.B,0.1-0.2,6,0.177005,0.030886,525,0,18,0,180,0,0,722187,281,101,1419,719383
16S.B,0.1-0.2,7,0.111022,0.019655,699,0,17,0,35,0,0,1025950,324,160,1938,1022343
16S.B,0.1-0.2,7,0.111022,0.019655,699,0,19,1,35,0,0,1025950,304,76,1694,1022691
16S.B,0.1-0.2,7,0.136393,0.032651,362,0,19,1,49,0,0,517923,206,78,926,516039
16S.B,0.1-0.2,7,0.136393,0.032651,362,0,20,0,49,0,0,517923,194,48,883,516124
16S.B,0.1-0.2,7,0.150838,0.020913,196,0,17,1,15,0,0,225947,88,98,463,224916
16S.B,0.1-0.2,7,0.150838,0.020913,196,0,19,0,15,0,0,225947,98,16,519,224932
16S.B,0.1-0.2,7,0.175306,0.039772,304,0,17,0,13,0,0,297239,123,62,753,295564
16S.B,0.1-0.2,7,0.175306,0.039772,304,0,21,1,13,0,0,297239,139,37,737,295589
16S.B,0.1-0.2,8,0.111022,0.019631,698,0,20,1,35,0,0,1024463,329,87,1553,1021310
16S.B,0.1-0.2,8,0.111022,0.019631,698,0,21,0,35,0,0,1024463,296,29,1488,1021466
16S.B,0.1-0.2,8,0.136393,0.032717,361,0,16,0,49,0,0,516462,211,105,1062,514416
16S.B,0.1-0.2,8,0.136393,0.032717,361,0,21,1,49,0,0,516462,177,24,807,514786
16S.B,0.1-0.2,8,0.150838,0.020524,194,0,16,0,15,0,0,223005,125,28,583,221889
16S.B,0.1-0.2,8,0.150838,0.020524,194,0,18,1,15,0,0,223005,104,19,538,221964
16S.B,0.1-0.2,8,0.175306,0.039805,301,0,18,0,13,0,0,294105,175,33,816,292361
16S.B,0.1-0.2,8,0.175306,0.039805,301,0,19,1,13,0,0,294105,127,42,757,292459
16S.B,0.1-0.2,9,0.111022,0.019584,697,0,15,0,35,0,0,1022998,390,143,2121,1019161
16S.B,0.1-0.2,9,0.111022,0.019584,697,0,17,1,35,0,0,1022998,379,171,1861,1019404
16S.B,0.1-0.2,9,0.139181,0.02185,352,0,15,1,150,0,0,482607,180,63,1156,480535
16S.B,0.1-0.2,9,0.139181,0.02185,352,0,20,0,150,0,0,482607,152,59,816,480907
16S.B,0.1-0.2,9,0.150838,0.020568,193,0,18,1,15,0,0,222178,106,47,528,221118
16S.B,0.1-0.2,9,0.150838,0.020568,193,0,20,0,15,0,0,222178,134,8,511,221146
16S.B,0.1-0.2,9,0.175306,0.039962,290,0,19,0,13,0,0,281886,151,31,733,280284
16S.B,0.1-0.2,9,0.175306,0.039962,290,0,20,1,13,0,0,281886,124,64,636,280375
16S.B,0.2-0.3,0,0.217,0.045965,470,0,18,0,64,0,0,452145,203,49,1319,449479
16S.B,0.2-0.3,0,0.217,0.045965,470,0,20,1,64,0,0,452145,200,86,1016,449748
16S.B,0.2-0.3,0,0.226008,0.056723,773,0,20,0,97,0,0,1075084,356,97,1907,1071256
16S.B,0.2-0.3,0,0.226008,0.056723,773,0,20,1,97,0,0,1075084,331,76,1897,1071312
16S.B,0.2-0.3,0,0.265223,0.060131,364,0,18,0,11,0,0,527910,174,33,1021,526013
16S.B,0.2-0.3,0,0.265223,0.060131,364,0,18,1,11,0,0,527910,173,86,1001,525981
16S.B,0.2-0.3,0,0.297041,0.034964,542,0,18,0,255,0,0,746289,319,202,1308,743479
16S.B,0.2-0.3,0,0.297041,0.034964,542,0,21,1,255,0,0,746289,312,112,1194,743690
16S.B,0.2-0.3,1,0.217,0.043018,449,0,19,0,64,0,0,426490,215,20,1158,424051
16S.B,0.2-0.3,1,0.217,0.043018,449,0,21,1,64,0,0,426490,175,128,847,424294
16S.B,0.2-0.3,1,0.226008,0.056674,771,0,22,0,97,0,0,1072120,346,127,1793,1068356
16S.B,0.2-0.3,1,0.226008,0.056674,771,0,22,1,97,0,0,1072120,363,99,1692,1068468
16S.B,0.2-0.3,1,0.265223,0.059959,363,0,17,0,11,0,0,526450,179,72,1113,524426
16S.B,0.2-0.3,1,0.265223,0.059959,363,0,19,1,11,0,0,526450,148,61,1023,524558
16S.B,0.2-0.3,1,0.279295,0.098989,254,0,18,1,0,0,0,370155,106,45,681,368635
16S.B,0.2-0.3,1,0.279295,0.098989,254,0,21,0,0,0,0,370155,101,46,591,368729
16S.B,0.2-0.3,2,0.217,0.042868,448,0,20,0,64,0,0,425606,210,91,1101,423160
16S.B,0.2-0.3,2,0.217,0.042868,448,0,21,1,64,0,0,425606,218,30,1129,423185
16S.B,0.2-0.3,2,0.226008,0.056694,770,0,19,0,97,0,0,1070660,367,109,1880,1066807
16S.B,0.2-0.3,2,0.226008,0.056694,770,0,22,1,97,0,0,1070660,294,232,1483,1067154
16S.B,0.2-0.3,2,0.265223,0.059926,362,0,17,1,11,0,0,525058,158,85,1012,523144
16S.B,0.2-0.3,2,0.265223,0.059926,362,0,18,0,11,0,0,525058,144,49,996,523210
16S.B,0.2-0.3,2,0.291137,0.0994,249,0,20,0,88,0,0,347372,195,28,658,346131
16S.B,0.2-0.3,2,0.291137,0.0994,249,0,21,1,88,0,0,347372,153,105,538,346216
16S.B,0.2-0.3,3,0.217,0.042913,447,0,18,0,64,0,0,424791,238,23,1215,422272
16S.B,0.2-0.3,3,0.217,0.042913,447,0,19,1,64,0,0,424791,172,86,1155,422335
16S.B,0.2-0.3,3,0.237352,0.060033,644,0,19,1,50,0,0,629551,312,82,1611,626059
16S.B,0.2-0.3,3,0.237352,0.060033,644,0,22,0,50,0,0,629551,315,49,1464,626236
16S.B,0.2-0.3,3,0.254192,0.05342,282,0,18,0,256,0,0,389547,349,59,696,388001
16S.B,0.2-0.3,3,0.254192,0.05342,282,0,18,1,256,0,0,389547,267,29,756,388053
16S.B,0.2-0.3,3,0.291137,0.09876,248,0,19,0,88,0,0,346442,182,58,642,345201
16S.B,0.2-0.3,3,0.291137,0.09876,248,0,20,1,88,0,0,346442,173,70,597,345243
16S.B,0.2-0.3,4,0.217,0.040394,403,0,20,0,38,0,0,387243,185,71,991,385040
16S.B,0.2-0.3,4,0.217,0.040394,403,0,22,1,38,0,0,387243,144,34,846,385263
16S.B,0.2-0.3,4,0.237352,0.059977,643,0,17,1,50,0,0,628705,313,169,1747,624990
16S.B,0.2-0.3,4,0.237352,0.059977,643,0,18,0,50,0,0,628705,272,184,1531,625232
16S.B,0.2-0.3,4,0.254192,0.048629,272,0,17,1,101,0,0,375273,215,30,811,373663
16S.B,0.2-0.3,4,0.254192,0.048629,272,0,21,0,101,0,0,375273,173,27,631,373888
16S.B,0.2-0.3,4,0.279295,0.098239,247,0,20,0,0,0,0,359833,107,41,574,358409
16S.B,0.2-0.3,4,0.279295,0.098239,247,0,23,1,0,0,0,359833,66,45,493,358527
16S.B,0.2-0.3,5,0.217,0.040461,402,0,18,0,38,0,0,386409,150,57,1054,384194
16S.B,0.2-0.3,5,0.217,0.040461,402,0,24,1,38,0,0,386409,159,92,812,384392
16S.B,0.2-0.3,5,0.237352,0.05997,642,0,18,1,50,0,0,627854,268,151,1706,624247
16S.B,0.2-0.3,5,0.237352,0.05997,642,0,20,0,50,0,0,627854,295,69,1523,624485
16S.B,0.2-0.3,5,0.254192,0.048264,271,0,17,0,92,0,0,373859,247,13,743,372296
16S.B,0.2-0.3,5,0.254192,0.048264,271,0,17,1,92,0,0,373859,213,20,718,372348
16S.B,0.2-0.3,5,0.297399,0.107151,242,0,17,0,10,0,0,247405,76,158,562,245863
16S.B,0.2-0.3,5,0.297399,0.107151,242,0,18,1,10,0,0,247405,118,22,667,245852
16S.B,0.2-0.3,6,0.217,0.040518,400,0,16,0,38,0,0,384836,222,47,1227,382389
16S.B,0.2-0.3,6,0.217,0.040518,400,0,19,1,38,0,0,384836,181,70,1006,382628
16S.B,0.2-0.3,6,0.237352,0.05997,641,0,22,1,50,0,0,627009,267,41,1446,623774
16S.B,0.2-0.3,6,0.237352,0.05997,641,0,23,0,50,0,0,627009,215,138,1254,623921
16S.B,0.2-0.3,6,0.254192,0.047893,270,0,17,0,83,0,0,372427,185,57,682,370937
16S.B,0.2-0.3,6,0.254192,0.047893,270,0,19,1,83,0,0,372427,172,16,781,370892
16S.B,0.2-0.3,6,0.288543,0.094885,242,0,22,0,87,0,0,339233,150,73,508,338148
16S.B,0.2-0.3,6,0.288543,0.094885,242,0,24,1,87,0,0,339233,148,114,423,338194
16S.B,0.2-0.3,7,0.217,0.040557,399,0,20,0,38,0,0,384082,173,103,868,381990
16S.B,0.2-0.3,7,0.217,0.040557,399,0,24,1,38,0,0,384082,157,42,751,382184
16S.B,0.2-0.3,7,0.237352,0.05997,640,0,19,1,50,0,0,626166,258,200,1483,622745
16S.B,0.2-0.3,7,0.237352,0.05997,640,0,21,0,50,0,0,626166,270,40,1490,622886
16S.B,0.2-0.3,7,0.254192,0.047476,269,0,22,0,60,0,0,370997,148,19,643,369601
16S.B,0.2-0.3,7,0.254192,0.047476,269,0,24,1,60,0,0,370997,152,46,533,369680
16S.B,0.2-0.3,7,0.297399,0.105662,239,0,18,1,10,0,0,242926,80,109,623,241420
16S.B,0.2-0.3,7,0.297399,0.105662,239,0,19,0,10,0,0,242926,84,72,586,241490
16S.B,0.2-0.3,8,0.217,0.040614,398,0,20,0,38,0,0,383371,185,78,810,381351
16S.B,0.2-0.3,8,0.217,0.040614,398,0,22,1,38,0,0,383371,177,44,867,381336
16S.B,0.2-0.3,8,0.237352,0.059893,636,0,19,0,64,0,0,622814,324,112,1585,619331
16S.B,0.2-0.3,8,0.237352,0.059893,636,0,19,1,64,0,0,622814,297,126,1515,619414
16S.B,0.2-0.3,8,0.254192,0.047315,268,0,19,0,60,0,0,369545,185,23,764,367988
16S.B,0.2-0.3,8,0.254192,0.047315,268,0,22,1,60,0,0,369545,176,17,563,368204
16S.B,0.2-0.3,8,0.288543,0.09384,239,0,17,0,86,0,0,335805,173,70,655,334459
16S.B,0.2-0.3,8,0.288543,0.09384,239,0,20,1,86,0,0,335805,156,42,534,334625
16S.B,0.2-0.3,9,0.217,0.040672,397,0,18,0,38,0,0,382653,209,45,1055,380398
16S.B,0.2-0.3,9,0.217,0.040672,397,0,21,1,38,0,0,382653,145,69,861,380632
16S.B,0.2-0.3,9,0.237352,0.059884,635,0,19,1,64,0,0,621970,305,43,1751,618412
16S.B,0.2-0.3,9,0.237352,0.059884,635,0,22,0,64,0,0,621970,268,113,1365,618765
16S.B,0.2-0.3,9,0.254192,0.047091,264,0,17,0,60,0,0,363868,196,4,820,362274
16S.B,0.2-0.3,9,0.254192,0.047091,264,0,19,1,60,0,0,363868,167,12,625,362490
16S.B,0.2-0.3,9,0.297399,0.105384,238,0,16,1,10,0,0,241466,98,176,594,239905
16S.B,0.2-0.3,9,0.297399,0.105384,238,0,19,0,10,0,0,241466,118,6,659,239990
16S.B,0.3-0.4,0,0.323742,0.084709,389,0,14,0,174,0,0,565619,276,139,1253,563214
16S.B,0.3-0.4,0,0.323742,0.084709,389,0,20,1,174,0,0,565619,207,42,972,563661
16S.B,0.3-0.4,0,0.336299,0.063,856,0,17,0,41,0,0,1224656,356,295,2331,1219254
16S.B,0.3-0.4,0,0.336299,0.063,856,0,19,1,41,0,0,1224656,314,289,2056,1219577
16S.B,0.3-0.4,0,0.366735,0.087959,833,0,19,0,164,0,0,827235,414,141,2020,822809
16S.B,0.3-0.4,0,0.366735,0.087959,833,0,21,1,164,0,0,827235,338,214,1876,822956
16S.B,0.3-0.4,0,0.390505,0.082475,910,0,22,1,59,0,0,1302433,257,234,1919,1298033
16S.B,0.3-0.4,0,0.390505,0.082475,910,0,24,0,59,0,0,1302433,259,143,1734,1298307
16S.B,0.3-0.4,1,0.323742,0.084819,388,0,17,0,174,0,0,564124,237,76,1188,561887
16S.B,0.3-0.4,1,0.323742,0.084819,388,0,19,1,174,0,0,564124,225,39,1005,562119
16S.B,0.3-0.4,1,0.334458,0.041204,620,0,21,0,87,0,0,889906,264,34,1384,887273
16S.B,0.3-0.4,1,0.334458,0.041204,620,0,21,1,87,0,0,889906,232,142,1344,887237
16S.B,0.3-0.4,1,0.366735,0.075457,713,0,16,0,118,0,0,707472,422,229,2020,703132
16S.B,0.3-0.4,1,0.366735,0.075457,713,0,18,1,118,0,0,707472,398,137,1850,703418
16S.B,0.3-0.4,1,0.390505,0.081291,907,0,18,0,41,0,0,1298094,378,167,2463,1293051
16S.B,0.3-0.4,1,0.390505,0.081291,907,0,19,1,41,0,0,1298094,291,386,1883,1293499
16S.B,0.3-0.4,2,0.314665,0.025795,384,0,19,1,108,0,0,518289,250,84,933,515697
16S.B,0.3-0.4,2,0.314665,0.025795,384,0,22,0,108,0,0,518289,226,96,790,515852
16S.B,0.3-0.4,2,0.334458,0.040605,617,0,19,1,51,0,0,885510,201,198,1288,882839
16S.B,0.3-0.4,2,0.334458,0.040605,617,0,23,0,51,0,0,885510,212,74,1277,882963
16S.B,0.3-0.4,2,0.37219,0.043609,628,0,19,1,156,0,0,898545,398,106,1591,895528
16S.B,0.3-0.4,2,0.37219,0.043609,628,0,24,0,156,0,0,898545,296,71,1284,895972
16S.B,0.3-0.4,2,0.395576,0.145579,611,0,20,0,77,0,0,892682,255,95,1438,889439
16S.B,0.3-0.4,2,0.395576,0.145579,611,0,21,1,77,0,0,892682,265,155,1287,889520
16S.B,0.3-0.4,3,0.314665,0.025615,383,0,17,0,96,0,0,516948,274,90,1046,514202
16S.B,0.3-0.4,3,0.314665,0.025615,383,0,18,1,96,0,0,516948,251,72,1019,514270
16S.B,0.3-0.4,3,0.334458,0.040466,616,0,17,1,51,0,0,883968,285,144,1717,880839
16S.B,0.3-0.4,3,0.334458,0.040466,616,0,21,0,51,0,0,883968,261,112,1383,881229
16S.B,0.3-0.4,3,0.371224,0.042521,625,0,19,0,108,0,0,894325,339,53,1590,891385
16S.B,0.3-0.4,3,0.371224,0.042521,625,0,19,1,108,0,0,894325,301,61,1553,891452
16S.B,0.3-0.4,3,0.395576,0.14519,603,0,22,0,77,0,0,881130,274,116,1278,878017
16S.B,0.3-0.4,3,0.395576,0.14519,603,0,23,1,77,0,0,881130,230,83,1227,878145
16S.B,0.3-0.4,4,0.314665,0.025486,382,0,19,0,96,0,0,515595,238,66,999,512957
16S.B,0.3-0.4,4,0.314665,0.025486,382,0,22,1,96,0,0,515595,216,52,812,513180
16S.B,0.3-0.4,4,0.334458,0.031686,528,0,18,0,53,0,0,762817,239,80,1376,760313
16S.B,0.3-0.4,4,0.334458,0.031686,528,0,22,1,53,0,0,762817,251,16,1239,760502
16S.B,0.3-0.4,4,0.371224,0.042101,623,0,16,1,123,0,0,892543,381,82,1840,889307
16S.B,0.3-0.4,4,0.371224,0.042101,623,0,21,0,123,0,0,892543,303,135,1294,889878
16S.B,0.3-0.4,4,0.395576,0.144993,601,0,18,1,77,0,0,878214,332,149,1499,874791
16S.B,0.3-0.4,4,0.395576,0.144993,601,0,20,0,77,0,0,878214,206,239,1296,875030
16S.B,0.3-0.4,5,0.314665,0.02545,381,0,18,1,123,0,0,514217,303,45,1122,511440
16S.B,0.3-0.4,5,0.314665,0.02545,381,0,22,0,123,0,0,514217,277,23,967,511643
16S.B,0.3-0.4,5,0.334458,0.03149,525,0,20,0,53,0,0,759258,251,30,1387,756785
16S.B,0.3-0.4,5,0.334458,0.03149,525,0,22,1,53,0,0,759258,196,94,1112,757051
16S.B,0.3-0.4,5,0.373408,0.095702,531,0,17,0,109,0,0,730686,347,32,1414,727635
16S.B,0.3-0.4,5,0.373408,0.095702,531,0,19,1,109,0,0,730686,340,91,1273,727724
16S.B,0.3-0.4,5,0.395576,0.144966,600,0,19,0,77,0,0,876740,257,151,1349,873541
16S.B,0.3-0.4,5,0.395576,0.144966,600,0,21,1,77,0,0,876740,232,130,1259,873677
16S.B,0.3-0.4,6,0.314665,0.025382,378,0,16,1,123,0,0,510152,262,69,1109,507408
16S.B,0.3-0.4,6,0.314665,0.025382,378,0,19,0,123,0,0,510152,296,36,938,507578
16S.B,0.3-0.4,6,0.334458,0.031579,522,0,15,1,53,0,0,754629,291,50,1632,751854
16S.B,0.3-0.4,6,0.334458,0.031579,522,0,17,0,53,0,0,754629,249,76,1515,751987
16S.B,0.3-0.4,6,0.373408,0.093558,515,0,18,1,112,0,0,707789,288,155,1347,704749
16S.B,0.3-0.4,6,0.373408,0.093558,515,0,19,0,112,0,0,707789,308,81,1389,704761
16S.B,0.3-0.4,6,0.395576,0.145016,596,0,16,1,77,0,0,870807,317,129,1788,867136
16S.B,0.3-0.4,6,0.395576,0.145016,596,0,17,0,77,0,0,870807,267,245,1424,867434
16S.B,0.3-0.4,7,0.323742,0.08657,369,0,18,1,174,0,0,536323,210,79,1027,534340
16S.B,0.3-0.4,7,0.323742,0.08657,369,0,20,0,174,0,0,536323,215,46,883,534512
16S.B,0.3-0.4,7,0.334458,0.03158,521,0,18,1,53,0,0,753086,220,68,1462,750535
16S.B,0.3-0.4,7,0.334458,0.03158,521,0,23,0,53,0,0,753086,203,56,1051,750975
16S.B,0.3-0.4,7,0.355599,0.055957,427,0,19,1,343,0,0,620344,638,105,994,617903
16S.B,0.3-0.4,7,0.355599,0.055957,427,0,20,0,343,0,0,620344,484,110,1020,618026
16S.B,0.3-0.4,7,0.389103,0.103993,571,0,21,1,182,0,0,787648,306,103,1267,784737
16S.B,0.3-0.4,7,0.389103,0.103993,571,0,22,0,182,0,0,787648,330,60,1236,784787
16S.B,0.3-0.4,8,0.317793,0.028145,341,0,18,1,36,0,0,489275,191,37,947,487066
16S.B,0.3-0.4,8,0.317793,0.028145,341,0,22,0,36,0,0,489275,141,81,698,487321
16S.B,0.3-0.4,8,0.334458,0.031615,520,0,21,0,53,0,0,751543,222,19,1150,749352
16S.B,0.3-0.4,8,0.334458,0.031615,520,0,21,1,53,0,0,751543,207,83,1141,749312
16S.B,0.3-0.4,8,0.355599,0.053043,424,0,19,0,343,0,0,615990,551,100,996,613647
16S.B,0.3-0.4,8,0.355599,0.053043,424,0,21,1,343,0,0,615990,408,53,984,613849
16S.B,0.3-0.4,8,0.389103,0.103711,570,0,20,0,169,0,0,786214,325,70,1486,783086
16S.B,0.3-0.4,8,0.389103,0.103711,570,0,20,1,169,0,0,786214,307,82,1434,783144
16S.B,0.3-0.4,9,0.315414,0.113853,314,0,20,0,24,0,0,457357,132,32,722,455798
16S.B,0.3-0.4,9,0.315414,0.113853,314,0,21,1,24,0,0,457357,98,48,669,455869
16S.B,0.3-0.4,9,0.334458,0.03165,519,0,20,0,53,0,0,750000,234,36,1234,747697
16S.B,0.3-0.4,9,0.334458,0.03165,519,0,23,1,53,0,0,750000,210,23,1097,747871
16S.B,0.3-0.4,9,0.355599,0.05228,423,0,17,0,321,0,0,614524,569,52,1182,612004
16S.B,0.3-0.4,9,0.355599,0.05228,423,0,19,1,321,0,0,614524,537,199,977,612094
16S.B,0.3-0.4,9,0.385769,0.100654,527,0,22,1,220,0,0,766192,293,35,1227,763649
16S.B,0.3-0.4,9,0.385769,0.100654,527,0,23,0,220,0,0,766192,228,77,1066,763833
16S.B,0.4-0.5,0,0.42411,0.149772,844,0,19,0,109,0,0,1228036,322,145,2090,1223810
16S.B,0.4-0.5,0,0.42411,0.149772,844,0,20,1,109,0,0,1228036,298,202,2000,1223867
16S.B,0.4-0.5,0,0.443451,0.062652,690,0,20,0,378,0,0,978505,336,100,1643,975533
16S.B,0.4-0.5,0,0.443451,0.062652,690,0,21,1,378,0,0,978505,618,70,1644,975280
16S.B,0.4-0.5,0,0.473344,0.133517,1957,0,18,0,507,0,0,2440971,1285,319,5125,2430479
16S.B,0.4-0.5,0,0.473344,0.133517,1957,0,25,1,507,0,0,2440971,980,358,3633,2432237
16S.B,0.4-0.5,0,0.477484,0.112876,562,0,20,0,224,0,0,817822,285,167,1297,814957
16S.B,0.4-0.5,0,0.477484,0.112876,562,0,22,1,224,0,0,817822,237,277,962,815230
16S.B,0.4-0.5,1,0.42411,0.149808,837,0,18,1,109,0,0,1217837,341,187,2074,1213574
16S.B,0.4-0.5,1,0.42411,0.149808,837,0,20,0,109,0,0,1217837,304,168,1856,1213848
16S.B,0.4-0.5,1,0.443451,0.062286,689,0,16,1,378,0,0,977116,637,181,2034,973372
16S.B,0.4-0.5,1,0.443451,0.062286,689,0,19,0,378,0,0,977116,612,40,1751,973821
16S.B,0.4-0.5,1,0.473344,0.133444,1956,0,14,0,507,0,0,2439629,1399,429,6151,2427889
16S.B,0.4-0.5,1,0.473344,0.133444,1956,0,19,1,507,0,0,2439629,1106,357,4670,2429735
16S.B,0.4-0.5,1,0.478913,0.1675,268,0,15,1,43,0,0,363507,131,148,705,361870
16S.B,0.4-0.5,1,0.478913,0.1675,268,0,22,0,43,0,0,363507,97,89,543,362125
16S.B,0.4-0.5,2,0.42411,0.149917,835,0,20,0,109,0,0,1214906,304,212,1868,1210863
16S.B,0.4-0.5,2,0.42411,0.149917,835,0,21,1,109,0,0,1214906,273,212,1779,1210983
16S.B,0.4-0.5,2,0.443451,0.060416,684,0,22,0,369,0,0,969925,626,209,1434,966769
16S.B,0.4-0.5,2,0.443451,0.060416,684,0,24,1,369,0,0,969925,530,240,1211,967057
16S.B,0.4-0.5,2,0.473344,0.133341,1955,0,17,1,507,0,0,2438855,1315,317,5495,2427980
16S.B,0.4-0.5,2,0.473344,0.133341,1955,0,20,0,507,0,0,2438855,1080,263,4525,2429239
16S.B,0.4-0.5,2,0.478913,0.166762,267,0,16,1,43,0,0,362207,140,105,849,360461
16S.B,0.4-0.5,2,0.478913,0.166762,267,0,21,0,43,0,0,362207,103,95,533,360824
16S.B,0.4-0.5,3,0.42411,0.150052,833,0,18,0,109,0,0,1212008,321,215,2132,1207684
16S.B,0.4-0.5,3,0.42411,0.150052,833,0,21,1,109,0,0,1212008,308,160,1855,1208029
16S.B,0.4-0.5,3,0.443451,0.059572,682,0,16,1,369,0,0,966887,693,120,1895,963300
16S.B,0.4-0.5,3,0.443451,0.059572,682,0,19,0,369,0,0,966887,310,237,1456,964005
16S.B,0.4-0.5,3,0.473344,0.107763,1008,0,19,1,494,0,0,1050480,768,326,2295,1045265
16S.B,0.4-0.5,3,0.473344,0.107763,1008,0,21,0,494,0,0,1050480,757,156,2207,1045534
16S.B,0.4-0.5,3,0.478913,0.166395,266,0,18,0,43,0,0,360730,117,44,635,359284
16S.B,0.4-0.5,3,0.478913,0.166395,266,0,18,1,43,0,0,360730,113,57,632,359278
16S.B,0.4-0.5,4,0.42411,0.150176,831,0,16,0,109,0,0,1209167,365,339,2174,1204635
16S.B,0.4-0.5,4,0.42411,0.150176,831,0,21,1,109,0,0,1209167,262,226,1779,1205246
16S.B,0.4-0.5,4,0.443451,0.059226,681,0,17,0,369,0,0,966144,704,88,1971,962505
16S.B,0.4-0.5,4,0.443451,0.059226,681,0,18,1,369,0,0,966144,416,114,1794,962944
16S.B,0.4-0.5,4,0.458879,0.160857,976,0,16,1,132,0,0,1419035,400,218,2782,1413770
16S.B,0.4-0.5,4,0.458879,0.160857,976,0,19,0,132,0,0,1419035,340,364,2154,1414312
16S.B,0.4-0.5,4,0.478913,0.166243,264,0,17,0,43,0,0,358527,109,122,705,356944
16S.B,0.4-0.5,4,0.478913,0.166243,264,0,19,1,43,0,0,358527,112,60,576,357132
16S.B,0.4-0.5,5,0.40945,0.104521,572,0,18,0,182,0,0,789128,360,174,1353,786003
16S.B,0.4-0.5,5,0.40945,0.104521,572,0,20,1,182,0,0,789128,344,73,1291,786182
16S.B,0.4-0.5,5,0.443451,0.058927,680,0,19,1,369,0,0,964617,379,111,1662,961604
16S.B,0.4-0.5,5,0.443451,0.058927,680,0,20,0,369,0,0,964617,612,144,1562,961438
16S.B,0.4-0.5,5,0.458879,0.160426,967,0,20,1,132,0,0,1405896,345,332,2059,1401310
16S.B,0.4-0.5,5,0.458879,0.160426,967,0,22,0,132,0,0,1405896,251,368,1691,1401736
16S.B,0.4-0.5,5,0.492711,0.123902,263,0,18,0,36,0,0,310209,152,71,651,308966
16S.B,0.4-0.5,5,0.492711,0.123902,263,0,23,1,36,0,0,310209,102,30,536,309172
16S.B,0.4-0.5,6,0.421835,0.05854,429,0,20,0,343,0,0,623325,409,119,1004,621082
16S.B,0.4-0.5,6,0.421835,0.05854,429,0,20,1,343,0,0,623325,543,57,1037,620977
16S.B,0.4-0.5,6,0.443451,0.058632,679,0,18,0,369,0,0,963079,725,99,1846,959549
16S.B,0.4-0.5,6,0.443451,0.058632,679,0,20,1,369,0,0,963079,595,113,1652,959859
16S.B,0.4-0.5,6,0.458879,0.160404,964,0,22,1,132,0,0,1401550,311,235,2087,1397070
16S.B,0.4-0.5,6,0.458879,0.160404,964,0,23,0,132,0,0,1401550,281,236,1720,1397466
16S.B,0.4-0.5,6,0.478913,0.159543,248,0,20,0,24,0,0,336326,117,18,655,334881
16S.B,0.4-0.5,6,0.478913,0.159543,248,0,20,1,24,0,0,336326,104,37,571,334959
16S.B,0.4-0.5,7,0.405722,0.12307,289,0,17,1,105,0,0,394858,218,66,788,393095
16S.B,0.4-0.5,7,0.405722,0.12307,289,0,20,0,105,0,0,394858,207,41,674,393245
16S.B,0.4-0.5,7,0.443451,0.057305,675,0,18,0,369,0,0,958566,671,105,1762,955176
16S.B,0.4-0.5,7,0.443451,0.057305,675,0,26,1,369,0,0,958566,553,124,1158,955879
16S.B,0.4-0.5,7,0.458879,0.160188,956,0,18,0,132,0,0,1389862,365,271,2388,1385096
16S.B,0.4-0.5,7,0.458879,0.160188,956,0,23,1,132,0,0,1389862,327,224,1757,1385812
16S.B,0.4-0.5,7,0.484214,0.057618,191,0,19,0,80,0,0,248324,150,9,555,247189
16S.B,0.4-0.5,7,0.484214,0.057618,191,0,20,1,80,0,0,248324,143,59,416,247285
16S.B,0.4-0.5,8,0.405722,0.122546,286,0,19,1,105,0,0,390321,216,79,810,388531
16S.B,0.4-0.5,8,0.405722,0.122546,286,0,24,0,105,0,0,390321,164,44,563,388865
16S.B,0.4-0.5,8,0.443451,0.056957,674,0,18,0,369,0,0,957031,668,149,1786,953577
16S.B,0.4-0.5,8,0.443451,0.056957,674,0,21,1,369,0,0,957031,618,166,1458,953938
16S.B,0.4-0.5,8,0.458879,0.160281,951,0,17,1,132,0,0,1382792,399,317,2494,1377758
16S.B,0.4-0.5,8,0.458879,0.160281,951,0,20,0,132,0,0,1382792,333,203,2106,1378326
16S.B,0.4-0.5,8,0.479706,0.12718,143,0,19,0,21,0,0,188410,73,21,352,187739
16S.B,0.4-0.5,8,0.479706,0.12718,143,0,21,1,21,0,0,188410,70,6,351,187758
16S.B,0.4-0.5,9,0.405722,0.122474,285,0,20,0,105,0,0,388821,202,65,576,387294
16S.B,0.4-0.5,9,0.405722,0.122474,285,0,20,1,105,0,0,388821,225,90,680,387142
16S.B,0.4-0.5,9,0.443451,0.056358,672,0,19,1,369,0,0,954023,351,182,1586,951055
16S.B,0.4-0.5,9,0.443451,0.056358,672,0,23,0,369,0,0,954023,617,40,1532,950985
16S.B,0.4-0.5,9,0.458879,0.160409,943,0,21,0,119,0,0,1371375,278,192,1969,1367090
16S.B,0.4-0.5,9,0.458879,0.160409,943,0,21,1,119,0,0,1371375,338,295,2086,1366810
16S.B,0.4-0.5,9,0.476485,0.140207,112,0,18,0,122,0,0,163657,129,29,354,163025
16S.B,0.4-0.5,9,0.476485,0.140207,112,0,21,1,122,0,0,163657,118,18,286,163115
16S.B,0.5-0.6,0,0.516271,0.119214,574,0,15,1,255,0,0,835531,318,155,1666,832199
16S.B,0.5-0.6,0,0.516271,0.119214,574,0,22,0,255,0,0,835531,273,125,1197,832743
16S.B,0.5-0.6,0,0.539,0.133734,1958,0,16,0,507,0,0,2442515,1336,457,5504,2431452
16S.B,0.5-0.6,0,0.539,0.133734,1958,0,20,1,507,0,0,2442515,1034,217,4547,2432951
16S.B,0.5-0.6,0,0.5578,0.170459,1063,0,19,0,155,0,0,1544577,387,285,2369,1539587
16S.B,0.5-0.6,0,0.5578,0.170459,1063,0,23,1,155,0,0,1544577,344,240,2057,1539987
16S.B,0.5-0.6,0,0.592889,0.208338,619,0,20,0,79,0,0,823271,199,156,1362,819993
16S.B,0.5-0.6,0,0.592889,0.208338,619,0,24,1,79,0,0,823271,180,121,1117,820292
16S.B,0.5-0.6,1,0.522936,0.198195,560,0,18,0,251,0,0,803895,340,170,1378,800566
16S.B,0.5-0.6,1,0.522936,0.198195,560,0,18,1,251,0,0,803895,393,207,1416,800438
16S.B,0.5-0.6,1,0.529169,0.058372,775,0,19,1,108,0,0,1078030,386,93,1951,1074129
16S.B,0.5-0.6,1,0.529169,0.058372,775,0,20,0,108,0,0,1078030,380,148,1858,1074173
16S.B,0.5-0.6,1,0.5578,0.17023,1059,0,16,0,155,0,0,1539015,455,438,2891,1533287
16S.B,0.5-0.6,1,0.5578,0.17023,1059,0,16,1,155,0,0,1539015,476,424,2726,1533445
16S.B,0.5-0.6,1,0.592889,0.207533,617,0,17,1,67,0,0,820516,269,141,1609,816927
16S.B,0.5-0.6,1,0.592889,0.207533,617,0,18,0,67,0,0,820516,177,330,1468,816971
16S.B,0.5-0.6,2,0.519102,0.196347,548,0,21,1,239,0,0,786440,281,279,1075,783350
16S.B,0.5-0.6,2,0.519102,0.196347,548,0,22,0,239,0,0,786440,288,136,1126,783435
16S.B,0.5-0.6,2,0.536793,0.204241,586,0,18,0,268,0,0,840922,347,181,1449,837400
16S.B,0.5-0.6,2,0.536793,0.204241,586,0,24,1,268,0,0,840922,311,116,1098,837852
16S.B,0.5-0.6,2,0.5578,0.170086,1056,0,21,0,155,0,0,1534633,384,265,2345,1529698
16S.B,0.5-0.6,2,0.5578,0.170086,1056,0,21,1,155,0,0,1534633,360,465,2044,1529823
16S.B,0.5-0.6,2,0.592889,0.207552,613,0,19,0,66,0,0,814748,198,286,1260,811444
16S.B,0.5-0.6,2,0.592889,0.207552,613,0,24,1,66,0,0,814748,172,143,1241,811632
16S.B,0.5-0.6,3,0.504374,0.079129,468,0,17,1,612,0,0,611989,602,100,1271,609210
16S.B,0.5-0.6,3,0.504374,0.079129,468,0,20,0,612,0,0,611989,501,120,1039,609523
16S.B,0.5-0.6,3,0.545271,0.206554,395,0,19,1,98,0,0,569587,182,110,950,567329
16S.B,0.5-0.6,3,0.545271,0.206554,395,0,21,0,98,0,0,569587,157,169,715,567530
16S.B,0.5-0.6,3,0.5578,0.169382,1050,0,19,0,155,0,0,1526384,420,246,2517,1521217
16S.B,0.5-0.6,3,0.5578,0.169382,1050,0,19,1,155,0,0,1526384,352,311,2366,1521371
16S.B,0.5-0.6,3,0.592889,0.20716,595,0,17,1,57,0,0,789602,223,263,1463,786115
16S.B,0.5-0.6,3,0.592889,0.20716,595,0,20,0,57,0,0,789602,166,338,1167,786393
16S.B,0.5-0.6,4,0.504374,0.078828,466,0,21,0,612,0,0,609000,513,113,1019,606531
16S.B,0.5-0.6,4,0.504374,0.078828,466,0,22,1,612,0,0,609000,511,126,953,606586
16S.B,0.5-0.6,4,0.534201,0.202306,384,0,19,0,229,0,0,517904,181,174,873,516125
16S.B,0.5-0.6,4,0.534201,0.202306,384,0,21,1,229,0,0,517904,130,189,753,516281
16S.B,0.5-0.6,4,0.5578,0.169315,1049,0,19,1,155,0,0,1525247,399,240,2584,1519991
16S.B,0.5-0.6,4,0.5578,0.169315,1049,0,23,0,155,0,0,1525247,350,277,2028,1520559
16S.B,0.5-0.6,4,0.592889,0.205636,540,0,18,0,57,0,0,715038,254,95,1469,711743
16S.B,0.5-0.6,4,0.592889,0.205636,540,0,18,1,57,0,0,715038,156,221,1311,711873
16S.B,0.5-0.6,5,0.504374,0.078928,465,0,11,0,612,0,0,607502,641,228,1841,603969
16S.B,0.5-0.6,5,0.504374,0.078928,465,0,20,1,612,0,0,607502,452,257,942,605028
16S.B,0.5-0.6,5,0.534201,0.200573,377,0,18,1,229,0,0,507605,161,179,783,505939
16S.B,0.5-0.6,5,0.534201,0.200573,377,0,20,0,229,0,0,507605,186,118,848,505910
16S.B,0.5-0.6,5,0.5578,0.167729,1027,0,17,0,155,0,0,1493216,405,329,2698,1487836
16S.B,0.5-0.6,5,0.5578,0.167729,1027,0,20,1,155,0,0,1493216,319,287,2308,1488354
16S.B,0.5-0.6,5,0.592889,0.205804,538,0,19,1,57,0,0,712302,196,223,1286,709123
16S.B,0.5-0.6,5,0.592889,0.205804,538,0,21,0,57,0,0,712302,205,89,1166,709368
16S.B,0.5-0.6,6,0.504374,0.079028,464,0,18,0,612,0,0,606003,544,46,1294,603301
16S.B,0.5-0.6,6,0.504374,0.079028,464,0,19,1,612,0,0,606003,517,88,1104,603476
16S.B,0.5-0.6,6,0.534201,0.200474,376,0,19,1,229,0,0,506134,163,84,893,504452
16S.B,0.5-0.6,6,0.534201,0.200474,376,0,20,0,229,0,0,506134,165,164,816,504447
16S.B,0.5-0.6,6,0.5578,0.16764,1024,0,14,1,155,0,0,1488789,512,584,3191,1482560
16S.B,0.5-0.6,6,0.5578,0.16764,1024,0,19,0,155,0,0,1488789,341,275,2369,1483862
16S.B,0.5-0.6,6,0.592889,0.205924,537,0,18,1,57,0,0,710875,215,141,1347,707701
16S.B,0.5-0.6,6,0.592889,0.205924,537,0,19,0,57,0,0,710875,172,262,1202,707768
16S.B,0.5-0.6,7,0.505455,0.146185,407,0,17,0,69,0,0,584988,165,139,867,582432
16S.B,0.5-0.6,7,0.505455,0.146185,407,0,20,1,69,0,0,584988,154,73,843,582533
16S.B,0.5-0.6,7,0.526117,0.179158,264,0,22,0,226,0,0,340078,289,36,623,338537
16S.B,0.5-0.6,7,0.526117,0.179158,264,0,25,1,226,0,0,340078,295,45,526,338619
16S.B,0.5-0.6,7,0.5578,0.167247,1014,0,17,0,155,0,0,1474256,404,332,2732,1468909
16S.B,0.5-0.6,7,0.5578,0.167247,1014,0,19,1,155,0,0,1474256,371,292,2432,1469282
16S.B,0.5-0.6,7,0.592889,0.206043,536,0,21,1,57,0,0,709448,188,81,1229,706482
16S.B,0.5-0.6,7,0.592889,0.206043,536,0,23,0,57,0,0,709448,173,75,1128,706604
16S.B,0.5-0.6,8,0.505455,0.142315,401,0,20,1,69,0,0,576513,169,113,958,573913
16S.B,0.5-0.6,8,0.505455,0.142315,401,0,21,0,69,0,0,576513,122,94,926,574011
16S.B,0.5-0.6,8,0.526117,0.175547,257,0,18,0,226,0,0,331201,294,145,718,329459
16S.B,0.5-0.6,8,0.526117,0.175547,257,0,21,1,226,0,0,331201,298,89,589,329640
16S.B,0.5-0.6,8,0.567416,0.184892,563,0,20,0,160,0,0,821105,260,238,1172,818216
16S.B,0.5-0.6,8,0.567416,0.184892,563,0,20,1,160,0,0,821105,219,176,1244,818247
16S.B,0.5-0.6,8,0.592889,0.206162,535,0,18,1,57,0,0,708021,207,217,1271,704859
16S.B,0.5-0.6,8,0.592889,0.206162,535,0,19,0,57,0,0,708021,222,165,1289,704878
16S.B,0.5-0.6,9,0.505455,0.142083,400,0,19,1,69,0,0,575109,149,196,831,572655
16S.B,0.5-0.6,9,0.505455,0.142083,400,0,20,0,69,0,0,575109,161,145,829,572696
16S.B,0.5-0.6,9,0.548729,0.167214,132,0,16,1,112,0,0,188011,141,16,382,187194
16S.B,0.5-0.6,9,0.548729,0.167214,132,0,19,0,112,0,0,188011,124,14,296,187299
16S.B,0.5-0.6,9,0.567416,0.184289,559,0,21,1,160,0,0,815372,203,224,995,812736
16S.B,0.5-0.6,9,0.567416,0.184289,559,0,22,0,160,0,0,815372,281,99,1192,812586
16S.B,0.5-0.6,9,0.592889,0.206364,533,0,20,0,57,0,0,705266,194,166,1230,702211
16S.B,0.5-0.6,9,0.592889,0.206364,533,0,20,1,57,0,0,705266,208,146,1140,702307
16S.B,0.6-0.7,0,0.614032,0.129002,867,0,22,0,224,0,0,1198768,467,167,1899,1194916
16S.B,0.6-0.7,0,0.614032,0.129002,867,0,22,1,224,0,0,1198768,450,276,1784,1194939
16S.B,0.6-0.7,0,0.630971,0.114555,513,0,17,1,554,0,0,666390,676,149,1473,663271
16S.B,0.6-0.7,0,0.630971,0.114555,513,0,19,0,554,0,0,666390,700,121,1188,663560
16S.B,0.6-0.7,0,0.662003,0.22598,623,0,19,0,311,0,0,894371,335,231,1369,890851
16S.B,0.6-0.7,0,0.662003,0.22598,623,0,22,1,311,0,0,894371,359,229,1234,890964
16S.B,0.6-0.7,0,0.687814,0.257355,1930,0,17,1,236,0,0,2808250,886,628,5121,2797521
16S.B,0.6-0.7,0,0.687814,0.257355,1930,0,18,0,236,0,0,2808250,727,679,4580,2798170
16S.B,0.6-0.7,1,0.614032,0.122833,843,0,18,0,224,0,0,1167993,465,248,2143,1163848
16S.B,0.6-0.7,1,0.614032,0.122833,843,0,20,1,224,0,0,1167993,438,360,1793,1164113
16S.B,0.6-0.7,1,0.630971,0.114503,512,0,20,1,554,0,0,664905,639,156,1090,662204
16S.B,0.6-0.7,1,0.630971,0.114503,512,0,23,0,554,0,0,664905,509,151,962,662467
16S.B,0.6-0.7,1,0.653046,0.096127,450,0,17,0,285,0,0,654061,341,271,1030,651548
16S.B,0.6-0.7,1,0.653046,0.096127,450,0,17,1,285,0,0,654061,163,238,1024,651765
16S.B,0.6-0.7,1,0.687814,0.255728,1913,0,17,0,227,0,0,2783321,879,585,5044,2772827
16S.B,0.6-0.7,1,0.687814,0.255728,1913,0,21,1,227,0,0,2783321,684,426,3990,2774235
16S.B,0.6-0.7,2,0.611794,0.240769,498,0,20,1,184,0,0,657216,146,160,1094,648937
16S.B,0.6-0.7,2,0.611794,0.240769,498,0,22,0,184,0,0,657216,146,179,1000,649012
16S.B,0.6-0.7,2,0.630971,0.114535,510,0,18,0,554,0,0,661978,733,159,1319,658966
16S.B,0.6-0.7,2,0.630971,0.114535,510,0,22,1,554,0,0,661978,629,137,999,659412
16S.B,0.6-0.7,2,0.660392,0.198999,425,0,19,1,872,0,0,614509,729,187,872,612485
16S.B,0.6-0.7,2,0.660392,0.198999,425,0,22,0,872,0,0,614509,704,231,734,612604
16S.B,0.6-0.7,2,0.687814,0.255529,1907,0,18,1,227,0,0,2774609,816,548,4627,2764638
16S.B,0.6-0.7,2,0.687814,0.255529,1907,0,19,0,227,0,0,2774609,780,643,4254,2764952
16S.B,0.6-0.7,3,0.611794,0.241251,493,0,21,0,184,0,0,650129,163,263,952,641877
16S.B,0.6-0.7,3,0.611794,0.241251,493,0,21,1,184,0,0,650129,168,200,1005,641882
16S.B,0.6-0.7,3,0.630971,0.114155,508,0,14,1,547,0,0,659269,619,162,1703,655980
16S.B,0.6-0.7,3,0.630971,0.114155,508,0,26,0,547,0,0,659269,604,135,847,656878
16S.B,0.6-0.7,3,0.660392,0.198537,423,0,17,0,872,0,0,611606,771,218,1068,609315
16S.B,0.6-0.7,3,0.660392,0.198537,423,0,19,1,872,0,0,611606,735,276,824,609537
16S.B,0.6-0.7,3,0.687814,0.254873,1895,0,19,1,211,0,0,2757060,747,598,4300,2747434
16S.B,0.6-0.7,3,0.687814,0.254873,1895,0,21,0,211,0,0,2757060,644,565,3891,2747979
16S.B,0.6-0.7,4,0.614625,0.249741,482,0,17,0,243,0,0,681758,294,129,1199,679291
16S.B,0.6-0.7,4,0.614625,0.249741,482,0,22,1,243,0,0,681758,225,156,959,679573
16S.B,0.6-0.7,4,0.630971,0.114159,506,0,17,0,560,0,0,656252,710,106,1429,653217
16S.B,0.6-0.7,4,0.630971,0.114159,506,0,18,1,560,0,0,656252,705,69,1456,653232
16S.B,0.6-0.7,4,0.660392,0.197864,418,0,19,0,872,0,0,604376,705,183,926,602356
16S.B,0.6-0.7,4,0.660392,0.197864,418,0,19,1,872,0,0,604376,717,240,888,602325
16S.B,0.6-0.7,4,0.687814,0.254917,1893,0,21,0,211,0,0,2754135,639,456,4080,2744981
16S.B,0.6-0.7,4,0.687814,0.254917,1893,0,21,1,211,0,0,2754135,607,774,3821,2744954
16S.B,0.6-0.7,5,0.614625,0.223717,325,0,17,1,130,0,0,460994,216,81,924,459107
16S.B,0.6-0.7,5,0.614625,0.223717,325,0,18,0,130,0,0,460994,200,46,787,459295
16S.B,0.6-0.7,5,0.630971,0.114217,505,0,19,1,560,0,0,654747,629,132,1181,652016
16S.B,0.6-0.7,5,0.630971,0.114217,505,0,20,0,560,0,0,654747,610,160,1138,652050
16S.B,0.6-0.7,5,0.65713,0.244112,258,0,17,1,50,0,0,373725,146,57,669,371528
16S.B,0.6-0.7,5,0.65713,0.244112,258,0,18,0,50,0,0,373725,128,38,640,371594
16S.B,0.6-0.7,5,0.687814,0.254884,1875,0,18,0,211,0,0,2727730,711,652,4683,2717745
16S.B,0.6-0.7,5,0.687814,0.254884,1875,0,20,1,211,0,0,2727730,673,686,4173,2718259
16S.B,0.6-0.7,6,0.612782,0.197845,188,0,19,1,134,0,0,264583,162,60,414,263725
16S.B,0.6-0.7,6,0.612782,0.197845,188,0,20,0,134,0,0,264583,161,96,404,263700
16S.B,0.6-0.7,6,0.630971,0.096774,426,0,19,1,487,0,0,575261,571,150,1019,572864
16S.B,0.6-0.7,6,0.630971,0.096774,426,0,21,0,487,0,0,575261,591,73,1004,572936
16S.B,0.6-0.7,6,0.65713,0.242834,257,0,17,1,59,0,0,372302,123,181,493,370190
16S.B,0.6-0.7,6,0.65713,0.242834,257,0,19,0,59,0,0,372302,155,39,686,370107
16S.B,0.6-0.7,6,0.687814,0.256448,1840,0,18,0,211,0,0,2681543,752,547,4728,2671613
16S.B,0.6-0.7,6,0.687814,0.256448,1840,0,20,1,211,0,0,2681543,680,611,3868,2672481
16S.B,0.6-0.7,7,0.610978,0.260355,151,0,17,0,36,0,0,213601,65,118,353,212738
16S.B,0.6-0.7,7,0.610978,0.260355,151,0,20,1,36,0,0,213601,65,62,320,212827
16S.B,0.6-0.7,7,0.630971,0.096722,425,0,20,0,490,0,0,573895,649,92,978,571526
16S.B,0.6-0.7,7,0.630971,0.096722,425,0,20,1,490,0,0,573895,631,39,1068,571507
16S.B,0.6-0.7,7,0.663601,0.142707,92,0,17,1,91,0,0,127961,99,42,207,127390
16S.B,0.6-0.7,7,0.663601,0.142707,92,0,18,0,91,0,0,127961,111,26,254,127347
16S.B,0.6-0.7,7,0.687814,0.249,1681,0,20,0,218,0,0,2447556,664,473,3765,2439076
16S.B,0.6-0.7,7,0.687814,0.249,1681,0,21,1,218,0,0,2447556,630,518,3506,2439324
16S.B,0.6-0.7,8,0.610978,0.254728,147,0,20,0,36,0,0,207895,76,77,293,207133
16S.B,0.6-0.7,8,0.610978,0.254728,147,0,21,1,36,0,0,207895,65,88,340,207086
16S.B,0.6-0.7,8,0.630971,0.058272,356,0,20,0,459,0,0,494174,548,85,886,492140
16S.B,0.6-0.7,8,0.630971,0.058272,356,0,20,1,459,0,0,494174,546,42,838,492233
16S.B,0.6-0.7,8,0.665645,0.354837,59,0,17,0,26,0,0,81140,40,29,184,80836
16S.B,0.6-0.7,8,0.665645,0.354837,59,0,17,1,26,0,0,81140,45,4,196,80844
16S.B,0.6-0.7,8,0.687814,0.249134,1679,0,19,1,218,0,0,2444580,639,562,3877,2435926
16S.B,0.6-0.7,8,0.687814,0.249134,1679,0,21,0,218,0,0,2444580,574,487,3455,2436488
16S.B,0.6-0.7,9,0.610978,0.252886,140,0,17,0,36,0,0,198197,91,40,402,197380
16S.B,0.6-0.7,9,0.610978,0.252886,140,0,20,1,36,0,0,198197,74,61,371,197407
16S.B,0.6-0.7,9,0.630971,0.057769,353,0,18,1,471,0,0,489725,632,48,1028,487519
16S.B,0.6-0.7,9,0.630971,0.057769,353,0,20,0,471,0,0,489725,577,48,824,487778
16S.B,0.6-0.7,9,0.665645,0.34951,57,0,18,0,26,0,0,78356,61,3,202,78037
16S.B,0.6-0.7,9,0.665645,0.34951,57,0,21,1,26,0,0,78356,60,0,163,78080
16S.B,0.6-0.7,9,0.687814,0.249202,1678,0,19,0,218,0,0,2443100,605,681,3764,2434475
16S.B,0.6-0.7,9,0.687814,0.249202,1678,0,20,1,218,0,0,2443100,612,589,3492,2434832
16S.B,0.8-0.9,0,0.707917,0.232813,791,0,19,0,490,0,0,1149289,502,248,1833,1145282
16S.B,0.8-0.9,0,0.707917,0.232813,791,0,21,1,490,0,0,1149289,425,392,1456,1145592
16S.B,0.8-0.9,0,0.835403,0.102315,940,0,18,1,72,0,0,1345832,357,263,2293,1340749
16S.B,0.8-0.9,0,0.835403,0.102315,940,0,22,0,72,0,0,1345832,265,417,1838,1341142
16S.B,0.8-0.9,0,0.852652,0.364215,886,0,18,0,200,0,0,1255287,343,559,1914,1250437
16S.B,0.8-0.9,0,0.852652,0.364215,886,0,27,1,200,0,0,1255287,316,421,1332,1251184
16S.B,0.8-0.9,0,0.876283,0.215183,1511,0,16,0,731,0,0,2013626,1138,532,4178,2005617
16S.B,0.8-0.9,0,0.876283,0.215183,1511,0,20,1,731,0,0,2013626,1024,275,3529,2006637
16S.B,0.8-0.9,1,0.7109,0.1047,454,0,18,1,399,0,0,659568,393,119,1138,657148
16S.B,0.8-0.9,1,0.7109,0.1047,454,0,19,0,399,0,0,659568,541,166,1067,657024
16S.B,0.8-0.9,1,0.835403,0.097245,931,0,19,1,59,0,0,1332663,295,328,2251,1327670
16S.B,0.8-0.9,1,0.835403,0.097245,931,0,21,0,59,0,0,1332663,294,405,1902,1327943
16S.B,0.8-0.9,1,0.874142,0.189896,566,0,18,0,175,0,0,825470,268,282,1225,822422
16S.B,0.8-0.9,1,0.874142,0.189896,566,0,19,1,175,0,0,825470,272,107,1465,822353
16S.B,0.8-0.9,1,0.876283,0.214983,1505,0,18,1,731,0,0,2008584,1130,566,3525,2001210
16S.B,0.8-0.9,1,0.876283,0.214983,1505,0,19,0,731,0,0,2008584,1085,435,3427,2001484
16S.B,0.8-0.9,2,0.715556,0.230077,248,0,18,1,152,0,0,309740,198,49,607,308234
16S.B,0.8-0.9,2,0.715556,0.230077,248,0,23,0,152,0,0,309740,179,63,461,308385
16S.B,0.8-0.9,2,0.835403,0.093097,923,0,15,1,59,0,0,1321265,370,301,2792,1315715
16S.B,0.8-0.9,2,0.835403,0.093097,923,0,19,0,59,0,0,1321265,240,356,1938,1316644
16S.B,0.8-0.9,2,0.870374,0.277724,465,0,19,0,560,0,0,662940,581,287,1047,658784
16S.B,0.8-0.9,2,0.870374,0.277724,465,0,23,1,560,0,0,662940,552,313,700,659134
16S.B,0.8-0.9,2,0.876283,0.211539,1413,0,17,1,687,0,0,1903382,1076,344,3821,1896111
16S.B,0.8-0.9,2,0.876283,0.211539,1413,0,21,0,687,0,0,1903382,1042,182,3160,1896968
16S.B,0.8-0.9,3,0.703109,0.252829,122,0,18,0,52,0,0,168085,49,63,269,167387
16S.B,0.8-0.9,3,0.703109,0.252829,122,0,19,1,52,0,0,168085,52,33,314,167369
16S.B,0.8-0.9,3,0.835403,0.089527,917,0,19,1,59,0,0,1312633,305,280,2097,1307893
16S.B,0.8-0.9,3,0.835403,0.089527,917,0,20,0,59,0,0,1312633,268,379,1918,1308010
16S.B,0.8-0.9,3,0.870374,0.275845,446,0,17,1,475,0,0,637948,496,128,1074,633954
16S.B,0.8-0.9,3,0.870374,0.275845,446,0,20,0,475,0,0,637948,513,104,1036,633999
16S.B,0.8-0.9,3,0.876283,0.211489,1410,0,17,1,687,0,0,1898864,1134,340,3800,1891563
16S.B,0.8-0.9,3,0.876283,0.211489,1410,0,19,0,687,0,0,1898864,1105,231,3533,1891968
16S.B,0.8-0.9,4,0.720095,0.4026,54,0,17,0,28,0,0,75368,10,87,112,75023
16S.B,0.8-0.9,4,0.720095,0.4026,54,0,18,1,28,0,0,75368,18,46,162,75006
16S.B,0.8-0.9,4,0.84994,0.310259,507,0,21,1,24,0,0,662687,100,356,888,660632
16S.B,0.8-0.9,4,0.84994,0.310259,507,0,22,0,24,0,0,662687,132,236,880,660728
16S.B,0.8-0.9,4,0.870374,0.259524,401,0,17,0,364,0,0,573825,366,181,966,570033
16S.B,0.8-0.9,4,0.870374,0.259524,401,0,20,1,364,0,0,573825,315,122,853,570256
16S.B,0.8-0.9,4,0.876283,0.210716,1380,0,21,0,695,0,0,1865241,985,308,3024,1859009
16S.B,0.8-0.9,4,0.876283,0.210716,1380,0,23,1,695,0,0,1865241,967,252,2688,1859419
16S.B,0.8-0.9,5,0.716525,0.339857,23,0,18,0,31,0,0,34290,33,0,99,34139
16S.B,0.8-0.9,5,0.716525,0.339857,23,0,19,1,31,0,0,34290,39,4,79,34149
16S.B,0.8-0.9,5,0.84994,0.304903,501,0,18,1,24,0,0,654171,93,326,1032,652019
16S.B,0.8-0.9,5,0.84994,0.304903,501,0,21,0,24,0,0,654171,120,189,1038,652123
16S.B,0.8-0.9,5,0.870374,0.259502,400,0,18,0,354,0,0,572298,363,180,949,568531
16S.B,0.8-0.9,5,0.870374,0.259502,400,0,19,1,354,0,0,572298,259,226,814,568724
16S.B,0.8-0.9,5,0.876324,0.191561,568,0,18,0,173,0,0,828421,295,199,1375,825249
16S.B,0.8-0.9,5,0.876324,0.191561,568,0,21,1,173,0,0,828421,244,214,1180,825480
16S.B,0.8-0.9,6,0.716308,0.351297,16,0,16,0,12,0,0,22828,26,4,80,22714
16S.B,0.8-0.9,6,0.716308,0.351297,16,0,19,1,12,0,0,22828,13,9,43,22759
16S.B,0.8-0.9,6,0.8319,0.260373,264,0,16,0,55,0,0,382622,89,130,808,380201
16S.B,0.8-0.9,6,0.8319,0.260373,264,0,22,1,55,0,0,382622,67,146,474,380541
16S.B,0.8-0.9,6,0.870374,0.229479,307,0,20,0,289,0,0,437447,224,155,640,434831
16S.B,0.8-0.9,6,0.870374,0.229479,307,0,21,1,289,0,0,437447,267,99,671,434813
16S.B,0.8-0.9,6,0.876324,0.191062,567,0,16,1,173,0,0,826980,347,203,1539,823592
16S.B,0.8-0.9,6,0.876324,0.191062,567,0,17,0,173,0,0,826980,295,270,1438,823678
16S.B,0.8-0.9,7,0.709693,0.396807,16,0,15,0,0,0,0,22869,3,31,73,22746
16S.B,0.8-0.9,7,0.709693,0.396807,16,0,20,1,0,0,0,22869,4,0,38,22811
16S.B,0.8-0.9,7,0.844198,0.420109,107,0,18,0,0,0,0,152368,23,59,225,151809
16S.B,0.8-0.9,7,0.844198,0.420109,107,0,18,1,0,0,0,152368,10,92,126,151888
16S.B,0.8-0.9,7,0.8635,0.145631,262,0,21,0,1747,0,0,344427,1196,54,574,342358
16S.B,0.8-0.9,7,0.8635,0.145631,262,0,23,1,1747,0,0,344427,1590,82,507,342003
16S.B,0.8-0.9,7,0.880091,0.272252,357,0,17,0,229,0,0,410269,206,459,752,407583
16S.B,0.8-0.9,7,0.880091,0.272252,357,0,18,1,229,0,0,410269,171,353,592,407884
16S.B,0.8-0.9,8,0.716133,0.476852,11,0,19,1,0,0,0,15897,10,0,59,15817
16S.B,0.8-0.9,8,0.716133,0.476852,11,0,22,0,0,0,0,15897,9,0,50,15827
16S.B,0.8-0.9,8,0.843105,0.275563,98,0,19,0,105,0,0,126088,128,24,264,125623
16S.B,0.8-0.9,8,0.843105,0.275563,98,0,19,1,105,0,0,126088,137,53,223,125626
16S.B,0.8-0.9,8,0.870374,0.197974,240,0,22,0,249,0,0,343404,336,115,417,341093
16S.B,0.8-0.9,8,0.870374,0.197974,240,0,22,1,249,0,0,343404,322,190,363,341086
16S.B,0.8-0.9,8,0.880091,0.237684,342,0,16,1,228,0,0,388375,237,188,906,386063
16S.B,0.8-0.9,8,0.880091,0.237684,342,0,17,0,228,0,0,388375,229,317,684,386164
16S.B,0.8-0.9,9,0.716133,0.449591,10,0,20,0,0,0,0,14396,5,0,49,14332
16S.B,0.8-0.9,9,0.716133,0.449591,10,0,20,1,0,0,0,14396,0,6,20,14360
16S.B,0.8-0.9,9,0.83424,0.418402,92,0,18,0,0,0,0,125642,44,62,256,124666
16S.B,0.8-0.9,9,0.83424,0.418402,92,0,20,1,0,0,0,125642,26,3,192,124807
16S.B,0.8-0.9,9,0.870374,0.197474,239,0,17,0,249,0,0,341986,408,14,686,339438
16S.B,0.8-0.9,9,0.870374,0.197474,239,0,22,1,249,0,0,341986,344,67,481,339654
16S.B,0.8-0.9,9,0.893205,0.300604,281,0,18,0,169,0,0,413331,209,179,552,411070
16S.B,0.8-0.9,9,0.893205,0.300604,281,0,21,1,169,0,0,413331,213,167,531,411099
16S.B,0.9-1,0,0.912233,0.232387,717,0,18,0,1826,0,0,926313,1360,231,1777,922262
16S.B,0.9-1,0,0.912233,0.232387,717,0,18,1,1826,0,0,926313,1311,394,1530,922395
16S.B,0.9-1,0,0.945162,0.424973,980,0,19,0,217,0,0,1251362,329,525,2110,1240571
16S.B,0.9-1,0,0.945162,0.424973,980,0,21,1,217,0,0,1251362,266,539,1836,1240894
16S.B,0.9-1,0,0.956081,0.455212,462,0,18,1,260,0,0,588849,393,145,1120,585864
16S.B,0.9-1,0,0.956081,0.455212,462,0,20,0,260,0,0,588849,353,247,947,585975
16S.B,0.9-1,0,0.976981,0.129017,980,0,17,0,444,0,0,1404051,624,582,2362,1398561
16S.B,0.9-1,0,0.976981,0.129017,980,0,18,1,444,0,0,1404051,746,416,2358,1398609
16S.B,0.9-1,1,0.912233,0.232011,716,0,19,0,1826,0,0,924805,1398,178,1699,920856
16S.B,0.9-1,1,0.912233,0.232011,716,0,19,1,1826,0,0,924805,1307,235,1649,920940
16S.B,0.9-1,1,0.93999,0.125627,446,0,13,1,555,0,0,604625,802,231,1528,601303
16S.B,0.9-1,1,0.93999,0.125627,446,0,17,0,555,0,0,604625,845,166,1128,601725
16S.B,0.9-1,1,0.966503,0.375648,444,0,22,1,136,0,0,584675,179,114,968,582220
16S.B,0.9-1,1,0.966503,0.375648,444,0,23,0,136,0,0,584675,132,224,693,582432
16S.B,0.9-1,1,0.976981,0.126977,977,0,19,0,445,0,0,1399651,633,449,2213,1394446
16S.B,0.9-1,1,0.976981,0.126977,977,0,20,1,445,0,0,1399651,687,368,2091,1394595
16S.B,0.9-1,2,0.912233,0.231995,715,0,14,0,1826,0,0,923306,1392,333,2189,918720
16S.B,0.9-1,2,0.912233,0.231995,715,0,23,1,1826,0,0,923306,1327,261,1333,919713
16S.B,0.9-1,2,0.93999,0.122725,444,0,20,0,522,0,0,601834,718,212,908,599147
16S.B,0.9-1,2,0.93999,0.122725,444,0,20,1,522,0,0,601834,709,204,965,599107
16S.B,0.9-1,2,0.966503,0.375569,443,0,17,0,136,0,0,583283,195,133,1234,580535
16S.B,0.9-1,2,0.966503,0.375569,443,0,19,1,136,0,0,583283,179,166,955,580797
16S.B,0.9-1,2,0.976981,0.118106,961,0,19,1,226,0,0,1376575,433,392,2106,1371558
16S.B,0.9-1,2,0.976981,0.118106,961,0,22,0,226,0,0,1376575,455,376,1797,1371861
16S.B,0.9-1,3,0.912233,0.231973,714,0,17,0,1826,0,0,921778,1292,308,1849,917634
16S.B,0.9-1,3,0.912233,0.231973,714,0,17,1,1826,0,0,921778,1220,341,1836,917686
16S.B,0.9-1,3,0.93999,0.121869,443,0,18,1,541,0,0,600567,806,236,1001,597699
16S.B,0.9-1,3,0.93999,0.121869,443,0,23,0,541,0,0,600567,626,160,906,598050
16S.B,0.9-1,3,0.956081,0.38351,382,0,21,1,244,0,0,484504,252,205,710,482190
16S.B,0.9-1,3,0.956081,0.38351,382,0,23,0,244,0,0,484504,336,159,672,482190
16S.B,0.9-1,3,0.976981,0.108129,948,0,20,1,150,0,0,1357306,383,424,1995,1352461
16S.B,0.9-1,3,0.976981,0.108129,948,0,22,0,150,0,0,1357306,343,444,1656,1352820
16S.B,0.9-1,4,0.912233,0.232002,713,0,18,0,1826,0,0,920248,1364,217,1755,916194
16S.B,0.9-1,4,0.912233,0.232002,713,0,21,1,1826,0,0,920248,1280,203,1528,916519
16S.B,0.9-1,4,0.93897,0.201598,137,0,17,1,10,0,0,191929,18,122,304,191042
16S.B,0.9-1,4,0.93897,0.201598,137,0,19,0,10,0,0,191929,34,61,312,191079
16S.B,0.9-1,4,0.956139,0.440636,155,0,20,0,303,0,0,208261,82,133,253,207816
16S.B,0.9-1,4,0.956139,0.440636,155,0,20,1,303,0,0,208261,80,90,280,207834
16S.B,0.9-1,4,0.977152,0.370785,830,0,17,0,646,0,0,1029905,1063,528,1954,1024131
16S.B,0.9-1,4,0.977152,0.370785,830,0,22,1,646,0,0,1029905,988,664,1330,1024694
16S.B,0.9-1,5,0.912233,0.231997,711,0,19,1,1827,0,0,917327,1297,328,1526,913462
16S.B,0.9-1,5,0.912233,0.231997,711,0,22,0,1827,0,0,917327,1227,328,1288,913770
16S.B,0.9-1,5,0.93095,0.185997,99,0,16,0,89,0,0,85002,78,55,283,84131
16S.B,0.9-1,5,0.93095,0.185997,99,0,20,1,89,0,0,85002,66,43,195,84243
16S.B,0.9-1,5,0.958723,0.411365,88,0,18,1,49,0,0,122012,54,54,202,121516
16S.B,0.9-1,5,0.958723,0.411365,88,0,20,0,49,0,0,122012,48,24,227,121527
16S.B,0.9-1,5,0.977152,0.368864,825,0,19,1,688,0,0,1022411,1074,539,1525,1017071
16S.B,0.9-1,5,0.977152,0.368864,825,0,22,0,688,0,0,1022411,1033,506,1378,1017292
16S.B,0.9-1,6,0.909978,0.228602,701,0,20,0,1715,0,0,908542,1212,286,1516,904767
16S.B,0.9-1,6,0.909978,0.228602,701,0,22,1,1715,0,0,908542,1213,137,1465,904966
16S.B,0.9-1,6,0.929893,0.303831,53,0,21,1,31,0,0,74109,39,0,155,73836
16S.B,0.9-1,6,0.929893,0.303831,53,0,23,0,31,0,0,74109,20,42,106,73862
16S.B,0.9-1,6,0.952574,0.602372,12,0,17,0,0,0,0,18102,8,0,22,18060
16S.B,0.9-1,6,0.952574,0.602372,12,0,22,1,0,0,0,18102,5,2,53,18030
16S.B,0.9-1,6,0.983548,0.221168,684,0,17,1,190,0,0,945910,297,218,1805,942135
16S.B,0.9-1,6,0.983548,0.221168,684,0,20,0,190,0,0,945910,300,252,1513,942390
16S.B,0.9-1,7,0.909978,0.228651,697,0,21,0,1715,0,0,903112,1197,252,1444,899486
16S.B,0.9-1,7,0.909978,0.228651,697,0,22,1,1715,0,0,903112,1228,226,1361,899564
16S.B,0.9-1,7,0.938021,0.527357,27,0,19,0,33,0,0,38946,35,77,27,38766
16S.B,0.9-1,7,0.938021,0.527357,27,0,20,1,33,0,0,38946,40,31,55,38779
16S.B,0.9-1,7,0.95481,0.710035,8,0,16,0,0,0,0,9578,2,39,25,9504
16S.B,0.9-1,7,0.95481,0.710035,8,0,20,1,0,0,0,9578,0,57,0,9513
16S.B,0.9-1,7,0.983548,0.20826,664,0,19,0,216,0,0,917146,361,155,1629,913558
16S.B,0.9-1,7,0.983548,0.20826,664,0,21,1,216,0,0,917146,324,207,1404,913768
16S.B,0.9-1,8,0.909978,0.229055,695,0,16,1,1715,0,0,900116,1414,113,2036,895822
16S.B,0.9-1,8,0.909978,0.229055,695,0,21,0,1715,0,0,900116,1053,198,1511,896623
16S.B,0.9-1,8,0.937683,0.558427,16,0,16,0,51,0,0,23609,58,14,84,23488
16S.B,0.9-1,8,0.937683,0.558427,16,0,20,1,51,0,0,23609,56,0,23,23565
16S.B,0.9-1,8,0.963123,0.627489,6,0,19,1,0,0,0,8155,0,66,0,8083
16S.B,0.9-1,8,0.963123,0.627489,6,0,21,0,0,0,0,8155,0,53,0,8096
16S.B,0.9-1,8,0.990274,0.417145,497,0,13,1,166,0,0,658475,227,466,1497,655088
16S.B,0.9-1,8,0.990274,0.417145,497,0,20,0,166,0,0,658475,227,171,1074,655806
16S.B,0.9-1,9,0.909978,0.229248,694,0,17,1,1702,0,0,898629,1321,221,1825,894521
16S.B,0.9-1,9,0.909978,0.229248,694,0,21,0,1702,0,0,898629,1265,160,1458,895005
16S.B,0.9-1,9,0.926809,0.359788,15,0,17,0,26,0,0,22724,30,0,45,22660
16S.B,0.9-1,9,0.926809,0.359788,15,0,19,1,26,0,0,22724,30,0,54,22651
16S.B,0.9-1,9,0.963123,0.632627,4,0,15,1,0,0,0,5032,0,56,0,4972
16S.B,0.9-1,9,0.963123,0.632627,4,0,21,0,0,0,0,5032,0,37,0,4991
16S.B,0.9-1,9,0.990274,0.414941,495,0,17,1,134,0,0,655728,215,280,1185,652802
16S.B,0.9-1,9,0.990274,0.414941,495,0,19,0,134,0,0,655728,195,181,1133,652973
