Hackett_Genes_ErrLen,aca,0,0.905210,0,153,2,20,0,25,0,0,181015,29,114,62,180682
Hackett_Genes_ErrLen,aca,0,0.905210,0,153,2,20,1,25,0,0,181015,48,25,151,180663
Hackett_Genes_ErrLen,aca,0,0.905210,0,153,2,20,2,25,0,0,181015,33,95,81,180678
Hackett_Genes_ErrLen,aca,0,0.905210,0,153,2,20,3,25,0,0,181015,41,56,120,180670
Hackett_Genes_ErrLen,aca,0,0.905210,0,153,2,20,4,25,0,0,181015,34,102,74,180677
Hackett_Genes_ErrLen,aca,0,0.905210,0,153,3,20,0,25,0,0,181015,42,29,235,180581
Hackett_Genes_ErrLen,aca,0,0.905210,0,153,3,20,1,25,0,0,181015,40,112,152,180583
Hackett_Genes_ErrLen,aca,0,0.905210,0,153,3,20,2,25,0,0,181015,32,93,171,180591
Hackett_Genes_ErrLen,aca,0,0.905210,0,153,3,20,3,25,0,0,181015,54,57,207,180569
Hackett_Genes_ErrLen,aca,0,0.905210,0,153,3,20,4,25,0,0,181015,27,210,54,180596
Hackett_Genes_ErrLen,aca,0,0.905210,0,153,4,20,0,25,0,0,181015,36,132,220,180499
Hackett_Genes_ErrLen,aca,0,0.905210,0,153,4,20,1,25,0,0,181015,70,53,299,180465
Hackett_Genes_ErrLen,aca,0,0.905210,0,153,4,20,2,25,0,0,181015,88,77,275,180447
Hackett_Genes_ErrLen,aca,0,0.905210,0,153,4,20,3,25,0,0,181015,37,175,177,180498
Hackett_Genes_ErrLen,aca,0,0.905210,0,153,4,20,4,25,0,0,181015,46,115,237,180489
Hackett_Genes_ErrLen,aca,0,0.905210,0,153,8,20,0,25,0,0,181015,63,119,585,180120
Hackett_Genes_ErrLen,aca,0,0.905210,0,153,8,20,1,25,0,0,181015,56,191,513,180127
Hackett_Genes_ErrLen,aca,0,0.905210,0,153,8,20,2,25,0,0,181015,41,150,554,180142
Hackett_Genes_ErrLen,aca,0,0.905210,0,153,8,20,3,25,0,0,181015,47,202,502,180136
Hackett_Genes_ErrLen,aca,0,0.905210,0,153,8,20,4,25,0,0,181015,53,164,540,180130
Hackett_Genes_ErrLen,aca,0,0.905210,0,153,16,20,0,25,0,0,181015,58,289,1119,179421
Hackett_Genes_ErrLen,aca,0,0.905210,0,153,16,20,1,25,0,0,181015,45,473,935,179434
Hackett_Genes_ErrLen,aca,0,0.905210,0,153,16,20,2,25,0,0,181015,52,256,1152,179427
Hackett_Genes_ErrLen,aca,0,0.905210,0,153,16,20,3,25,0,0,181015,79,302,1106,179400
Hackett_Genes_ErrLen,aca,0,0.905210,0,153,16,20,4,25,0,0,181015,58,47,1361,179421
Hackett_Genes_ErrLen,aca,0,0.905210,0,153,32,20,0,25,0,0,181015,37,639,2177,178034
Hackett_Genes_ErrLen,aca,0,0.905210,0,153,32,20,1,25,0,0,181015,60,531,2285,178011
Hackett_Genes_ErrLen,aca,0,0.905210,0,153,32,20,2,25,0,0,181015,33,1125,1691,178038
Hackett_Genes_ErrLen,aca,0,0.905210,0,153,32,20,3,25,0,0,181015,29,418,2398,178042
Hackett_Genes_ErrLen,aca,0,0.905210,0,153,32,20,4,25,0,0,181015,65,851,1965,178006
Hackett_Genes_ErrLen,ALD,0,0.75251,0,161,2,20,0,73,0,0,320701,81,88,110,320078
Hackett_Genes_ErrLen,ALD,0,0.75251,0,161,2,20,1,73,0,0,320701,95,94,104,320064
Hackett_Genes_ErrLen,ALD,0,0.75251,0,161,2,20,2,73,0,0,320701,81,132,66,320078
Hackett_Genes_ErrLen,ALD,0,0.75251,0,161,2,20,3,73,0,0,320701,82,90,108,320077
Hackett_Genes_ErrLen,ALD,0,0.75251,0,161,2,20,4,73,0,0,320701,83,85,113,320076
Hackett_Genes_ErrLen,ALD,0,0.75251,0,161,3,20,0,73,0,0,320701,88,78,219,319972
Hackett_Genes_ErrLen,ALD,0,0.75251,0,161,3,20,1,73,0,0,320701,99,52,245,319961
Hackett_Genes_ErrLen,ALD,0,0.75251,0,161,3,20,2,73,0,0,320701,91,72,225,319969
Hackett_Genes_ErrLen,ALD,0,0.75251,0,161,3,20,3,73,0,0,320701,94,98,199,319966
Hackett_Genes_ErrLen,ALD,0,0.75251,0,161,3,20,4,73,0,0,320701,95,56,240,319966
Hackett_Genes_ErrLen,ALD,0,0.75251,0,161,4,20,0,73,0,0,320701,123,113,283,319838
Hackett_Genes_ErrLen,ALD,0,0.75251,0,161,4,20,1,73,0,0,320701,82,144,252,319879
Hackett_Genes_ErrLen,ALD,0,0.75251,0,161,4,20,2,73,0,0,320701,111,128,268,319850
Hackett_Genes_ErrLen,ALD,0,0.75251,0,161,4,20,3,73,0,0,320701,110,125,271,319851
Hackett_Genes_ErrLen,ALD,0,0.75251,0,161,4,20,4,73,0,0,320701,114,89,307,319847
Hackett_Genes_ErrLen,ALD,0,0.75251,0,161,8,20,0,73,0,0,320701,108,278,514,319457
Hackett_Genes_ErrLen,ALD,0,0.75251,0,161,8,20,1,73,0,0,320701,120,228,564,319445
Hackett_Genes_ErrLen,ALD,0,0.75251,0,161,8,20,2,73,0,0,320701,110,187,605,319455
Hackett_Genes_ErrLen,ALD,0,0.75251,0,161,8,20,3,73,0,0,320701,84,267,525,319481
Hackett_Genes_ErrLen,ALD,0,0.75251,0,161,8,20,4,73,0,0,320701,113,166,626,319452
Hackett_Genes_ErrLen,ALD,0,0.75251,0,161,16,20,0,73,0,0,320701,76,468,1116,318697
Hackett_Genes_ErrLen,ALD,0,0.75251,0,161,16,20,1,73,0,0,320701,96,683,901,318677
Hackett_Genes_ErrLen,ALD,0,0.75251,0,161,16,20,2,73,0,0,320701,95,539,1045,318678
Hackett_Genes_ErrLen,ALD,0,0.75251,0,161,16,20,3,73,0,0,320701,101,397,1187,318672
Hackett_Genes_ErrLen,ALD,0,0.75251,0,161,16,20,4,73,0,0,320701,106,151,1433,318667
Hackett_Genes_ErrLen,ALD,0,0.75251,0,161,32,20,0,73,0,0,320701,92,1407,1760,317098
Hackett_Genes_ErrLen,ALD,0,0.75251,0,161,32,20,1,73,0,0,320701,89,1432,1736,317100
Hackett_Genes_ErrLen,ALD,0,0.75251,0,161,32,20,2,73,0,0,320701,103,1234,1934,317086
Hackett_Genes_ErrLen,ALD,0,0.75251,0,161,32,20,3,73,0,0,320701,100,1127,2041,317089
Hackett_Genes_ErrLen,ALD,0,0.75251,0,161,32,20,4,73,0,0,320701,108,1237,1931,317081
Hackett_Genes_ErrLen,BDNF,0,0.3974599,0,171,2,20,0,0,0,0,117586,18,87,111,117199
Hackett_Genes_ErrLen,BDNF,0,0.3974599,0,171,2,20,1,0,0,0,117586,22,16,182,117195
Hackett_Genes_ErrLen,BDNF,0,0.3974599,0,171,2,20,2,0,0,0,117586,25,48,150,117192
Hackett_Genes_ErrLen,BDNF,0,0.3974599,0,171,2,20,3,0,0,0,117586,32,39,159,117185
Hackett_Genes_ErrLen,BDNF,0,0.3974599,0,171,2,20,4,0,0,0,117586,18,66,132,117199
Hackett_Genes_ErrLen,BDNF,0,0.3974599,0,171,3,20,0,0,0,0,117586,30,58,239,117088
Hackett_Genes_ErrLen,BDNF,0,0.3974599,0,171,3,20,1,0,0,0,117586,18,78,219,117100
Hackett_Genes_ErrLen,BDNF,0,0.3974599,0,171,3,20,2,0,0,0,117586,34,72,225,117084
Hackett_Genes_ErrLen,BDNF,0,0.3974599,0,171,3,20,3,0,0,0,117586,24,72,225,117094
Hackett_Genes_ErrLen,BDNF,0,0.3974599,0,171,3,20,4,0,0,0,117586,19,71,226,117099
Hackett_Genes_ErrLen,BDNF,0,0.3974599,0,171,4,20,0,0,0,0,117586,54,27,369,116965
Hackett_Genes_ErrLen,BDNF,0,0.3974599,0,171,4,20,1,0,0,0,117586,43,46,350,116976
Hackett_Genes_ErrLen,BDNF,0,0.3974599,0,171,4,20,2,0,0,0,117586,55,26,370,116964
Hackett_Genes_ErrLen,BDNF,0,0.3974599,0,171,4,20,3,0,0,0,117586,62,31,365,116957
Hackett_Genes_ErrLen,BDNF,0,0.3974599,0,171,4,20,4,0,0,0,117586,54,55,341,116965
Hackett_Genes_ErrLen,BDNF,0,0.3974599,0,171,8,20,0,0,0,0,117586,40,116,676,116583
Hackett_Genes_ErrLen,BDNF,0,0.3974599,0,171,8,20,1,0,0,0,117586,27,74,718,116596
Hackett_Genes_ErrLen,BDNF,0,0.3974599,0,171,8,20,2,0,0,0,117586,52,75,717,116571
Hackett_Genes_ErrLen,BDNF,0,0.3974599,0,171,8,20,3,0,0,0,117586,56,21,771,116567
Hackett_Genes_ErrLen,BDNF,0,0.3974599,0,171,8,20,4,0,0,0,117586,48,72,720,116575
Hackett_Genes_ErrLen,BDNF,0,0.3974599,0,171,16,20,0,0,0,0,117586,51,169,1415,115780
Hackett_Genes_ErrLen,BDNF,0,0.3974599,0,171,16,20,1,0,0,0,117586,68,139,1445,115763
Hackett_Genes_ErrLen,BDNF,0,0.3974599,0,171,16,20,2,0,0,0,117586,64,154,1430,115767
Hackett_Genes_ErrLen,BDNF,0,0.3974599,0,171,16,20,3,0,0,0,117586,70,76,1508,115761
Hackett_Genes_ErrLen,BDNF,0,0.3974599,0,171,16,20,4,0,0,0,117586,49,93,1491,115782
Hackett_Genes_ErrLen,BDNF,0,0.3974599,0,171,32,20,0,0,0,0,117586,59,285,2883,114188
Hackett_Genes_ErrLen,BDNF,0,0.3974599,0,171,32,20,1,0,0,0,117586,33,1276,1892,114214
Hackett_Genes_ErrLen,BDNF,0,0.3974599,0,171,32,20,2,0,0,0,117586,54,421,2747,114193
Hackett_Genes_ErrLen,BDNF,0,0.3974599,0,171,32,20,3,0,0,0,117586,77,654,2514,114170
Hackett_Genes_ErrLen,BDNF,0,0.3974599,0,171,32,20,4,0,0,0,117586,50,431,2737,114197
Hackett_Genes_ErrLen,CHC,0,0.80535,0,169,2,20,0,41,0,0,276044,55,64,134,275591
Hackett_Genes_ErrLen,CHC,0,0.80535,0,169,2,20,1,41,0,0,276044,59,60,138,275587
Hackett_Genes_ErrLen,CHC,0,0.80535,0,169,2,20,2,41,0,0,276044,71,49,149,275575
Hackett_Genes_ErrLen,CHC,0,0.80535,0,169,2,20,3,41,0,0,276044,49,108,90,275597
Hackett_Genes_ErrLen,CHC,0,0.80535,0,169,2,20,4,41,0,0,276044,66,14,184,275580
Hackett_Genes_ErrLen,CHC,0,0.80535,0,169,3,20,0,41,0,0,276044,54,145,152,275493
Hackett_Genes_ErrLen,CHC,0,0.80535,0,169,3,20,1,41,0,0,276044,58,117,180,275489
Hackett_Genes_ErrLen,CHC,0,0.80535,0,169,3,20,2,41,0,0,276044,61,74,223,275486
Hackett_Genes_ErrLen,CHC,0,0.80535,0,169,3,20,3,41,0,0,276044,52,123,174,275495
Hackett_Genes_ErrLen,CHC,0,0.80535,0,169,3,20,4,41,0,0,276044,48,78,219,275499
Hackett_Genes_ErrLen,CHC,0,0.80535,0,169,4,20,0,41,0,0,276044,66,174,222,275382
Hackett_Genes_ErrLen,CHC,0,0.80535,0,169,4,20,1,41,0,0,276044,56,102,294,275392
Hackett_Genes_ErrLen,CHC,0,0.80535,0,169,4,20,2,41,0,0,276044,63,156,240,275385
Hackett_Genes_ErrLen,CHC,0,0.80535,0,169,4,20,3,41,0,0,276044,54,107,289,275394
Hackett_Genes_ErrLen,CHC,0,0.80535,0,169,4,20,4,41,0,0,276044,74,138,258,275374
Hackett_Genes_ErrLen,CHC,0,0.80535,0,169,8,20,0,41,0,0,276044,64,220,572,274988
Hackett_Genes_ErrLen,CHC,0,0.80535,0,169,8,20,1,41,0,0,276044,82,98,694,274970
Hackett_Genes_ErrLen,CHC,0,0.80535,0,169,8,20,2,41,0,0,276044,68,202,590,274984
Hackett_Genes_ErrLen,CHC,0,0.80535,0,169,8,20,3,41,0,0,276044,77,219,572,274976
Hackett_Genes_ErrLen,CHC,0,0.80535,0,169,8,20,4,41,0,0,276044,66,164,628,274986
Hackett_Genes_ErrLen,CHC,0,0.80535,0,169,16,20,0,41,0,0,276044,80,275,1307,274182
Hackett_Genes_ErrLen,CHC,0,0.80535,0,169,16,20,1,41,0,0,276044,58,587,997,274202
Hackett_Genes_ErrLen,CHC,0,0.80535,0,169,16,20,2,41,0,0,276044,75,198,1386,274185
Hackett_Genes_ErrLen,CHC,0,0.80535,0,169,16,20,3,41,0,0,276044,68,440,1144,274192
Hackett_Genes_ErrLen,CHC,0,0.80535,0,169,16,20,4,41,0,0,276044,70,394,1190,274190
Hackett_Genes_ErrLen,CHC,0,0.80535,0,169,32,20,0,41,0,0,276044,68,1062,2106,272608
Hackett_Genes_ErrLen,CHC,0,0.80535,0,169,32,20,1,41,0,0,276044,62,1217,1951,272614
Hackett_Genes_ErrLen,CHC,0,0.80535,0,169,32,20,2,41,0,0,276044,79,1132,2033,272600
Hackett_Genes_ErrLen,CHC,0,0.80535,0,169,32,20,3,41,0,0,276044,54,1152,2015,272623
Hackett_Genes_ErrLen,CHC,0,0.80535,0,169,32,20,4,41,0,0,276044,72,638,2530,272604
Hackett_Genes_ErrLen,CMYC,0,0.50485,0,168,2,20,0,13,0,0,209278,34,61,137,208827
Hackett_Genes_ErrLen,CMYC,0,0.50485,0,168,2,20,1,13,0,0,209278,27,86,112,208834
Hackett_Genes_ErrLen,CMYC,0,0.50485,0,168,2,20,2,13,0,0,209278,24,104,94,208837
Hackett_Genes_ErrLen,CMYC,0,0.50485,0,168,2,20,3,13,0,0,209278,36,43,155,208825
Hackett_Genes_ErrLen,CMYC,0,0.50485,0,168,2,20,4,13,0,0,209278,30,73,125,208831
Hackett_Genes_ErrLen,CMYC,0,0.50485,0,168,3,20,0,13,0,0,209278,35,41,256,208727
Hackett_Genes_ErrLen,CMYC,0,0.50485,0,168,3,20,1,13,0,0,209278,24,180,117,208738
Hackett_Genes_ErrLen,CMYC,0,0.50485,0,168,3,20,2,13,0,0,209278,35,62,235,208727
Hackett_Genes_ErrLen,CMYC,0,0.50485,0,168,3,20,3,13,0,0,209278,39,79,218,208723
Hackett_Genes_ErrLen,CMYC,0,0.50485,0,168,3,20,4,13,0,0,209278,25,103,194,208737
Hackett_Genes_ErrLen,CMYC,0,0.50485,0,168,4,20,0,13,0,0,209278,66,56,339,208598
Hackett_Genes_ErrLen,CMYC,0,0.50485,0,168,4,20,1,13,0,0,209278,50,98,298,208613
Hackett_Genes_ErrLen,CMYC,0,0.50485,0,168,4,20,2,13,0,0,209278,41,181,215,208622
Hackett_Genes_ErrLen,CMYC,0,0.50485,0,168,4,20,3,13,0,0,209278,27,145,251,208636
Hackett_Genes_ErrLen,CMYC,0,0.50485,0,168,4,20,4,13,0,0,209278,56,81,310,208612
Hackett_Genes_ErrLen,CMYC,0,0.50485,0,168,8,20,0,13,0,0,209278,56,172,619,208212
Hackett_Genes_ErrLen,CMYC,0,0.50485,0,168,8,20,1,13,0,0,209278,35,195,597,208232
Hackett_Genes_ErrLen,CMYC,0,0.50485,0,168,8,20,2,13,0,0,209278,53,116,676,208214
Hackett_Genes_ErrLen,CMYC,0,0.50485,0,168,8,20,3,13,0,0,209278,41,133,659,208226
Hackett_Genes_ErrLen,CMYC,0,0.50485,0,168,8,20,4,13,0,0,209278,36,218,574,208231
Hackett_Genes_ErrLen,CMYC,0,0.50485,0,168,16,20,0,13,0,0,209278,52,269,1315,207423
Hackett_Genes_ErrLen,CMYC,0,0.50485,0,168,16,20,1,13,0,0,209278,36,350,1234,207439
Hackett_Genes_ErrLen,CMYC,0,0.50485,0,168,16,20,2,13,0,0,209278,51,445,1139,207424
Hackett_Genes_ErrLen,CMYC,0,0.50485,0,168,16,20,3,13,0,0,209278,69,255,1329,207406
Hackett_Genes_ErrLen,CMYC,0,0.50485,0,168,16,20,4,13,0,0,209278,43,406,1177,207433
Hackett_Genes_ErrLen,CMYC,0,0.50485,0,168,32,20,0,13,0,0,209278,54,890,2278,205837
Hackett_Genes_ErrLen,CMYC,0,0.50485,0,168,32,20,1,13,0,0,209278,62,707,2461,205829
Hackett_Genes_ErrLen,CMYC,0,0.50485,0,168,32,20,2,13,0,0,209278,26,971,2197,205865
Hackett_Genes_ErrLen,CMYC,0,0.50485,0,168,32,20,3,13,0,0,209278,54,407,2760,205838
Hackett_Genes_ErrLen,CMYC,0,0.50485,0,168,32,20,4,13,0,0,209278,64,792,2374,205829
Hackett_Genes_ErrLen,concatenation,0,0.73298,0,171,2,20,0,813,0,0,3494462,759,112,86,3492243
Hackett_Genes_ErrLen,concatenation,0,0.73298,0,171,2,20,1,813,0,0,3494462,677,84,114,3492325
Hackett_Genes_ErrLen,concatenation,0,0.73298,0,171,2,20,2,813,0,0,3494462,668,86,112,3492334
Hackett_Genes_ErrLen,concatenation,0,0.73298,0,171,2,20,3,813,0,0,3494462,676,85,113,3492326
Hackett_Genes_ErrLen,concatenation,0,0.73298,0,171,2,20,4,813,0,0,3494462,648,119,79,3492354
Hackett_Genes_ErrLen,concatenation,0,0.73298,0,171,3,20,0,813,0,0,3494462,683,119,178,3492220
Hackett_Genes_ErrLen,concatenation,0,0.73298,0,171,3,20,1,813,0,0,3494462,674,119,178,3492229
Hackett_Genes_ErrLen,concatenation,0,0.73298,0,171,3,20,2,813,0,0,3494462,540,155,142,3492363
Hackett_Genes_ErrLen,concatenation,0,0.73298,0,171,3,20,3,813,0,0,3494462,569,88,209,3492334
Hackett_Genes_ErrLen,concatenation,0,0.73298,0,171,3,20,4,813,0,0,3494462,643,79,218,3492260
Hackett_Genes_ErrLen,concatenation,0,0.73298,0,171,4,20,0,813,0,0,3494462,539,131,265,3492265
Hackett_Genes_ErrLen,concatenation,0,0.73298,0,171,4,20,1,813,0,0,3494462,688,110,286,3492116
Hackett_Genes_ErrLen,concatenation,0,0.73298,0,171,4,20,2,813,0,0,3494462,627,104,292,3492177
Hackett_Genes_ErrLen,concatenation,0,0.73298,0,171,4,20,3,813,0,0,3494462,554,112,284,3492250
Hackett_Genes_ErrLen,concatenation,0,0.73298,0,171,4,20,4,813,0,0,3494462,597,162,234,3492207
Hackett_Genes_ErrLen,concatenation,0,0.73298,0,171,8,20,0,813,0,0,3494462,637,141,651,3491771
Hackett_Genes_ErrLen,concatenation,0,0.73298,0,171,8,20,1,813,0,0,3494462,641,301,491,3491767
Hackett_Genes_ErrLen,concatenation,0,0.73298,0,171,8,20,2,813,0,0,3494462,623,162,629,3491786
Hackett_Genes_ErrLen,concatenation,0,0.73298,0,171,8,20,3,813,0,0,3494462,611,398,394,3491797
Hackett_Genes_ErrLen,concatenation,0,0.73298,0,171,8,20,4,813,0,0,3494462,561,279,513,3491847
Hackett_Genes_ErrLen,concatenation,0,0.73298,0,171,16,20,0,813,0,0,3494462,670,517,1067,3490946
Hackett_Genes_ErrLen,concatenation,0,0.73298,0,171,16,20,1,813,0,0,3494462,615,363,1221,3491001
Hackett_Genes_ErrLen,concatenation,0,0.73298,0,171,16,20,2,813,0,0,3494462,598,629,954,3491019
Hackett_Genes_ErrLen,concatenation,0,0.73298,0,171,16,20,3,813,0,0,3494462,653,725,858,3490964
Hackett_Genes_ErrLen,concatenation,0,0.73298,0,171,16,20,4,813,0,0,3494462,645,298,1286,3490971
Hackett_Genes_ErrLen,concatenation,0,0.73298,0,171,32,20,0,813,0,0,3494462,609,1046,2120,3489425
Hackett_Genes_ErrLen,concatenation,0,0.73298,0,171,32,20,1,813,0,0,3494462,467,1701,1467,3489565
Hackett_Genes_ErrLen,concatenation,0,0.73298,0,171,32,20,2,813,0,0,3494462,587,1519,1648,3489446
Hackett_Genes_ErrLen,concatenation,0,0.73298,0,171,32,20,3,813,0,0,3494462,611,1211,1957,3489421
Hackett_Genes_ErrLen,concatenation,0,0.73298,0,171,32,20,4,813,0,0,3494462,673,1470,1697,3489360
Hackett_Genes_ErrLen,DCOH,0,0.98849,0,165,2,20,0,59,0,0,160481,70,80,110,159739
Hackett_Genes_ErrLen,DCOH,0,0.98849,0,165,2,20,1,59,0,0,160481,70,93,105,159731
Hackett_Genes_ErrLen,DCOH,0,0.98849,0,165,2,20,2,59,0,0,160481,88,78,120,159713
Hackett_Genes_ErrLen,DCOH,0,0.98849,0,165,2,20,3,59,0,0,160481,84,66,132,159717
Hackett_Genes_ErrLen,DCOH,0,0.98849,0,165,2,20,4,59,0,0,160481,77,79,119,159724
Hackett_Genes_ErrLen,DCOH,0,0.98849,0,165,3,20,0,59,0,0,160481,87,75,222,159615
Hackett_Genes_ErrLen,DCOH,0,0.98849,0,165,3,20,1,59,0,0,160481,71,114,161,159653
Hackett_Genes_ErrLen,DCOH,0,0.98849,0,165,3,20,2,59,0,0,160481,73,100,197,159629
Hackett_Genes_ErrLen,DCOH,0,0.98849,0,165,3,20,3,59,0,0,160481,90,70,227,159612
Hackett_Genes_ErrLen,DCOH,0,0.98849,0,165,3,20,4,59,0,0,160481,65,153,144,159637
Hackett_Genes_ErrLen,DCOH,0,0.98849,0,165,4,20,0,59,0,0,160481,88,167,229,159515
Hackett_Genes_ErrLen,DCOH,0,0.98849,0,165,4,20,1,59,0,0,160481,71,132,264,159532
Hackett_Genes_ErrLen,DCOH,0,0.98849,0,165,4,20,2,59,0,0,160481,92,39,357,159511
Hackett_Genes_ErrLen,DCOH,0,0.98849,0,165,4,20,3,59,0,0,160481,68,187,209,159535
Hackett_Genes_ErrLen,DCOH,0,0.98849,0,165,4,20,4,59,0,0,160481,103,90,306,159500
Hackett_Genes_ErrLen,DCOH,0,0.98849,0,165,8,20,0,59,0,0,160481,111,119,673,159096
Hackett_Genes_ErrLen,DCOH,0,0.98849,0,165,8,20,1,59,0,0,160481,84,206,586,159123
Hackett_Genes_ErrLen,DCOH,0,0.98849,0,165,8,20,2,59,0,0,160481,102,102,690,159105
Hackett_Genes_ErrLen,DCOH,0,0.98849,0,165,8,20,3,59,0,0,160481,109,209,583,159098
Hackett_Genes_ErrLen,DCOH,0,0.98849,0,165,8,20,4,59,0,0,160481,90,193,599,159117
Hackett_Genes_ErrLen,DCOH,0,0.98849,0,165,16,20,0,59,0,0,160481,95,379,1191,158334
Hackett_Genes_ErrLen,DCOH,0,0.98849,0,165,16,20,1,59,0,0,160481,103,442,1112,158342
Hackett_Genes_ErrLen,DCOH,0,0.98849,0,165,16,20,2,59,0,0,160481,89,129,1455,158326
Hackett_Genes_ErrLen,DCOH,0,0.98849,0,165,16,20,3,59,0,0,160481,75,455,1124,158345
Hackett_Genes_ErrLen,DCOH,0,0.98849,0,165,16,20,4,59,0,0,160481,72,392,1189,158346
Hackett_Genes_ErrLen,DCOH,0,0.98849,0,165,32,20,0,59,0,0,160481,79,1345,1821,156754
Hackett_Genes_ErrLen,DCOH,0,0.98849,0,165,32,20,1,59,0,0,160481,93,1151,2016,156739
Hackett_Genes_ErrLen,DCOH,0,0.98849,0,165,32,20,2,59,0,0,160481,63,1658,1487,156791
Hackett_Genes_ErrLen,DCOH,0,0.98849,0,165,32,20,3,59,0,0,160481,91,1394,1758,156756
Hackett_Genes_ErrLen,DCOH,0,0.98849,0,165,32,20,4,59,0,0,160481,84,1526,1641,156748
Hackett_Genes_ErrLen,EEF,0,1.0915,0,166,2,20,0,209,0,0,283226,264,93,105,282687
Hackett_Genes_ErrLen,EEF,0,1.0915,0,166,2,20,1,209,0,0,283226,220,116,82,282731
Hackett_Genes_ErrLen,EEF,0,1.0915,0,166,2,20,2,209,0,0,283226,220,118,80,282731
Hackett_Genes_ErrLen,EEF,0,1.0915,0,166,2,20,3,209,0,0,283226,239,106,92,282712
Hackett_Genes_ErrLen,EEF,0,1.0915,0,166,2,20,4,209,0,0,283226,216,106,92,282735
Hackett_Genes_ErrLen,EEF,0,1.0915,0,166,3,20,0,209,0,0,283226,212,206,91,282640
Hackett_Genes_ErrLen,EEF,0,1.0915,0,166,3,20,1,209,0,0,283226,246,217,80,282606
Hackett_Genes_ErrLen,EEF,0,1.0915,0,166,3,20,2,209,0,0,283226,216,98,199,282636
Hackett_Genes_ErrLen,EEF,0,1.0915,0,166,3,20,3,209,0,0,283226,234,140,157,282618
Hackett_Genes_ErrLen,EEF,0,1.0915,0,166,3,20,4,209,0,0,283226,230,104,193,282622
Hackett_Genes_ErrLen,EEF,0,1.0915,0,166,4,20,0,209,0,0,283226,256,183,213,282497
Hackett_Genes_ErrLen,EEF,0,1.0915,0,166,4,20,1,209,0,0,283226,271,102,294,282482
Hackett_Genes_ErrLen,EEF,0,1.0915,0,166,4,20,2,209,0,0,283226,222,142,254,282531
Hackett_Genes_ErrLen,EEF,0,1.0915,0,166,4,20,3,209,0,0,283226,268,146,250,282485
Hackett_Genes_ErrLen,EEF,0,1.0915,0,166,4,20,4,209,0,0,283226,207,146,250,282546
Hackett_Genes_ErrLen,EEF,0,1.0915,0,166,8,20,0,209,0,0,283226,291,182,610,282066
Hackett_Genes_ErrLen,EEF,0,1.0915,0,166,8,20,1,209,0,0,283226,289,293,499,282068
Hackett_Genes_ErrLen,EEF,0,1.0915,0,166,8,20,2,209,0,0,283226,233,385,407,282124
Hackett_Genes_ErrLen,EEF,0,1.0915,0,166,8,20,3,209,0,0,283226,254,279,513,282103
Hackett_Genes_ErrLen,EEF,0,1.0915,0,166,8,20,4,209,0,0,283226,294,204,587,282064
Hackett_Genes_ErrLen,EEF,0,1.0915,0,166,16,20,0,209,0,0,283226,250,559,1025,281315
Hackett_Genes_ErrLen,EEF,0,1.0915,0,166,16,20,1,209,0,0,283226,282,941,642,281284
Hackett_Genes_ErrLen,EEF,0,1.0915,0,166,16,20,2,209,0,0,283226,276,859,725,281289
Hackett_Genes_ErrLen,EEF,0,1.0915,0,166,16,20,3,209,0,0,283226,237,884,700,281328
Hackett_Genes_ErrLen,EEF,0,1.0915,0,166,16,20,4,209,0,0,283226,274,813,770,281292
Hackett_Genes_ErrLen,EEF,0,1.0915,0,166,32,20,0,209,0,0,283226,280,1675,1493,279701
Hackett_Genes_ErrLen,EEF,0,1.0915,0,166,32,20,1,209,0,0,283226,276,2062,1104,279707
Hackett_Genes_ErrLen,EEF,0,1.0915,0,166,32,20,2,209,0,0,283226,235,1534,1634,279746
Hackett_Genes_ErrLen,EEF,0,1.0915,0,166,32,20,3,209,0,0,283226,246,1942,1225,279736
Hackett_Genes_ErrLen,EEF,0,1.0915,0,166,32,20,4,209,0,0,283226,236,2114,1052,279747
Hackett_Genes_ErrLen,EGR1,0,0.30016,0,169,2,20,0,0,0,0,264230,7,70,128,263848
Hackett_Genes_ErrLen,EGR1,0,0.30016,0,169,2,20,1,0,0,0,264230,19,58,140,263836
Hackett_Genes_ErrLen,EGR1,0,0.30016,0,169,2,20,2,0,0,0,264230,20,27,171,263835
Hackett_Genes_ErrLen,EGR1,0,0.30016,0,169,2,20,3,0,0,0,264230,3,86,112,263852
Hackett_Genes_ErrLen,EGR1,0,0.30016,0,169,2,20,4,0,0,0,264230,19,78,120,263836
Hackett_Genes_ErrLen,EGR1,0,0.30016,0,169,3,20,0,0,0,0,264230,10,137,160,263746
Hackett_Genes_ErrLen,EGR1,0,0.30016,0,169,3,20,1,0,0,0,264230,9,108,189,263747
Hackett_Genes_ErrLen,EGR1,0,0.30016,0,169,3,20,2,0,0,0,264230,11,126,171,263745
Hackett_Genes_ErrLen,EGR1,0,0.30016,0,169,3,20,3,0,0,0,264230,24,55,242,263732
Hackett_Genes_ErrLen,EGR1,0,0.30016,0,169,3,20,4,0,0,0,264230,20,43,254,263736
Hackett_Genes_ErrLen,EGR1,0,0.30016,0,169,4,20,0,0,0,0,264230,20,109,287,263637
Hackett_Genes_ErrLen,EGR1,0,0.30016,0,169,4,20,1,0,0,0,264230,21,135,261,263636
Hackett_Genes_ErrLen,EGR1,0,0.30016,0,169,4,20,2,0,0,0,264230,50,84,312,263607
Hackett_Genes_ErrLen,EGR1,0,0.30016,0,169,4,20,3,0,0,0,264230,24,102,294,263633
Hackett_Genes_ErrLen,EGR1,0,0.30016,0,169,4,20,4,0,0,0,264230,23,119,277,263634
Hackett_Genes_ErrLen,EGR1,0,0.30016,0,169,8,20,0,0,0,0,264230,33,112,680,263228
Hackett_Genes_ErrLen,EGR1,0,0.30016,0,169,8,20,1,0,0,0,264230,46,177,615,263215
Hackett_Genes_ErrLen,EGR1,0,0.30016,0,169,8,20,2,0,0,0,264230,48,143,649,263213
Hackett_Genes_ErrLen,EGR1,0,0.30016,0,169,8,20,3,0,0,0,264230,20,50,742,263241
Hackett_Genes_ErrLen,EGR1,0,0.30016,0,169,8,20,4,0,0,0,264230,29,155,637,263232
Hackett_Genes_ErrLen,EGR1,0,0.30016,0,169,16,20,0,0,0,0,264230,31,358,1226,262438
Hackett_Genes_ErrLen,EGR1,0,0.30016,0,169,16,20,1,0,0,0,264230,31,146,1438,262438
Hackett_Genes_ErrLen,EGR1,0,0.30016,0,169,16,20,2,0,0,0,264230,61,97,1487,262408
Hackett_Genes_ErrLen,EGR1,0,0.30016,0,169,16,20,3,0,0,0,264230,39,236,1348,262430
Hackett_Genes_ErrLen,EGR1,0,0.30016,0,169,16,20,4,0,0,0,264230,12,203,1381,262457
Hackett_Genes_ErrLen,EGR1,0,0.30016,0,169,32,20,0,0,0,0,264230,16,695,2473,260869
Hackett_Genes_ErrLen,EGR1,0,0.30016,0,169,32,20,1,0,0,0,264230,27,385,2783,260858
Hackett_Genes_ErrLen,EGR1,0,0.30016,0,169,32,20,2,0,0,0,264230,59,325,2843,260826
Hackett_Genes_ErrLen,EGR1,0,0.30016,0,169,32,20,3,0,0,0,264230,34,455,2713,260851
Hackett_Genes_ErrLen,EGR1,0,0.30016,0,169,32,20,4,0,0,0,264230,37,749,2419,260848
Hackett_Genes_ErrLen,FIB,0,0.78427,0,169,2,20,0,108,0,0,394816,90,69,129,394379
Hackett_Genes_ErrLen,FIB,0,0.78427,0,169,2,20,1,108,0,0,394816,119,75,123,394350
Hackett_Genes_ErrLen,FIB,0,0.78427,0,169,2,20,2,108,0,0,394816,121,82,116,394348
Hackett_Genes_ErrLen,FIB,0,0.78427,0,169,2,20,3,108,0,0,394816,113,119,79,394356
Hackett_Genes_ErrLen,FIB,0,0.78427,0,169,2,20,4,108,0,0,394816,129,45,153,394340
Hackett_Genes_ErrLen,FIB,0,0.78427,0,169,3,20,0,108,0,0,394816,117,98,199,394253
Hackett_Genes_ErrLen,FIB,0,0.78427,0,169,3,20,1,108,0,0,394816,127,64,233,394243
Hackett_Genes_ErrLen,FIB,0,0.78427,0,169,3,20,2,108,0,0,394816,122,83,214,394248
Hackett_Genes_ErrLen,FIB,0,0.78427,0,169,3,20,3,108,0,0,394816,120,119,178,394250
Hackett_Genes_ErrLen,FIB,0,0.78427,0,169,3,20,4,108,0,0,394816,95,84,213,394275
Hackett_Genes_ErrLen,FIB,0,0.78427,0,169,4,20,0,108,0,0,394816,96,113,283,394175
Hackett_Genes_ErrLen,FIB,0,0.78427,0,169,4,20,1,108,0,0,394816,156,58,338,394115
Hackett_Genes_ErrLen,FIB,0,0.78427,0,169,4,20,2,108,0,0,394816,153,57,339,394118
Hackett_Genes_ErrLen,FIB,0,0.78427,0,169,4,20,3,108,0,0,394816,171,27,369,394100
Hackett_Genes_ErrLen,FIB,0,0.78427,0,169,4,20,4,108,0,0,394816,153,99,297,394118
Hackett_Genes_ErrLen,FIB,0,0.78427,0,169,8,20,0,108,0,0,394816,125,171,621,393750
Hackett_Genes_ErrLen,FIB,0,0.78427,0,169,8,20,1,108,0,0,394816,136,143,649,393739
Hackett_Genes_ErrLen,FIB,0,0.78427,0,169,8,20,2,108,0,0,394816,144,147,645,393731
Hackett_Genes_ErrLen,FIB,0,0.78427,0,169,8,20,3,108,0,0,394816,131,125,665,393746
Hackett_Genes_ErrLen,FIB,0,0.78427,0,169,8,20,4,108,0,0,394816,132,139,653,393743
Hackett_Genes_ErrLen,FIB,0,0.78427,0,169,16,20,0,108,0,0,394816,120,541,1043,392963
Hackett_Genes_ErrLen,FIB,0,0.78427,0,169,16,20,1,108,0,0,394816,151,403,1181,392932
Hackett_Genes_ErrLen,FIB,0,0.78427,0,169,16,20,2,108,0,0,394816,126,393,1191,392957
Hackett_Genes_ErrLen,FIB,0,0.78427,0,169,16,20,3,108,0,0,394816,151,274,1310,392932
Hackett_Genes_ErrLen,FIB,0,0.78427,0,169,16,20,4,108,0,0,394816,124,535,1049,392959
Hackett_Genes_ErrLen,FIB,0,0.78427,0,169,32,20,0,108,0,0,394816,129,883,2285,391370
Hackett_Genes_ErrLen,FIB,0,0.78427,0,169,32,20,1,108,0,0,394816,137,980,2188,391362
Hackett_Genes_ErrLen,FIB,0,0.78427,0,169,32,20,2,108,0,0,394816,138,1041,2127,391361
Hackett_Genes_ErrLen,FIB,0,0.78427,0,169,32,20,3,108,0,0,394816,106,846,2320,391395
Hackett_Genes_ErrLen,FIB,0,0.78427,0,169,32,20,4,108,0,0,394816,127,861,2305,391374
Hackett_Genes_ErrLen,HMG,0,0.96817,0,72,2,20,0,78,0,0,112101,93,7,81,111926
Hackett_Genes_ErrLen,HMG,0,0.96817,0,72,2,20,1,78,0,0,112101,83,42,46,111936
Hackett_Genes_ErrLen,HMG,0,0.96817,0,72,2,20,2,78,0,0,112101,56,57,31,111963
Hackett_Genes_ErrLen,HMG,0,0.96817,0,72,2,20,3,78,0,0,112101,76,27,61,111943
Hackett_Genes_ErrLen,HMG,0,0.96817,0,72,2,20,4,78,0,0,112101,86,25,63,111933
Hackett_Genes_ErrLen,HMG,0,0.96817,0,72,3,20,0,78,0,0,112101,90,50,82,111885
Hackett_Genes_ErrLen,HMG,0,0.96817,0,72,3,20,1,78,0,0,112101,87,41,91,111888
Hackett_Genes_ErrLen,HMG,0,0.96817,0,72,3,20,2,78,0,0,112101,111,85,47,111864
Hackett_Genes_ErrLen,HMG,0,0.96817,0,72,3,20,3,78,0,0,112101,108,6,126,111867
Hackett_Genes_ErrLen,HMG,0,0.96817,0,72,3,20,4,78,0,0,112101,89,66,66,111886
Hackett_Genes_ErrLen,HMG,0,0.96817,0,72,4,20,0,78,0,0,112101,89,32,144,111842
Hackett_Genes_ErrLen,HMG,0,0.96817,0,72,4,20,1,78,0,0,112101,81,120,56,111850
Hackett_Genes_ErrLen,HMG,0,0.96817,0,72,4,20,2,78,0,0,112101,100,40,136,111831
Hackett_Genes_ErrLen,HMG,0,0.96817,0,72,4,20,3,78,0,0,112101,79,71,105,111852
Hackett_Genes_ErrLen,HMG,0,0.96817,0,72,4,20,4,78,0,0,112101,78,77,99,111853
Hackett_Genes_ErrLen,HMG,0,0.96817,0,72,8,20,0,78,0,0,112101,98,87,265,111657
Hackett_Genes_ErrLen,HMG,0,0.96817,0,72,8,20,1,78,0,0,112101,79,136,216,111676
Hackett_Genes_ErrLen,HMG,0,0.96817,0,72,8,20,2,78,0,0,112101,75,75,277,111680
Hackett_Genes_ErrLen,HMG,0,0.96817,0,72,8,20,3,78,0,0,112101,88,76,276,111667
Hackett_Genes_ErrLen,HMG,0,0.96817,0,72,8,20,4,78,0,0,112101,107,102,250,111648
Hackett_Genes_ErrLen,HMG,0,0.96817,0,72,16,20,0,78,0,0,112101,98,305,399,111305
Hackett_Genes_ErrLen,HMG,0,0.96817,0,72,16,20,1,78,0,0,112101,62,291,413,111341
Hackett_Genes_ErrLen,HMG,0,0.96817,0,72,16,20,2,78,0,0,112101,67,418,286,111336
Hackett_Genes_ErrLen,HMG,0,0.96817,0,72,16,20,3,78,0,0,112101,134,98,606,111269
Hackett_Genes_ErrLen,HMG,0,0.96817,0,72,16,20,4,78,0,0,112101,92,179,525,111311
Hackett_Genes_ErrLen,HMG,0,0.96817,0,72,32,20,0,78,0,0,112101,105,835,573,110594
Hackett_Genes_ErrLen,HMG,0,0.96817,0,72,32,20,1,78,0,0,112101,66,1039,369,110633
Hackett_Genes_ErrLen,HMG,0,0.96817,0,72,32,20,2,78,0,0,112101,120,873,535,110579
Hackett_Genes_ErrLen,HMG,0,0.96817,0,72,32,20,3,78,0,0,112101,88,1093,315,110611
Hackett_Genes_ErrLen,HMG,0,0.96817,0,72,32,20,4,78,0,0,112101,98,853,555,110601
Hackett_Genes_ErrLen,IRF2,0,0.8015,0,164,2,20,0,23,0,0,99492,63,53,145,99050
Hackett_Genes_ErrLen,IRF2,0,0.8015,0,164,2,20,1,23,0,0,99492,13,66,132,99100
Hackett_Genes_ErrLen,IRF2,0,0.8015,0,164,2,20,2,23,0,0,99492,54,83,115,99059
Hackett_Genes_ErrLen,IRF2,0,0.8015,0,164,2,20,3,23,0,0,99492,65,51,147,99048
Hackett_Genes_ErrLen,IRF2,0,0.8015,0,164,2,20,4,23,0,0,99492,82,38,160,99031
Hackett_Genes_ErrLen,IRF2,0,0.8015,0,164,3,20,0,23,0,0,99492,43,110,187,98971
Hackett_Genes_ErrLen,IRF2,0,0.8015,0,164,3,20,1,23,0,0,99492,53,65,232,98961
Hackett_Genes_ErrLen,IRF2,0,0.8015,0,164,3,20,2,23,0,0,99492,92,48,249,98922
Hackett_Genes_ErrLen,IRF2,0,0.8015,0,164,3,20,3,23,0,0,99492,58,105,192,98956
Hackett_Genes_ErrLen,IRF2,0,0.8015,0,164,3,20,4,23,0,0,99492,62,83,214,98952
Hackett_Genes_ErrLen,IRF2,0,0.8015,0,164,4,20,0,23,0,0,99492,100,19,377,98815
Hackett_Genes_ErrLen,IRF2,0,0.8015,0,164,4,20,1,23,0,0,99492,85,131,265,98830
Hackett_Genes_ErrLen,IRF2,0,0.8015,0,164,4,20,2,23,0,0,99492,85,21,375,98830
Hackett_Genes_ErrLen,IRF2,0,0.8015,0,164,4,20,3,23,0,0,99492,72,99,297,98843
Hackett_Genes_ErrLen,IRF2,0,0.8015,0,164,4,20,4,23,0,0,99492,96,56,339,98820
Hackett_Genes_ErrLen,IRF2,0,0.8015,0,164,8,20,0,23,0,0,99492,116,128,664,98403
Hackett_Genes_ErrLen,IRF2,0,0.8015,0,164,8,20,1,23,0,0,99492,107,72,720,98412
Hackett_Genes_ErrLen,IRF2,0,0.8015,0,164,8,20,2,23,0,0,99492,95,50,742,98424
Hackett_Genes_ErrLen,IRF2,0,0.8015,0,164,8,20,3,23,0,0,99492,96,99,693,98423
Hackett_Genes_ErrLen,IRF2,0,0.8015,0,164,8,20,4,23,0,0,99492,94,123,666,98428
Hackett_Genes_ErrLen,IRF2,0,0.8015,0,164,16,20,0,23,0,0,99492,87,194,1390,97640
Hackett_Genes_ErrLen,IRF2,0,0.8015,0,164,16,20,1,23,0,0,99492,81,66,1518,97646
Hackett_Genes_ErrLen,IRF2,0,0.8015,0,164,16,20,2,23,0,0,99492,131,100,1484,97596
Hackett_Genes_ErrLen,IRF2,0,0.8015,0,164,16,20,3,23,0,0,99492,69,81,1503,97658
Hackett_Genes_ErrLen,IRF2,0,0.8015,0,164,16,20,4,23,0,0,99492,147,106,1475,97583
Hackett_Genes_ErrLen,IRF2,0,0.8015,0,164,32,20,0,23,0,0,99492,135,194,2974,96008
Hackett_Genes_ErrLen,IRF2,0,0.8015,0,164,32,20,1,23,0,0,99492,106,208,2960,96037
Hackett_Genes_ErrLen,IRF2,0,0.8015,0,164,32,20,2,23,0,0,99492,139,130,3038,96004
Hackett_Genes_ErrLen,IRF2,0,0.8015,0,164,32,20,3,23,0,0,99492,125,138,3029,96019
Hackett_Genes_ErrLen,IRF2,0,0.8015,0,164,32,20,4,23,0,0,99492,126,89,3079,96017
Hackett_Genes_ErrLen,MUSK,0,0.5888499,0,155,2,20,0,13,0,0,98386,19,92,84,98049
Hackett_Genes_ErrLen,MUSK,0,0.5888499,0,155,2,20,1,13,0,0,98386,20,115,61,98048
Hackett_Genes_ErrLen,MUSK,0,0.5888499,0,155,2,20,2,13,0,0,98386,20,86,90,98048
Hackett_Genes_ErrLen,MUSK,0,0.5888499,0,155,2,20,3,13,0,0,98386,35,52,124,98033
Hackett_Genes_ErrLen,MUSK,0,0.5888499,0,155,2,20,4,13,0,0,98386,28,109,67,98040
Hackett_Genes_ErrLen,MUSK,0,0.5888499,0,155,3,20,0,13,0,0,98386,40,70,194,97940
Hackett_Genes_ErrLen,MUSK,0,0.5888499,0,155,3,20,1,13,0,0,98386,47,60,204,97933
Hackett_Genes_ErrLen,MUSK,0,0.5888499,0,155,3,20,2,13,0,0,98386,34,75,189,97946
Hackett_Genes_ErrLen,MUSK,0,0.5888499,0,155,3,20,3,13,0,0,98386,25,69,195,97955
Hackett_Genes_ErrLen,MUSK,0,0.5888499,0,155,3,20,4,13,0,0,98386,2,109,155,97978
Hackett_Genes_ErrLen,MUSK,0,0.5888499,0,155,4,20,0,13,0,0,98386,31,125,227,97861
Hackett_Genes_ErrLen,MUSK,0,0.5888499,0,155,4,20,1,13,0,0,98386,48,67,285,97844
Hackett_Genes_ErrLen,MUSK,0,0.5888499,0,155,4,20,2,13,0,0,98386,61,68,284,97831
Hackett_Genes_ErrLen,MUSK,0,0.5888499,0,155,4,20,3,13,0,0,98386,59,105,247,97833
Hackett_Genes_ErrLen,MUSK,0,0.5888499,0,155,4,20,4,13,0,0,98386,29,170,182,97863
Hackett_Genes_ErrLen,MUSK,0,0.5888499,0,155,8,20,0,13,0,0,98386,54,98,606,97486
Hackett_Genes_ErrLen,MUSK,0,0.5888499,0,155,8,20,1,13,0,0,98386,36,180,524,97504
Hackett_Genes_ErrLen,MUSK,0,0.5888499,0,155,8,20,2,13,0,0,98386,36,213,491,97504
Hackett_Genes_ErrLen,MUSK,0,0.5888499,0,155,8,20,3,13,0,0,98386,51,132,572,97489
Hackett_Genes_ErrLen,MUSK,0,0.5888499,0,155,8,20,4,13,0,0,98386,40,77,627,97500
Hackett_Genes_ErrLen,MUSK,0,0.5888499,0,155,16,20,0,13,0,0,98386,23,599,809,96813
Hackett_Genes_ErrLen,MUSK,0,0.5888499,0,155,16,20,1,13,0,0,98386,43,303,1105,96793
Hackett_Genes_ErrLen,MUSK,0,0.5888499,0,155,16,20,2,13,0,0,98386,23,388,1020,96813
Hackett_Genes_ErrLen,MUSK,0,0.5888499,0,155,16,20,3,13,0,0,98386,37,419,989,96799
Hackett_Genes_ErrLen,MUSK,0,0.5888499,0,155,16,20,4,13,0,0,98386,24,287,1121,96812
Hackett_Genes_ErrLen,MUSK,0,0.5888499,0,155,32,20,0,13,0,0,98386,37,1158,1658,95391
Hackett_Genes_ErrLen,MUSK,0,0.5888499,0,155,32,20,1,13,0,0,98386,21,762,2054,95407
Hackett_Genes_ErrLen,MUSK,0,0.5888499,0,155,32,20,2,13,0,0,98386,12,727,2089,95416
Hackett_Genes_ErrLen,MUSK,0,0.5888499,0,155,32,20,3,13,0,0,98386,24,1012,1804,95404
Hackett_Genes_ErrLen,MUSK,0,0.5888499,0,155,32,20,4,13,0,0,98386,32,787,2029,95396
Hackett_Genes_ErrLen,MYO,0,0.4823099,0,163,2,20,0,24,0,0,115181,30,142,56,114798
Hackett_Genes_ErrLen,MYO,0,0.4823099,0,163,2,20,1,24,0,0,115181,44,76,122,114784
Hackett_Genes_ErrLen,MYO,0,0.4823099,0,163,2,20,2,24,0,0,115181,19,81,117,114809
Hackett_Genes_ErrLen,MYO,0,0.4823099,0,163,2,20,3,24,0,0,115181,43,88,110,114785
Hackett_Genes_ErrLen,MYO,0,0.4823099,0,163,2,20,4,24,0,0,115181,35,128,70,114793
Hackett_Genes_ErrLen,MYO,0,0.4823099,0,163,3,20,0,24,0,0,115181,48,92,205,114681
Hackett_Genes_ErrLen,MYO,0,0.4823099,0,163,3,20,1,24,0,0,115181,43,55,242,114686
Hackett_Genes_ErrLen,MYO,0,0.4823099,0,163,3,20,2,24,0,0,115181,26,116,181,114703
Hackett_Genes_ErrLen,MYO,0,0.4823099,0,163,3,20,3,24,0,0,115181,39,125,172,114690
Hackett_Genes_ErrLen,MYO,0,0.4823099,0,163,3,20,4,24,0,0,115181,56,111,186,114673
Hackett_Genes_ErrLen,MYO,0,0.4823099,0,163,4,20,0,24,0,0,115181,54,189,207,114576
Hackett_Genes_ErrLen,MYO,0,0.4823099,0,163,4,20,1,24,0,0,115181,59,113,283,114571
Hackett_Genes_ErrLen,MYO,0,0.4823099,0,163,4,20,2,24,0,0,115181,58,58,338,114572
Hackett_Genes_ErrLen,MYO,0,0.4823099,0,163,4,20,3,24,0,0,115181,76,45,351,114554
Hackett_Genes_ErrLen,MYO,0,0.4823099,0,163,4,20,4,24,0,0,115181,80,63,333,114550
Hackett_Genes_ErrLen,MYO,0,0.4823099,0,163,8,20,0,24,0,0,115181,76,114,678,114158
Hackett_Genes_ErrLen,MYO,0,0.4823099,0,163,8,20,1,24,0,0,115181,80,50,742,114154
Hackett_Genes_ErrLen,MYO,0,0.4823099,0,163,8,20,2,24,0,0,115181,61,139,653,114173
Hackett_Genes_ErrLen,MYO,0,0.4823099,0,163,8,20,3,24,0,0,115181,50,114,678,114184
Hackett_Genes_ErrLen,MYO,0,0.4823099,0,163,8,20,4,24,0,0,115181,69,99,693,114165
Hackett_Genes_ErrLen,MYO,0,0.4823099,0,163,16,20,0,24,0,0,115181,72,112,1472,113370
Hackett_Genes_ErrLen,MYO,0,0.4823099,0,163,16,20,1,24,0,0,115181,72,119,1465,113370
Hackett_Genes_ErrLen,MYO,0,0.4823099,0,163,16,20,2,24,0,0,115181,64,232,1351,113379
Hackett_Genes_ErrLen,MYO,0,0.4823099,0,163,16,20,3,24,0,0,115181,100,129,1455,113342
Hackett_Genes_ErrLen,MYO,0,0.4823099,0,163,16,20,4,24,0,0,115181,73,144,1440,113369
Hackett_Genes_ErrLen,MYO,0,0.4823099,0,163,32,20,0,24,0,0,115181,85,697,2471,111773
Hackett_Genes_ErrLen,MYO,0,0.4823099,0,163,32,20,1,24,0,0,115181,66,568,2600,111792
Hackett_Genes_ErrLen,MYO,0,0.4823099,0,163,32,20,2,24,0,0,115181,75,743,2425,111783
Hackett_Genes_ErrLen,MYO,0,0.4823099,0,163,32,20,3,24,0,0,115181,88,445,2723,111770
Hackett_Genes_ErrLen,MYO,0,0.4823099,0,163,32,20,4,24,0,0,115181,63,676,2492,111795
Hackett_Genes_ErrLen,NGF,0,0.4679299,0,163,2,20,0,0,0,0,120322,20,63,135,119941
Hackett_Genes_ErrLen,NGF,0,0.4679299,0,163,2,20,1,0,0,0,120322,8,102,96,119953
Hackett_Genes_ErrLen,NGF,0,0.4679299,0,163,2,20,2,0,0,0,120322,6,103,95,119955
Hackett_Genes_ErrLen,NGF,0,0.4679299,0,163,2,20,3,0,0,0,120322,6,122,76,119955
Hackett_Genes_ErrLen,NGF,0,0.4679299,0,163,2,20,4,0,0,0,120322,17,93,105,119944
Hackett_Genes_ErrLen,NGF,0,0.4679299,0,163,3,20,0,0,0,0,120322,12,105,192,119850
Hackett_Genes_ErrLen,NGF,0,0.4679299,0,163,3,20,1,0,0,0,120322,14,108,189,119848
Hackett_Genes_ErrLen,NGF,0,0.4679299,0,163,3,20,2,0,0,0,120322,14,72,225,119848
Hackett_Genes_ErrLen,NGF,0,0.4679299,0,163,3,20,3,0,0,0,120322,12,132,165,119850
Hackett_Genes_ErrLen,NGF,0,0.4679299,0,163,3,20,4,0,0,0,120322,13,132,165,119849
Hackett_Genes_ErrLen,NGF,0,0.4679299,0,163,4,20,0,0,0,0,120322,25,121,275,119738
Hackett_Genes_ErrLen,NGF,0,0.4679299,0,163,4,20,1,0,0,0,120322,18,153,243,119745
Hackett_Genes_ErrLen,NGF,0,0.4679299,0,163,4,20,2,0,0,0,120322,40,102,294,119723
Hackett_Genes_ErrLen,NGF,0,0.4679299,0,163,4,20,3,0,0,0,120322,33,88,308,119730
Hackett_Genes_ErrLen,NGF,0,0.4679299,0,163,4,20,4,0,0,0,120322,23,181,215,119740
Hackett_Genes_ErrLen,NGF,0,0.4679299,0,163,8,20,0,0,0,0,120322,27,269,523,119340
Hackett_Genes_ErrLen,NGF,0,0.4679299,0,163,8,20,1,0,0,0,120322,27,242,550,119340
Hackett_Genes_ErrLen,NGF,0,0.4679299,0,163,8,20,2,0,0,0,120322,18,285,507,119349
Hackett_Genes_ErrLen,NGF,0,0.4679299,0,163,8,20,3,0,0,0,120322,31,183,609,119336
Hackett_Genes_ErrLen,NGF,0,0.4679299,0,163,8,20,4,0,0,0,120322,40,168,624,119327
Hackett_Genes_ErrLen,NGF,0,0.4679299,0,163,16,20,0,0,0,0,120322,40,437,1147,118535
Hackett_Genes_ErrLen,NGF,0,0.4679299,0,163,16,20,1,0,0,0,120322,42,241,1343,118533
Hackett_Genes_ErrLen,NGF,0,0.4679299,0,163,16,20,2,0,0,0,120322,22,290,1294,118553
Hackett_Genes_ErrLen,NGF,0,0.4679299,0,163,16,20,3,0,0,0,120322,33,417,1167,118542
Hackett_Genes_ErrLen,NGF,0,0.4679299,0,163,16,20,4,0,0,0,120322,26,380,1204,118549
Hackett_Genes_ErrLen,NGF,0,0.4679299,0,163,32,20,0,0,0,0,120322,35,306,2862,116956
Hackett_Genes_ErrLen,NGF,0,0.4679299,0,163,32,20,1,0,0,0,120322,46,1000,2168,116945
Hackett_Genes_ErrLen,NGF,0,0.4679299,0,163,32,20,2,0,0,0,120322,39,1303,1865,116952
Hackett_Genes_ErrLen,NGF,0,0.4679299,0,163,32,20,3,0,0,0,120322,50,743,2425,116941
Hackett_Genes_ErrLen,NGF,0,0.4679299,0,163,32,20,4,0,0,0,120322,21,675,2493,116970
Hackett_Genes_ErrLen,NT3,0,0.32486,0,165,2,20,0,0,0,0,119748,13,57,141,119372
Hackett_Genes_ErrLen,NT3,0,0.32486,0,165,2,20,1,0,0,0,119748,18,52,146,119367
Hackett_Genes_ErrLen,NT3,0,0.32486,0,165,2,20,2,0,0,0,119748,23,68,130,119362
Hackett_Genes_ErrLen,NT3,0,0.32486,0,165,2,20,3,0,0,0,119748,9,112,86,119376
Hackett_Genes_ErrLen,NT3,0,0.32486,0,165,2,20,4,0,0,0,119748,21,51,147,119364
Hackett_Genes_ErrLen,NT3,0,0.32486,0,165,3,20,0,0,0,0,119748,30,96,201,119256
Hackett_Genes_ErrLen,NT3,0,0.32486,0,165,3,20,1,0,0,0,119748,20,114,183,119266
Hackett_Genes_ErrLen,NT3,0,0.32486,0,165,3,20,2,0,0,0,119748,15,89,208,119271
Hackett_Genes_ErrLen,NT3,0,0.32486,0,165,3,20,3,0,0,0,119748,15,76,221,119271
Hackett_Genes_ErrLen,NT3,0,0.32486,0,165,3,20,4,0,0,0,119748,18,120,177,119268
Hackett_Genes_ErrLen,NT3,0,0.32486,0,165,4,20,0,0,0,0,119748,47,70,326,119140
Hackett_Genes_ErrLen,NT3,0,0.32486,0,165,4,20,1,0,0,0,119748,46,100,296,119141
Hackett_Genes_ErrLen,NT3,0,0.32486,0,165,4,20,2,0,0,0,119748,14,132,264,119173
Hackett_Genes_ErrLen,NT3,0,0.32486,0,165,4,20,3,0,0,0,119748,49,67,329,119138
Hackett_Genes_ErrLen,NT3,0,0.32486,0,165,4,20,4,0,0,0,119748,36,101,295,119151
Hackett_Genes_ErrLen,NT3,0,0.32486,0,165,8,20,0,0,0,0,119748,58,42,750,118733
Hackett_Genes_ErrLen,NT3,0,0.32486,0,165,8,20,1,0,0,0,119748,39,121,671,118752
Hackett_Genes_ErrLen,NT3,0,0.32486,0,165,8,20,2,0,0,0,119748,35,111,681,118756
Hackett_Genes_ErrLen,NT3,0,0.32486,0,165,8,20,3,0,0,0,119748,53,59,733,118738
Hackett_Genes_ErrLen,NT3,0,0.32486,0,165,8,20,4,0,0,0,119748,38,36,756,118753
Hackett_Genes_ErrLen,NT3,0,0.32486,0,165,16,20,0,0,0,0,119748,32,264,1320,117967
Hackett_Genes_ErrLen,NT3,0,0.32486,0,165,16,20,1,0,0,0,119748,26,291,1293,117973
Hackett_Genes_ErrLen,NT3,0,0.32486,0,165,16,20,2,0,0,0,119748,56,166,1418,117943
Hackett_Genes_ErrLen,NT3,0,0.32486,0,165,16,20,3,0,0,0,119748,39,159,1425,117960
Hackett_Genes_ErrLen,NT3,0,0.32486,0,165,16,20,4,0,0,0,119748,34,171,1413,117965
Hackett_Genes_ErrLen,NT3,0,0.32486,0,165,32,20,0,0,0,0,119748,57,1047,2121,116358
Hackett_Genes_ErrLen,NT3,0,0.32486,0,165,32,20,1,0,0,0,119748,81,640,2528,116334
Hackett_Genes_ErrLen,NT3,0,0.32486,0,165,32,20,2,0,0,0,119748,52,950,2218,116363
Hackett_Genes_ErrLen,NT3,0,0.32486,0,165,32,20,3,0,0,0,119748,34,892,2276,116381
Hackett_Genes_ErrLen,NT3,0,0.32486,0,165,32,20,4,0,0,0,119748,43,723,2445,116372
Hackett_Genes_ErrLen,RHOD,0,1.217590,0,161,2,20,0,226,0,0,260238,208,116,82,259841
Hackett_Genes_ErrLen,RHOD,0,1.217590,0,161,2,20,1,226,0,0,260238,247,63,135,259802
Hackett_Genes_ErrLen,RHOD,0,1.217590,0,161,2,20,2,226,0,0,260238,242,134,64,259807
Hackett_Genes_ErrLen,RHOD,0,1.217590,0,161,2,20,3,226,0,0,260238,261,59,139,259788
Hackett_Genes_ErrLen,RHOD,0,1.217590,0,161,2,20,4,226,0,0,260238,227,91,107,259822
Hackett_Genes_ErrLen,RHOD,0,1.217590,0,161,3,20,0,226,0,0,260238,251,80,217,259699
Hackett_Genes_ErrLen,RHOD,0,1.217590,0,161,3,20,1,226,0,0,260238,253,129,168,259697
Hackett_Genes_ErrLen,RHOD,0,1.217590,0,161,3,20,2,226,0,0,260238,229,114,183,259721
Hackett_Genes_ErrLen,RHOD,0,1.217590,0,161,3,20,3,226,0,0,260238,254,127,170,259696
Hackett_Genes_ErrLen,RHOD,0,1.217590,0,161,3,20,4,226,0,0,260238,251,131,166,259699
Hackett_Genes_ErrLen,RHOD,0,1.217590,0,161,4,20,0,226,0,0,260238,226,198,198,259625
Hackett_Genes_ErrLen,RHOD,0,1.217590,0,161,4,20,1,226,0,0,260238,217,161,235,259634
Hackett_Genes_ErrLen,RHOD,0,1.217590,0,161,4,20,2,226,0,0,260238,240,200,196,259611
Hackett_Genes_ErrLen,RHOD,0,1.217590,0,161,4,20,3,226,0,0,260238,252,135,261,259599
Hackett_Genes_ErrLen,RHOD,0,1.217590,0,161,4,20,4,226,0,0,260238,258,113,283,259593
Hackett_Genes_ErrLen,RHOD,0,1.217590,0,161,8,20,0,226,0,0,260238,249,224,568,259206
Hackett_Genes_ErrLen,RHOD,0,1.217590,0,161,8,20,1,226,0,0,260238,224,250,542,259231
Hackett_Genes_ErrLen,RHOD,0,1.217590,0,161,8,20,2,226,0,0,260238,253,152,640,259202
Hackett_Genes_ErrLen,RHOD,0,1.217590,0,161,8,20,3,226,0,0,260238,281,300,492,259174
Hackett_Genes_ErrLen,RHOD,0,1.217590,0,161,8,20,4,226,0,0,260238,244,205,587,259211
Hackett_Genes_ErrLen,RHOD,0,1.217590,0,161,16,20,0,226,0,0,260238,244,398,1186,258419
Hackett_Genes_ErrLen,RHOD,0,1.217590,0,161,16,20,1,226,0,0,260238,206,374,1210,258457
Hackett_Genes_ErrLen,RHOD,0,1.217590,0,161,16,20,2,226,0,0,260238,247,495,1089,258416
Hackett_Genes_ErrLen,RHOD,0,1.217590,0,161,16,20,3,226,0,0,260238,269,359,1225,258394
Hackett_Genes_ErrLen,RHOD,0,1.217590,0,161,16,20,4,226,0,0,260238,225,582,1002,258438
Hackett_Genes_ErrLen,RHOD,0,1.217590,0,161,32,20,0,226,0,0,260238,233,1531,1636,256847
Hackett_Genes_ErrLen,RHOD,0,1.217590,0,161,32,20,1,226,0,0,260238,216,1401,1765,256865
Hackett_Genes_ErrLen,RHOD,0,1.217590,0,161,32,20,2,226,0,0,260238,240,993,2175,256839
Hackett_Genes_ErrLen,RHOD,0,1.217590,0,161,32,20,3,226,0,0,260238,236,1524,1644,256843
Hackett_Genes_ErrLen,RHOD,0,1.217590,0,161,32,20,4,226,0,0,260238,198,956,2210,256883
Hackett_Genes_ErrLen,SOMA,0,0.69148,0,161,2,20,0,42,0,0,201990,60,82,116,201485
Hackett_Genes_ErrLen,SOMA,0,0.69148,0,161,2,20,1,42,0,0,201990,58,96,102,201487
Hackett_Genes_ErrLen,SOMA,0,0.69148,0,161,2,20,2,42,0,0,201990,44,96,102,201501
Hackett_Genes_ErrLen,SOMA,0,0.69148,0,161,2,20,3,42,0,0,201990,38,106,92,201507
Hackett_Genes_ErrLen,SOMA,0,0.69148,0,161,2,20,4,42,0,0,201990,67,69,129,201478
Hackett_Genes_ErrLen,SOMA,0,0.69148,0,161,3,20,0,42,0,0,201990,76,62,235,201370
Hackett_Genes_ErrLen,SOMA,0,0.69148,0,161,3,20,1,42,0,0,201990,53,137,156,201397
Hackett_Genes_ErrLen,SOMA,0,0.69148,0,161,3,20,2,42,0,0,201990,59,105,192,201387
Hackett_Genes_ErrLen,SOMA,0,0.69148,0,161,3,20,3,42,0,0,201990,58,81,216,201388
Hackett_Genes_ErrLen,SOMA,0,0.69148,0,161,3,20,4,42,0,0,201990,84,118,179,201362
Hackett_Genes_ErrLen,SOMA,0,0.69148,0,161,4,20,0,42,0,0,201990,57,142,254,201290
Hackett_Genes_ErrLen,SOMA,0,0.69148,0,161,4,20,1,42,0,0,201990,51,116,280,201296
Hackett_Genes_ErrLen,SOMA,0,0.69148,0,161,4,20,2,42,0,0,201990,79,87,309,201268
Hackett_Genes_ErrLen,SOMA,0,0.69148,0,161,4,20,3,42,0,0,201990,75,19,377,201272
Hackett_Genes_ErrLen,SOMA,0,0.69148,0,161,4,20,4,42,0,0,201990,84,120,276,201263
Hackett_Genes_ErrLen,SOMA,0,0.69148,0,161,8,20,0,42,0,0,201990,84,176,616,200867
Hackett_Genes_ErrLen,SOMA,0,0.69148,0,161,8,20,1,42,0,0,201990,104,137,655,200847
Hackett_Genes_ErrLen,SOMA,0,0.69148,0,161,8,20,2,42,0,0,201990,90,189,603,200861
Hackett_Genes_ErrLen,SOMA,0,0.69148,0,161,8,20,3,42,0,0,201990,80,150,642,200871
Hackett_Genes_ErrLen,SOMA,0,0.69148,0,161,8,20,4,42,0,0,201990,71,170,622,200880
Hackett_Genes_ErrLen,SOMA,0,0.69148,0,161,16,20,0,42,0,0,201990,87,190,1392,200074
Hackett_Genes_ErrLen,SOMA,0,0.69148,0,161,16,20,1,42,0,0,201990,69,764,816,200094
Hackett_Genes_ErrLen,SOMA,0,0.69148,0,161,16,20,2,42,0,0,201990,59,433,1149,200102
Hackett_Genes_ErrLen,SOMA,0,0.69148,0,161,16,20,3,42,0,0,201990,99,509,1075,200060
Hackett_Genes_ErrLen,SOMA,0,0.69148,0,161,16,20,4,42,0,0,201990,98,284,1300,200061
Hackett_Genes_ErrLen,SOMA,0,0.69148,0,161,32,20,0,42,0,0,201990,55,1012,2152,198524
Hackett_Genes_ErrLen,SOMA,0,0.69148,0,161,32,20,1,42,0,0,201990,65,1712,1452,198514
Hackett_Genes_ErrLen,SOMA,0,0.69148,0,161,32,20,2,42,0,0,201990,57,1910,1258,198518
Hackett_Genes_ErrLen,SOMA,0,0.69148,0,161,32,20,3,42,0,0,201990,96,1255,1913,198479
Hackett_Genes_ErrLen,SOMA,0,0.69148,0,161,32,20,4,42,0,0,201990,93,531,2637,198482
Hackett_Genes_ErrLen,TGF,0,0.6172799,0,169,2,20,0,12,0,0,97998,29,91,107,97542
Hackett_Genes_ErrLen,TGF,0,0.6172799,0,169,2,20,1,12,0,0,97998,26,31,167,97545
Hackett_Genes_ErrLen,TGF,0,0.6172799,0,169,2,20,2,12,0,0,97998,21,152,46,97550
Hackett_Genes_ErrLen,TGF,0,0.6172799,0,169,2,20,3,12,0,0,97998,22,88,110,97549
Hackett_Genes_ErrLen,TGF,0,0.6172799,0,169,2,20,4,12,0,0,97998,31,38,160,97540
Hackett_Genes_ErrLen,TGF,0,0.6172799,0,169,3,20,0,12,0,0,97998,26,149,148,97446
Hackett_Genes_ErrLen,TGF,0,0.6172799,0,169,3,20,1,12,0,0,97998,24,129,168,97448
Hackett_Genes_ErrLen,TGF,0,0.6172799,0,169,3,20,2,12,0,0,97998,34,59,238,97438
Hackett_Genes_ErrLen,TGF,0,0.6172799,0,169,3,20,3,12,0,0,97998,31,114,183,97441
Hackett_Genes_ErrLen,TGF,0,0.6172799,0,169,3,20,4,12,0,0,97998,22,53,244,97450
Hackett_Genes_ErrLen,TGF,0,0.6172799,0,169,4,20,0,12,0,0,97998,41,116,280,97332
Hackett_Genes_ErrLen,TGF,0,0.6172799,0,169,4,20,1,12,0,0,97998,40,85,310,97334
Hackett_Genes_ErrLen,TGF,0,0.6172799,0,169,4,20,2,12,0,0,97998,56,133,263,97317
Hackett_Genes_ErrLen,TGF,0,0.6172799,0,169,4,20,3,12,0,0,97998,50,62,334,97323
Hackett_Genes_ErrLen,TGF,0,0.6172799,0,169,4,20,4,12,0,0,97998,42,72,324,97331
Hackett_Genes_ErrLen,TGF,0,0.6172799,0,169,8,20,0,12,0,0,97998,62,78,707,96922
Hackett_Genes_ErrLen,TGF,0,0.6172799,0,169,8,20,1,12,0,0,97998,83,16,776,96894
Hackett_Genes_ErrLen,TGF,0,0.6172799,0,169,8,20,2,12,0,0,97998,58,78,714,96919
Hackett_Genes_ErrLen,TGF,0,0.6172799,0,169,8,20,3,12,0,0,97998,70,128,664,96907
Hackett_Genes_ErrLen,TGF,0,0.6172799,0,169,8,20,4,12,0,0,97998,44,190,601,96934
Hackett_Genes_ErrLen,TGF,0,0.6172799,0,169,16,20,0,12,0,0,97998,51,157,1427,96134
Hackett_Genes_ErrLen,TGF,0,0.6172799,0,169,16,20,1,12,0,0,97998,45,166,1418,96140
Hackett_Genes_ErrLen,TGF,0,0.6172799,0,169,16,20,2,12,0,0,97998,59,244,1340,96126
Hackett_Genes_ErrLen,TGF,0,0.6172799,0,169,16,20,3,12,0,0,97998,57,118,1466,96128
Hackett_Genes_ErrLen,TGF,0,0.6172799,0,169,16,20,4,12,0,0,97998,39,287,1297,96146
Hackett_Genes_ErrLen,TGF,0,0.6172799,0,169,32,20,0,12,0,0,97998,39,380,2787,94563
Hackett_Genes_ErrLen,TGF,0,0.6172799,0,169,32,20,1,12,0,0,97998,55,551,2609,94554
Hackett_Genes_ErrLen,TGF,0,0.6172799,0,169,32,20,2,12,0,0,97998,39,232,2935,94563
Hackett_Genes_ErrLen,TGF,0,0.6172799,0,169,32,20,3,12,0,0,97998,28,568,2600,94573
Hackett_Genes_ErrLen,TGF,0,0.6172799,0,169,32,20,4,12,0,0,97998,27,540,2628,94574
Hackett_Genes_ErrLen,TROP,0,0.32438999,0,139,2,20,0,0,0,0,64328,11,66,88,64024
Hackett_Genes_ErrLen,TROP,0,0.32438999,0,139,2,20,1,0,0,0,64328,6,53,101,64029
Hackett_Genes_ErrLen,TROP,0,0.32438999,0,139,2,20,2,0,0,0,64328,16,52,102,64019
Hackett_Genes_ErrLen,TROP,0,0.32438999,0,139,2,20,3,0,0,0,64328,9,54,100,64026
Hackett_Genes_ErrLen,TROP,0,0.32438999,0,139,2,20,4,0,0,0,64328,17,17,137,64018
Hackett_Genes_ErrLen,TROP,0,0.32438999,0,139,3,20,0,0,0,0,64328,22,70,161,63936
Hackett_Genes_ErrLen,TROP,0,0.32438999,0,139,3,20,1,0,0,0,64328,29,81,150,63929
Hackett_Genes_ErrLen,TROP,0,0.32438999,0,139,3,20,2,0,0,0,64328,10,110,121,63948
Hackett_Genes_ErrLen,TROP,0,0.32438999,0,139,3,20,3,0,0,0,64328,18,52,179,63940
Hackett_Genes_ErrLen,TROP,0,0.32438999,0,139,3,20,4,0,0,0,64328,10,68,163,63948
Hackett_Genes_ErrLen,TROP,0,0.32438999,0,139,4,20,0,0,0,0,64328,24,54,254,63857
Hackett_Genes_ErrLen,TROP,0,0.32438999,0,139,4,20,1,0,0,0,64328,31,72,236,63850
Hackett_Genes_ErrLen,TROP,0,0.32438999,0,139,4,20,2,0,0,0,64328,33,86,222,63848
Hackett_Genes_ErrLen,TROP,0,0.32438999,0,139,4,20,3,0,0,0,64328,37,85,223,63844
Hackett_Genes_ErrLen,TROP,0,0.32438999,0,139,4,20,4,0,0,0,64328,30,48,260,63851
Hackett_Genes_ErrLen,TROP,0,0.32438999,0,139,8,20,0,0,0,0,64328,27,146,470,63546
Hackett_Genes_ErrLen,TROP,0,0.32438999,0,139,8,20,1,0,0,0,64328,42,67,549,63531
Hackett_Genes_ErrLen,TROP,0,0.32438999,0,139,8,20,2,0,0,0,64328,20,168,448,63553
Hackett_Genes_ErrLen,TROP,0,0.32438999,0,139,8,20,3,0,0,0,64328,28,132,484,63545
Hackett_Genes_ErrLen,TROP,0,0.32438999,0,139,8,20,4,0,0,0,64328,21,135,481,63552
Hackett_Genes_ErrLen,TROP,0,0.32438999,0,139,16,20,0,0,0,0,64328,32,400,832,62925
Hackett_Genes_ErrLen,TROP,0,0.32438999,0,139,16,20,1,0,0,0,64328,37,385,847,62920
Hackett_Genes_ErrLen,TROP,0,0.32438999,0,139,16,20,2,0,0,0,64328,38,374,858,62919
Hackett_Genes_ErrLen,TROP,0,0.32438999,0,139,16,20,3,0,0,0,64328,33,444,788,62924
Hackett_Genes_ErrLen,TROP,0,0.32438999,0,139,16,20,4,0,0,0,64328,29,340,892,62928
Hackett_Genes_ErrLen,TROP,0,0.32438999,0,139,32,20,0,0,0,0,64328,48,741,1723,61677
Hackett_Genes_ErrLen,TROP,0,0.32438999,0,139,32,20,1,0,0,0,64328,65,875,1589,61660
Hackett_Genes_ErrLen,TROP,0,0.32438999,0,139,32,20,2,0,0,0,64328,46,995,1469,61679
Hackett_Genes_ErrLen,TROP,0,0.32438999,0,139,32,20,3,0,0,0,64328,26,1272,1192,61699
Hackett_Genes_ErrLen,TROP,0,0.32438999,0,139,32,20,4,0,0,0,64328,85,819,1645,61640
