Hackett_Genes_NumErrAlns	aca	0	0.905210	0	153	8	153	0	193	0	0	182264	186	62	114	182095
Hackett_Genes_NumErrAlns	aca	0	0.905210	0	153	8	153	1	193	0	0	182264	197	76	100	182084
Hackett_Genes_NumErrAlns	aca	0	0.905210	0	153	8	153	2	193	0	0	182264	198	48	128	182083
Hackett_Genes_NumErrAlns	aca	0	0.905210	0	153	8	153	3	193	0	0	182264	186	14	162	182095
Hackett_Genes_NumErrAlns	aca	0	0.905210	0	153	8	153	4	193	0	0	182264	188	0	176	182093
Hackett_Genes_NumErrAlns	aca	0	0.905210	0	153	8	50	0	193	0	0	182264	209	20	332	181896
Hackett_Genes_NumErrAlns	aca	0	0.905210	0	153	8	50	1	193	0	0	182264	197	160	192	181908
Hackett_Genes_NumErrAlns	aca	0	0.905210	0	153	8	50	2	193	0	0	182264	205	140	212	181900
Hackett_Genes_NumErrAlns	aca	0	0.905210	0	153	8	50	3	193	0	0	182264	196	68	284	181909
Hackett_Genes_NumErrAlns	aca	0	0.905210	0	153	8	50	4	193	0	0	182264	200	90	262	181905
Hackett_Genes_NumErrAlns	aca	0	0.905210	0	153	8	20	0	193	0	0	182264	213	150	554	181540
Hackett_Genes_NumErrAlns	aca	0	0.905210	0	153	8	20	1	193	0	0	182264	174	111	593	181579
Hackett_Genes_NumErrAlns	aca	0	0.905210	0	153	8	20	2	193	0	0	182264	225	197	507	181528
Hackett_Genes_NumErrAlns	aca	0	0.905210	0	153	8	20	3	193	0	0	182264	208	97	431	181721
Hackett_Genes_NumErrAlns	aca	0	0.905210	0	153	8	20	4	193	0	0	182264	245	88	616	181508
Hackett_Genes_NumErrAlns	aca	0	0.905210	0	153	8	10	0	193	0	0	182264	217	117	499	181624
Hackett_Genes_NumErrAlns	aca	0	0.905210	0	153	8	10	1	193	0	0	182264	199	376	680	181202
Hackett_Genes_NumErrAlns	aca	0	0.905210	0	153	8	10	2	193	0	0	182264	192	37	51	182177
Hackett_Genes_NumErrAlns	aca	0	0.905210	0	153	8	10	3	193	0	0	182264	239	91	701	181426
Hackett_Genes_NumErrAlns	aca	0	0.905210	0	153	8	10	4	193	0	0	182264	170	266	702	181319
Hackett_Genes_NumErrAlns	aca	0	0.905210	0	153	8	5	0	193	0	0	182264	214	103	513	181627
Hackett_Genes_NumErrAlns	aca	0	0.905210	0	153	8	5	1	193	0	0	182264	217	132	484	181624
Hackett_Genes_NumErrAlns	aca	0	0.905210	0	153	8	5	2	193	0	0	182264	231	170	534	181522
Hackett_Genes_NumErrAlns	aca	0	0.905210	0	153	8	5	3	193	0	0	182264	200	46	306	181905
Hackett_Genes_NumErrAlns	aca	0	0.905210	0	153	8	5	4	193	0	0	182264	167	226	918	181146
Hackett_Genes_NumErrAlns	ALD	0	0.75251	0	161	8	161	0	617	0	0	323468	618	14	162	323291
Hackett_Genes_NumErrAlns	ALD	0	0.75251	0	161	8	161	1	617	0	0	323468	579	92	84	323330
Hackett_Genes_NumErrAlns	ALD	0	0.75251	0	161	8	161	2	617	0	0	323468	605	67	109	323304
Hackett_Genes_NumErrAlns	ALD	0	0.75251	0	161	8	161	3	617	0	0	323468	602	32	144	323307
Hackett_Genes_NumErrAlns	ALD	0	0.75251	0	161	8	161	4	617	0	0	323468	616	32	144	323293
Hackett_Genes_NumErrAlns	ALD	0	0.75251	0	161	8	50	0	617	0	0	323468	634	100	252	323099
Hackett_Genes_NumErrAlns	ALD	0	0.75251	0	161	8	50	1	617	0	0	323468	603	72	280	323130
Hackett_Genes_NumErrAlns	ALD	0	0.75251	0	161	8	50	2	617	0	0	323468	571	39	313	323162
Hackett_Genes_NumErrAlns	ALD	0	0.75251	0	161	8	50	3	617	0	0	323468	602	170	182	323131
Hackett_Genes_NumErrAlns	ALD	0	0.75251	0	161	8	50	4	617	0	0	323468	618	98	254	323115
Hackett_Genes_NumErrAlns	ALD	0	0.75251	0	161	8	20	0	617	0	0	323468	627	201	591	322666
Hackett_Genes_NumErrAlns	ALD	0	0.75251	0	161	8	20	1	617	0	0	323468	611	344	448	322682
Hackett_Genes_NumErrAlns	ALD	0	0.75251	0	161	8	20	2	617	0	0	323468	610	205	587	322683
Hackett_Genes_NumErrAlns	ALD	0	0.75251	0	161	8	20	3	617	0	0	323468	536	176	264	323109
Hackett_Genes_NumErrAlns	ALD	0	0.75251	0	161	8	20	4	617	0	0	323468	618	194	598	322675
Hackett_Genes_NumErrAlns	ALD	0	0.75251	0	161	8	10	0	617	0	0	323468	623	0	88	323374
Hackett_Genes_NumErrAlns	ALD	0	0.75251	0	161	8	10	1	617	0	0	323468	600	105	335	323045
Hackett_Genes_NumErrAlns	ALD	0	0.75251	0	161	8	10	2	617	0	0	323468	528	224	920	322413
Hackett_Genes_NumErrAlns	ALD	0	0.75251	0	161	8	10	3	617	0	0	323468	621	589	907	321968
Hackett_Genes_NumErrAlns	ALD	0	0.75251	0	161	8	10	4	617	0	0	323468	563	210	318	322994
Hackett_Genes_NumErrAlns	ALD	0	0.75251	0	161	8	5	0	617	0	0	323468	608	237	467	322773
Hackett_Genes_NumErrAlns	ALD	0	0.75251	0	161	8	5	1	617	0	0	323468	623	109	595	322758
Hackett_Genes_NumErrAlns	ALD	0	0.75251	0	161	8	5	2	617	0	0	323468	594	709	1843	320939
Hackett_Genes_NumErrAlns	ALD	0	0.75251	0	161	8	5	3	617	0	0	323468	586	122	230	323147
Hackett_Genes_NumErrAlns	ALD	0	0.75251	0	161	8	5	4	617	0	0	323468	645	144	208	323088
Hackett_Genes_NumErrAlns	BDNF	0	0.3974599	0	171	8	171	0	0	0	0	117757	18	0	176	117563
Hackett_Genes_NumErrAlns	BDNF	0	0.3974599	0	171	8	171	1	0	0	0	117757	15	1	175	117566
Hackett_Genes_NumErrAlns	BDNF	0	0.3974599	0	171	8	171	2	0	0	0	117757	11	0	176	117570
Hackett_Genes_NumErrAlns	BDNF	0	0.3974599	0	171	8	171	3	0	0	0	117757	13	10	166	117568
Hackett_Genes_NumErrAlns	BDNF	0	0.3974599	0	171	8	171	4	0	0	0	117757	6	24	152	117575
Hackett_Genes_NumErrAlns	BDNF	0	0.3974599	0	171	8	50	0	0	0	0	117757	24	13	339	117381
Hackett_Genes_NumErrAlns	BDNF	0	0.3974599	0	171	8	50	1	0	0	0	117757	13	91	261	117392
Hackett_Genes_NumErrAlns	BDNF	0	0.3974599	0	171	8	50	2	0	0	0	117757	23	46	306	117382
Hackett_Genes_NumErrAlns	BDNF	0	0.3974599	0	171	8	50	3	0	0	0	117757	20	52	300	117385
Hackett_Genes_NumErrAlns	BDNF	0	0.3974599	0	171	8	50	4	0	0	0	117757	23	0	352	117382
Hackett_Genes_NumErrAlns	BDNF	0	0.3974599	0	171	8	20	0	0	0	0	117757	29	82	710	116936
Hackett_Genes_NumErrAlns	BDNF	0	0.3974599	0	171	8	20	1	0	0	0	117757	47	104	688	116918
Hackett_Genes_NumErrAlns	BDNF	0	0.3974599	0	171	8	20	2	0	0	0	117757	41	52	740	116924
Hackett_Genes_NumErrAlns	BDNF	0	0.3974599	0	171	8	20	3	0	0	0	117757	83	2	790	116882
Hackett_Genes_NumErrAlns	BDNF	0	0.3974599	0	171	8	20	4	0	0	0	117757	42	113	679	116923
Hackett_Genes_NumErrAlns	BDNF	0	0.3974599	0	171	8	10	0	0	0	0	117757	49	69	723	116916
Hackett_Genes_NumErrAlns	BDNF	0	0.3974599	0	171	8	10	1	0	0	0	117757	117	90	1494	116056
Hackett_Genes_NumErrAlns	BDNF	0	0.3974599	0	171	8	10	2	0	0	0	117757	58	30	674	116995
Hackett_Genes_NumErrAlns	BDNF	0	0.3974599	0	171	8	10	3	0	0	0	117757	148	91	1493	116025
Hackett_Genes_NumErrAlns	BDNF	0	0.3974599	0	171	8	10	4	0	0	0	117757	24	38	226	117469
Hackett_Genes_NumErrAlns	BDNF	0	0.3974599	0	171	8	5	0	0	0	0	117757	38	46	482	117191
Hackett_Genes_NumErrAlns	BDNF	0	0.3974599	0	171	8	5	1	0	0	0	117757	27	69	283	117378
Hackett_Genes_NumErrAlns	BDNF	0	0.3974599	0	171	8	5	2	0	0	0	117757	8	21	155	117573
Hackett_Genes_NumErrAlns	BDNF	0	0.3974599	0	171	8	5	3	0	0	0	117757	29	30	498	117200
Hackett_Genes_NumErrAlns	BDNF	0	0.3974599	0	171	8	5	4	0	0	0	117757	43	29	587	117098
Hackett_Genes_NumErrAlns	CHC	0	0.80535	0	169	8	169	0	545	0	0	278230	552	32	144	278047
Hackett_Genes_NumErrAlns	CHC	0	0.80535	0	169	8	169	1	545	0	0	278230	499	4	172	278100
Hackett_Genes_NumErrAlns	CHC	0	0.80535	0	169	8	169	2	545	0	0	278230	557	26	150	278042
Hackett_Genes_NumErrAlns	CHC	0	0.80535	0	169	8	169	3	545	0	0	278230	517	53	123	278082
Hackett_Genes_NumErrAlns	CHC	0	0.80535	0	169	8	169	4	545	0	0	278230	541	20	156	278058
Hackett_Genes_NumErrAlns	CHC	0	0.80535	0	169	8	50	0	545	0	0	278230	516	81	271	277907
Hackett_Genes_NumErrAlns	CHC	0	0.80535	0	169	8	50	1	545	0	0	278230	556	93	259	277867
Hackett_Genes_NumErrAlns	CHC	0	0.80535	0	169	8	50	2	545	0	0	278230	565	140	212	277858
Hackett_Genes_NumErrAlns	CHC	0	0.80535	0	169	8	50	3	545	0	0	278230	517	73	279	277906
Hackett_Genes_NumErrAlns	CHC	0	0.80535	0	169	8	50	4	545	0	0	278230	555	18	334	277868
Hackett_Genes_NumErrAlns	CHC	0	0.80535	0	169	8	20	0	545	0	0	278230	525	119	673	277458
Hackett_Genes_NumErrAlns	CHC	0	0.80535	0	169	8	20	1	545	0	0	278230	525	138	654	277458
Hackett_Genes_NumErrAlns	CHC	0	0.80535	0	169	8	20	2	545	0	0	278230	521	79	185	277990
Hackett_Genes_NumErrAlns	CHC	0	0.80535	0	169	8	20	3	545	0	0	278230	539	30	146	278060
Hackett_Genes_NumErrAlns	CHC	0	0.80535	0	169	8	20	4	545	0	0	278230	522	89	703	277461
Hackett_Genes_NumErrAlns	CHC	0	0.80535	0	169	8	10	0	545	0	0	278230	552	0	88	278135
Hackett_Genes_NumErrAlns	CHC	0	0.80535	0	169	8	10	1	545	0	0	278230	541	272	1224	276738
Hackett_Genes_NumErrAlns	CHC	0	0.80535	0	169	8	10	2	545	0	0	278230	490	233	911	277141
Hackett_Genes_NumErrAlns	CHC	0	0.80535	0	169	8	10	3	545	0	0	278230	543	116	676	277440
Hackett_Genes_NumErrAlns	CHC	0	0.80535	0	169	8	10	4	545	0	0	278230	569	179	1317	276710
Hackett_Genes_NumErrAlns	CHC	0	0.80535	0	169	8	5	0	545	0	0	278230	552	54	122	278047
Hackett_Genes_NumErrAlns	CHC	0	0.80535	0	169	8	5	1	545	0	0	278230	545	56	296	277878
Hackett_Genes_NumErrAlns	CHC	0	0.80535	0	169	8	5	2	545	0	0	278230	444	432	2560	275339
Hackett_Genes_NumErrAlns	CHC	0	0.80535	0	169	8	5	3	545	0	0	278230	496	141	475	277663
Hackett_Genes_NumErrAlns	CHC	0	0.80535	0	169	8	5	4	545	0	0	278230	524	121	583	277547
Hackett_Genes_NumErrAlns	CMYC	0	0.50485	0	168	8	168	0	170	0	0	209829	183	14	162	209640
Hackett_Genes_NumErrAlns	CMYC	0	0.50485	0	168	8	168	1	170	0	0	209829	182	1	175	209641
Hackett_Genes_NumErrAlns	CMYC	0	0.50485	0	168	8	168	2	170	0	0	209829	170	104	72	209653
Hackett_Genes_NumErrAlns	CMYC	0	0.50485	0	168	8	168	3	170	0	0	209829	170	37	139	209653
Hackett_Genes_NumErrAlns	CMYC	0	0.50485	0	168	8	168	4	170	0	0	209829	178	34	142	209645
Hackett_Genes_NumErrAlns	CMYC	0	0.50485	0	168	8	50	0	170	0	0	209829	173	77	275	209474
Hackett_Genes_NumErrAlns	CMYC	0	0.50485	0	168	8	50	1	170	0	0	209829	186	55	297	209461
Hackett_Genes_NumErrAlns	CMYC	0	0.50485	0	168	8	50	2	170	0	0	209829	187	49	303	209460
Hackett_Genes_NumErrAlns	CMYC	0	0.50485	0	168	8	50	3	170	0	0	209829	176	61	291	209471
Hackett_Genes_NumErrAlns	CMYC	0	0.50485	0	168	8	50	4	170	0	0	209829	197	60	292	209450
Hackett_Genes_NumErrAlns	CMYC	0	0.50485	0	168	8	20	0	170	0	0	209829	205	187	605	209002
Hackett_Genes_NumErrAlns	CMYC	0	0.50485	0	168	8	20	1	170	0	0	209829	185	0	264	209550
Hackett_Genes_NumErrAlns	CMYC	0	0.50485	0	168	8	20	2	170	0	0	209829	202	170	622	209005
Hackett_Genes_NumErrAlns	CMYC	0	0.50485	0	168	8	20	3	170	0	0	209829	198	152	552	209097
Hackett_Genes_NumErrAlns	CMYC	0	0.50485	0	168	8	20	4	170	0	0	209829	192	185	607	209015
Hackett_Genes_NumErrAlns	CMYC	0	0.50485	0	168	8	10	0	170	0	0	209829	246	338	1158	208257
Hackett_Genes_NumErrAlns	CMYC	0	0.50485	0	168	8	10	1	170	0	0	209829	195	158	546	209100
Hackett_Genes_NumErrAlns	CMYC	0	0.50485	0	168	8	10	2	170	0	0	209829	199	235	733	208832
Hackett_Genes_NumErrAlns	CMYC	0	0.50485	0	168	8	10	3	170	0	0	209829	206	269	1227	208297
Hackett_Genes_NumErrAlns	CMYC	0	0.50485	0	168	8	10	4	170	0	0	209829	191	258	710	208840
Hackett_Genes_NumErrAlns	CMYC	0	0.50485	0	168	8	5	0	170	0	0	209829	198	230	826	208745
Hackett_Genes_NumErrAlns	CMYC	0	0.50485	0	168	8	5	1	170	0	0	209829	204	311	745	208739
Hackett_Genes_NumErrAlns	CMYC	0	0.50485	0	168	8	5	2	170	0	0	209829	182	97	255	209465
Hackett_Genes_NumErrAlns	CMYC	0	0.50485	0	168	8	5	3	170	0	0	209829	188	213	579	209019
Hackett_Genes_NumErrAlns	CMYC	0	0.50485	0	168	8	5	4	170	0	0	209829	180	0	176	209643
Hackett_Genes_NumErrAlns	concatenation	0	0.73298	0	171	8	171	0	4727	0	0	3547922	4700	14	162	3547773
Hackett_Genes_NumErrAlns	concatenation	0	0.73298	0	171	8	171	1	4727	0	0	3547922	4712	11	165	3547761
Hackett_Genes_NumErrAlns	concatenation	0	0.73298	0	171	8	171	2	4727	0	0	3547922	4745	31	145	3547728
Hackett_Genes_NumErrAlns	concatenation	0	0.73298	0	171	8	171	3	4727	0	0	3547922	4736	56	120	3547737
Hackett_Genes_NumErrAlns	concatenation	0	0.73298	0	171	8	171	4	4727	0	0	3547922	4715	75	101	3547758
Hackett_Genes_NumErrAlns	concatenation	0	0.73298	0	171	8	50	0	4727	0	0	3547922	4679	25	151	3547794
Hackett_Genes_NumErrAlns	concatenation	0	0.73298	0	171	8	50	1	4727	0	0	3547922	4653	180	172	3547644
Hackett_Genes_NumErrAlns	concatenation	0	0.73298	0	171	8	50	2	4727	0	0	3547922	4617	47	305	3547680
Hackett_Genes_NumErrAlns	concatenation	0	0.73298	0	171	8	50	3	4727	0	0	3547922	4615	62	290	3547682
Hackett_Genes_NumErrAlns	concatenation	0	0.73298	0	171	8	50	4	4727	0	0	3547922	4684	29	323	3547613
Hackett_Genes_NumErrAlns	concatenation	0	0.73298	0	171	8	20	0	4727	0	0	3547922	4567	149	643	3547290
Hackett_Genes_NumErrAlns	concatenation	0	0.73298	0	171	8	20	1	4727	0	0	3547922	4631	187	605	3547226
Hackett_Genes_NumErrAlns	concatenation	0	0.73298	0	171	8	20	2	4727	0	0	3547922	4583	38	138	3547890
Hackett_Genes_NumErrAlns	concatenation	0	0.73298	0	171	8	20	3	4727	0	0	3547922	4248	41	575	3547785
Hackett_Genes_NumErrAlns	concatenation	0	0.73298	0	171	8	20	4	4727	0	0	3547922	4566	171	621	3547291
Hackett_Genes_NumErrAlns	concatenation	0	0.73298	0	171	8	10	0	4727	0	0	3547922	4462	247	1249	3546691
Hackett_Genes_NumErrAlns	concatenation	0	0.73298	0	171	8	10	1	4727	0	0	3547922	4590	149	203	3547707
Hackett_Genes_NumErrAlns	concatenation	0	0.73298	0	171	8	10	2	4727	0	0	3547922	4225	478	1106	3546840
Hackett_Genes_NumErrAlns	concatenation	0	0.73298	0	171	8	10	3	4727	0	0	3547922	4533	416	552	3547148
Hackett_Genes_NumErrAlns	concatenation	0	0.73298	0	171	8	10	4	4727	0	0	3547922	4697	21	507	3547424
Hackett_Genes_NumErrAlns	concatenation	0	0.73298	0	171	8	5	0	4727	0	0	3547922	4532	71	193	3547853
Hackett_Genes_NumErrAlns	concatenation	0	0.73298	0	171	8	5	1	4727	0	0	3547922	4679	113	327	3547530
Hackett_Genes_NumErrAlns	concatenation	0	0.73298	0	171	8	5	2	4727	0	0	3547922	4513	80	360	3547696
Hackett_Genes_NumErrAlns	concatenation	0	0.73298	0	171	8	5	3	4727	0	0	3547922	4376	362	1486	3546425
Hackett_Genes_NumErrAlns	concatenation	0	0.73298	0	171	8	5	4	4727	0	0	3547922	4682	0	88	3547879
Hackett_Genes_NumErrAlns	DCOH	0	0.98849	0	165	8	165	0	256	0	0	166209	258	43	133	166031
Hackett_Genes_NumErrAlns	DCOH	0	0.98849	0	165	8	165	1	256	0	0	166209	266	0	176	166023
Hackett_Genes_NumErrAlns	DCOH	0	0.98849	0	165	8	165	2	256	0	0	166209	310	40	136	165979
Hackett_Genes_NumErrAlns	DCOH	0	0.98849	0	165	8	165	3	256	0	0	166209	271	23	153	166018
Hackett_Genes_NumErrAlns	DCOH	0	0.98849	0	165	8	165	4	256	0	0	166209	258	40	136	166031
Hackett_Genes_NumErrAlns	DCOH	0	0.98849	0	165	8	50	0	256	0	0	166209	321	35	317	165792
Hackett_Genes_NumErrAlns	DCOH	0	0.98849	0	165	8	50	1	256	0	0	166209	271	79	273	165842
Hackett_Genes_NumErrAlns	DCOH	0	0.98849	0	165	8	50	2	256	0	0	166209	285	97	255	165828
Hackett_Genes_NumErrAlns	DCOH	0	0.98849	0	165	8	50	3	256	0	0	166209	337	111	241	165776
Hackett_Genes_NumErrAlns	DCOH	0	0.98849	0	165	8	50	4	256	0	0	166209	274	49	303	165839
Hackett_Genes_NumErrAlns	DCOH	0	0.98849	0	165	8	20	0	256	0	0	166209	330	224	568	165343
Hackett_Genes_NumErrAlns	DCOH	0	0.98849	0	165	8	20	1	256	0	0	166209	314	105	687	165359
Hackett_Genes_NumErrAlns	DCOH	0	0.98849	0	165	8	20	2	256	0	0	166209	297	232	560	165376
Hackett_Genes_NumErrAlns	DCOH	0	0.98849	0	165	8	20	3	256	0	0	166209	307	89	351	165718
Hackett_Genes_NumErrAlns	DCOH	0	0.98849	0	165	8	20	4	256	0	0	166209	332	93	699	165341
Hackett_Genes_NumErrAlns	DCOH	0	0.98849	0	165	8	10	0	256	0	0	166209	258	14	74	166119
Hackett_Genes_NumErrAlns	DCOH	0	0.98849	0	165	8	10	1	256	0	0	166209	305	244	1252	164664
Hackett_Genes_NumErrAlns	DCOH	0	0.98849	0	165	8	10	2	256	0	0	166209	387	254	1242	164582
Hackett_Genes_NumErrAlns	DCOH	0	0.98849	0	165	8	10	3	256	0	0	166209	320	148	292	165705
Hackett_Genes_NumErrAlns	DCOH	0	0.98849	0	165	8	10	4	256	0	0	166209	341	237	819	165068
Hackett_Genes_NumErrAlns	DCOH	0	0.98849	0	165	8	5	0	256	0	0	166209	262	0	88	166115
Hackett_Genes_NumErrAlns	DCOH	0	0.98849	0	165	8	5	1	256	0	0	166209	415	417	1871	163762
Hackett_Genes_NumErrAlns	DCOH	0	0.98849	0	165	8	5	2	256	0	0	166209	328	169	535	165433
Hackett_Genes_NumErrAlns	DCOH	0	0.98849	0	165	8	5	3	256	0	0	166209	280	101	339	165745
Hackett_Genes_NumErrAlns	DCOH	0	0.98849	0	165	8	5	4	256	0	0	166209	291	186	342	165646
Hackett_Genes_NumErrAlns	EEF	0	1.0915	0	166	8	166	0	812	0	0	297326	832	21	155	297130
Hackett_Genes_NumErrAlns	EEF	0	1.0915	0	166	8	166	1	812	0	0	297326	805	12	164	297157
Hackett_Genes_NumErrAlns	EEF	0	1.0915	0	166	8	166	2	812	0	0	297326	836	59	117	297126
Hackett_Genes_NumErrAlns	EEF	0	1.0915	0	166	8	166	3	812	0	0	297326	809	137	39	297153
Hackett_Genes_NumErrAlns	EEF	0	1.0915	0	166	8	166	4	812	0	0	297326	824	83	93	297138
Hackett_Genes_NumErrAlns	EEF	0	1.0915	0	166	8	50	0	812	0	0	297326	800	78	274	296986
Hackett_Genes_NumErrAlns	EEF	0	1.0915	0	166	8	50	1	812	0	0	297326	790	157	195	296996
Hackett_Genes_NumErrAlns	EEF	0	1.0915	0	166	8	50	2	812	0	0	297326	784	131	221	297002
Hackett_Genes_NumErrAlns	EEF	0	1.0915	0	166	8	50	3	812	0	0	297326	757	56	296	297029
Hackett_Genes_NumErrAlns	EEF	0	1.0915	0	166	8	50	4	812	0	0	297326	796	108	244	296990
Hackett_Genes_NumErrAlns	EEF	0	1.0915	0	166	8	20	0	812	0	0	297326	756	114	678	296590
Hackett_Genes_NumErrAlns	EEF	0	1.0915	0	166	8	20	1	812	0	0	297326	775	99	693	296571
Hackett_Genes_NumErrAlns	EEF	0	1.0915	0	166	8	20	2	812	0	0	297326	742	396	396	296604
Hackett_Genes_NumErrAlns	EEF	0	1.0915	0	166	8	20	3	812	0	0	297326	796	121	671	296550
Hackett_Genes_NumErrAlns	EEF	0	1.0915	0	166	8	20	4	812	0	0	297326	788	137	655	296558
Hackett_Genes_NumErrAlns	EEF	0	1.0915	0	166	8	10	0	812	0	0	297326	748	464	1032	295894
Hackett_Genes_NumErrAlns	EEF	0	1.0915	0	166	8	10	1	812	0	0	297326	798	475	1021	295844
Hackett_Genes_NumErrAlns	EEF	0	1.0915	0	166	8	10	2	812	0	0	297326	824	1	263	297050
Hackett_Genes_NumErrAlns	EEF	0	1.0915	0	166	8	10	3	812	0	0	297326	829	184	872	296253
Hackett_Genes_NumErrAlns	EEF	0	1.0915	0	166	8	10	4	812	0	0	297326	787	112	152	297087
Hackett_Genes_NumErrAlns	EEF	0	1.0915	0	166	8	5	0	812	0	0	297326	762	180	436	296760
Hackett_Genes_NumErrAlns	EEF	0	1.0915	0	166	8	5	1	812	0	0	297326	803	10	430	296895
Hackett_Genes_NumErrAlns	EEF	0	1.0915	0	166	8	5	2	812	0	0	297326	849	144	648	296497
Hackett_Genes_NumErrAlns	EEF	0	1.0915	0	166	8	5	3	812	0	0	297326	808	324	1348	295658
Hackett_Genes_NumErrAlns	EEF	0	1.0915	0	166	8	5	4	812	0	0	297326	779	65	463	296831
Hackett_Genes_NumErrAlns	EGR1	0	0.30016	0	169	8	169	0	0	0	0	264691	5	32	144	264510
Hackett_Genes_NumErrAlns	EGR1	0	0.30016	0	169	8	169	1	0	0	0	264691	19	0	176	264496
Hackett_Genes_NumErrAlns	EGR1	0	0.30016	0	169	8	169	2	0	0	0	264691	0	40	136	264515
Hackett_Genes_NumErrAlns	EGR1	0	0.30016	0	169	8	169	3	0	0	0	264691	10	23	153	264505
Hackett_Genes_NumErrAlns	EGR1	0	0.30016	0	169	8	169	4	0	0	0	264691	2	51	125	264513
Hackett_Genes_NumErrAlns	EGR1	0	0.30016	0	169	8	50	0	0	0	0	264691	14	31	321	264325
Hackett_Genes_NumErrAlns	EGR1	0	0.30016	0	169	8	50	1	0	0	0	264691	21	17	335	264318
Hackett_Genes_NumErrAlns	EGR1	0	0.30016	0	169	8	50	2	0	0	0	264691	7	112	240	264332
Hackett_Genes_NumErrAlns	EGR1	0	0.30016	0	169	8	50	3	0	0	0	264691	5	129	223	264334
Hackett_Genes_NumErrAlns	EGR1	0	0.30016	0	169	8	50	4	0	0	0	264691	8	95	257	264331
Hackett_Genes_NumErrAlns	EGR1	0	0.30016	0	169	8	20	0	0	0	0	264691	38	106	686	263861
Hackett_Genes_NumErrAlns	EGR1	0	0.30016	0	169	8	20	1	0	0	0	264691	6	70	282	264333
Hackett_Genes_NumErrAlns	EGR1	0	0.30016	0	169	8	20	2	0	0	0	264691	18	83	709	263881
Hackett_Genes_NumErrAlns	EGR1	0	0.30016	0	169	8	20	3	0	0	0	264691	15	35	141	264500
Hackett_Genes_NumErrAlns	EGR1	0	0.30016	0	169	8	20	4	0	0	0	264691	69	25	767	263830
Hackett_Genes_NumErrAlns	EGR1	0	0.30016	0	169	8	10	0	0	0	0	264691	73	301	1195	263122
Hackett_Genes_NumErrAlns	EGR1	0	0.30016	0	169	8	10	1	0	0	0	264691	20	71	369	264231
Hackett_Genes_NumErrAlns	EGR1	0	0.30016	0	169	8	10	2	0	0	0	264691	75	197	1299	263120
Hackett_Genes_NumErrAlns	EGR1	0	0.30016	0	169	8	10	3	0	0	0	264691	51	292	1204	263144
Hackett_Genes_NumErrAlns	EGR1	0	0.30016	0	169	8	10	4	0	0	0	264691	14	77	363	264237
Hackett_Genes_NumErrAlns	EGR1	0	0.30016	0	169	8	5	0	0	0	0	264691	48	71	721	263851
Hackett_Genes_NumErrAlns	EGR1	0	0.30016	0	169	8	5	1	0	0	0	264691	6	50	126	264509
Hackett_Genes_NumErrAlns	EGR1	0	0.30016	0	169	8	5	2	0	0	0	264691	23	76	364	264228
Hackett_Genes_NumErrAlns	EGR1	0	0.30016	0	169	8	5	3	0	0	0	264691	6	88	176	264421
Hackett_Genes_NumErrAlns	EGR1	0	0.30016	0	169	8	5	4	0	0	0	264691	5	0	88	264598
Hackett_Genes_NumErrAlns	FIB	0	0.78427	0	169	8	169	0	299	0	0	400390	307	21	155	400206
Hackett_Genes_NumErrAlns	FIB	0	0.78427	0	169	8	169	1	299	0	0	400390	272	27	149	400241
Hackett_Genes_NumErrAlns	FIB	0	0.78427	0	169	8	169	2	299	0	0	400390	273	4	172	400240
Hackett_Genes_NumErrAlns	FIB	0	0.78427	0	169	8	169	3	299	0	0	400390	309	21	155	400204
Hackett_Genes_NumErrAlns	FIB	0	0.78427	0	169	8	169	4	299	0	0	400390	308	54	122	400205
Hackett_Genes_NumErrAlns	FIB	0	0.78427	0	169	8	50	0	299	0	0	400390	245	114	238	400092
Hackett_Genes_NumErrAlns	FIB	0	0.78427	0	169	8	50	1	299	0	0	400390	318	10	342	400019
Hackett_Genes_NumErrAlns	FIB	0	0.78427	0	169	8	50	2	299	0	0	400390	287	0	352	400050
Hackett_Genes_NumErrAlns	FIB	0	0.78427	0	169	8	50	3	299	0	0	400390	305	100	252	400032
Hackett_Genes_NumErrAlns	FIB	0	0.78427	0	169	8	50	4	299	0	0	400390	314	36	316	400023
Hackett_Genes_NumErrAlns	FIB	0	0.78427	0	169	8	20	0	299	0	0	400390	349	29	763	399548
Hackett_Genes_NumErrAlns	FIB	0	0.78427	0	169	8	20	1	299	0	0	400390	275	162	630	399622
Hackett_Genes_NumErrAlns	FIB	0	0.78427	0	169	8	20	2	299	0	0	400390	254	178	614	399643
Hackett_Genes_NumErrAlns	FIB	0	0.78427	0	169	8	20	3	299	0	0	400390	334	222	570	399563
Hackett_Genes_NumErrAlns	FIB	0	0.78427	0	169	8	20	4	299	0	0	400390	309	0	264	400116
Hackett_Genes_NumErrAlns	FIB	0	0.78427	0	169	8	10	0	299	0	0	400390	333	334	1162	398860
Hackett_Genes_NumErrAlns	FIB	0	0.78427	0	169	8	10	1	299	0	0	400390	309	112	504	399764
Hackett_Genes_NumErrAlns	FIB	0	0.78427	0	169	8	10	2	299	0	0	400390	314	214	1282	398879
Hackett_Genes_NumErrAlns	FIB	0	0.78427	0	169	8	10	3	299	0	0	400390	274	172	972	399271
Hackett_Genes_NumErrAlns	FIB	0	0.78427	0	169	8	10	4	299	0	0	400390	319	118	498	399754
Hackett_Genes_NumErrAlns	FIB	0	0.78427	0	169	8	5	0	299	0	0	400390	304	6	82	400297
Hackett_Genes_NumErrAlns	FIB	0	0.78427	0	169	8	5	1	299	0	0	400390	291	14	74	400310
Hackett_Genes_NumErrAlns	FIB	0	0.78427	0	169	8	5	2	299	0	0	400390	361	80	976	399272
Hackett_Genes_NumErrAlns	FIB	0	0.78427	0	169	8	5	3	299	0	0	400390	266	147	117	400159
Hackett_Genes_NumErrAlns	FIB	0	0.78427	0	169	8	5	4	299	0	0	400390	261	200	416	399812
Hackett_Genes_NumErrAlns	HMG	0	0.96817	0	72	8	72	0	574	0	0	116362	603	8	168	116157
Hackett_Genes_NumErrAlns	HMG	0	0.96817	0	72	8	72	1	574	0	0	116362	572	51	125	116188
Hackett_Genes_NumErrAlns	HMG	0	0.96817	0	72	8	72	2	574	0	0	116362	524	61	115	116236
Hackett_Genes_NumErrAlns	HMG	0	0.96817	0	72	8	72	3	574	0	0	116362	555	46	130	116205
Hackett_Genes_NumErrAlns	HMG	0	0.96817	0	72	8	72	4	574	0	0	116362	552	84	92	116208
Hackett_Genes_NumErrAlns	HMG	0	0.96817	0	72	8	50	0	574	0	0	116362	534	63	113	116226
Hackett_Genes_NumErrAlns	HMG	0	0.96817	0	72	8	50	1	574	0	0	116362	602	21	155	116158
Hackett_Genes_NumErrAlns	HMG	0	0.96817	0	72	8	50	2	574	0	0	116362	587	62	114	116173
Hackett_Genes_NumErrAlns	HMG	0	0.96817	0	72	8	50	3	574	0	0	116362	604	30	146	116156
Hackett_Genes_NumErrAlns	HMG	0	0.96817	0	72	8	50	4	574	0	0	116362	584	11	165	116176
Hackett_Genes_NumErrAlns	HMG	0	0.96817	0	72	8	20	0	574	0	0	116362	511	77	275	116073
Hackett_Genes_NumErrAlns	HMG	0	0.96817	0	72	8	20	1	574	0	0	116362	517	111	241	116067
Hackett_Genes_NumErrAlns	HMG	0	0.96817	0	72	8	20	2	574	0	0	116362	529	84	268	116055
Hackett_Genes_NumErrAlns	HMG	0	0.96817	0	72	8	20	3	574	0	0	116362	460	78	274	116124
Hackett_Genes_NumErrAlns	HMG	0	0.96817	0	72	8	20	4	574	0	0	116362	470	34	318	116114
Hackett_Genes_NumErrAlns	HMG	0	0.96817	0	72	8	10	0	574	0	0	116362	531	0	88	116317
Hackett_Genes_NumErrAlns	HMG	0	0.96817	0	72	8	10	1	574	0	0	116362	449	171	533	115783
Hackett_Genes_NumErrAlns	HMG	0	0.96817	0	72	8	10	2	574	0	0	116362	517	169	535	115715
Hackett_Genes_NumErrAlns	HMG	0	0.96817	0	72	8	10	3	574	0	0	116362	492	273	431	115740
Hackett_Genes_NumErrAlns	HMG	0	0.96817	0	72	8	10	4	574	0	0	116362	636	222	482	115596
Hackett_Genes_NumErrAlns	HMG	0	0.96817	0	72	8	5	0	574	0	0	116362	568	20	68	116280
Hackett_Genes_NumErrAlns	HMG	0	0.96817	0	72	8	5	1	574	0	0	116362	555	46	42	116293
Hackett_Genes_NumErrAlns	HMG	0	0.96817	0	72	8	5	2	574	0	0	116362	566	68	108	116194
Hackett_Genes_NumErrAlns	HMG	0	0.96817	0	72	8	5	3	574	0	0	116362	586	0	88	116262
Hackett_Genes_NumErrAlns	HMG	0	0.96817	0	72	8	5	4	574	0	0	116362	568	79	537	115752
Hackett_Genes_NumErrAlns	IRF2	0	0.8015	0	164	8	164	0	19	0	0	100090	20	31	145	99913
Hackett_Genes_NumErrAlns	IRF2	0	0.8015	0	164	8	164	1	19	0	0	100090	31	39	137	99902
Hackett_Genes_NumErrAlns	IRF2	0	0.8015	0	164	8	164	2	19	0	0	100090	30	8	168	99903
Hackett_Genes_NumErrAlns	IRF2	0	0.8015	0	164	8	164	3	19	0	0	100090	20	78	98	99913
Hackett_Genes_NumErrAlns	IRF2	0	0.8015	0	164	8	164	4	19	0	0	100090	43	6	170	99890
Hackett_Genes_NumErrAlns	IRF2	0	0.8015	0	164	8	50	0	19	0	0	100090	38	25	327	99719
Hackett_Genes_NumErrAlns	IRF2	0	0.8015	0	164	8	50	1	19	0	0	100090	58	13	339	99699
Hackett_Genes_NumErrAlns	IRF2	0	0.8015	0	164	8	50	2	19	0	0	100090	57	42	310	99700
Hackett_Genes_NumErrAlns	IRF2	0	0.8015	0	164	8	50	3	19	0	0	100090	35	61	291	99722
Hackett_Genes_NumErrAlns	IRF2	0	0.8015	0	164	8	50	4	19	0	0	100090	65	21	331	99692
Hackett_Genes_NumErrAlns	IRF2	0	0.8015	0	164	8	20	0	19	0	0	100090	114	112	680	99203
Hackett_Genes_NumErrAlns	IRF2	0	0.8015	0	164	8	20	1	19	0	0	100090	63	140	652	99254
Hackett_Genes_NumErrAlns	IRF2	0	0.8015	0	164	8	20	2	19	0	0	100090	74	88	616	99331
Hackett_Genes_NumErrAlns	IRF2	0	0.8015	0	164	8	20	3	19	0	0	100090	138	80	712	99179
Hackett_Genes_NumErrAlns	IRF2	0	0.8015	0	164	8	20	4	19	0	0	100090	98	68	724	99219
Hackett_Genes_NumErrAlns	IRF2	0	0.8015	0	164	8	10	0	19	0	0	100090	79	79	625	99326
Hackett_Genes_NumErrAlns	IRF2	0	0.8015	0	164	8	10	1	19	0	0	100090	22	50	214	99823
Hackett_Genes_NumErrAlns	IRF2	0	0.8015	0	164	8	10	2	19	0	0	100090	132	96	1400	98481
Hackett_Genes_NumErrAlns	IRF2	0	0.8015	0	164	8	10	3	19	0	0	100090	182	136	1360	98431
Hackett_Genes_NumErrAlns	IRF2	0	0.8015	0	164	8	10	4	19	0	0	100090	152	110	1298	98549
Hackett_Genes_NumErrAlns	IRF2	0	0.8015	0	164	8	5	0	19	0	0	100090	24	15	73	99997
Hackett_Genes_NumErrAlns	IRF2	0	0.8015	0	164	8	5	1	19	0	0	100090	39	81	183	99806
Hackett_Genes_NumErrAlns	IRF2	0	0.8015	0	164	8	5	2	19	0	0	100090	46	1	87	99975
Hackett_Genes_NumErrAlns	IRF2	0	0.8015	0	164	8	5	3	19	0	0	100090	324	254	2650	96881
Hackett_Genes_NumErrAlns	IRF2	0	0.8015	0	164	8	5	4	19	0	0	100090	73	112	592	99332
Hackett_Genes_NumErrAlns	MUSK	0	0.5888499	0	155	8	155	0	72	0	0	99159	67	0	176	98988
Hackett_Genes_NumErrAlns	MUSK	0	0.5888499	0	155	8	155	1	72	0	0	99159	96	70	106	98959
Hackett_Genes_NumErrAlns	MUSK	0	0.5888499	0	155	8	155	2	72	0	0	99159	82	11	165	98973
Hackett_Genes_NumErrAlns	MUSK	0	0.5888499	0	155	8	155	3	72	0	0	99159	88	95	81	98967
Hackett_Genes_NumErrAlns	MUSK	0	0.5888499	0	155	8	155	4	72	0	0	99159	74	63	113	98981
Hackett_Genes_NumErrAlns	MUSK	0	0.5888499	0	155	8	50	0	72	0	0	99159	100	19	333	98779
Hackett_Genes_NumErrAlns	MUSK	0	0.5888499	0	155	8	50	1	72	0	0	99159	85	26	326	98794
Hackett_Genes_NumErrAlns	MUSK	0	0.5888499	0	155	8	50	2	72	0	0	99159	84	92	260	98795
Hackett_Genes_NumErrAlns	MUSK	0	0.5888499	0	155	8	50	3	72	0	0	99159	84	75	277	98795
Hackett_Genes_NumErrAlns	MUSK	0	0.5888499	0	155	8	50	4	72	0	0	99159	84	46	306	98795
Hackett_Genes_NumErrAlns	MUSK	0	0.5888499	0	155	8	20	0	72	0	0	99159	98	110	594	98429
Hackett_Genes_NumErrAlns	MUSK	0	0.5888499	0	155	8	20	1	72	0	0	99159	102	145	559	98425
Hackett_Genes_NumErrAlns	MUSK	0	0.5888499	0	155	8	20	2	72	0	0	99159	101	154	550	98426
Hackett_Genes_NumErrAlns	MUSK	0	0.5888499	0	155	8	20	3	72	0	0	99159	154	100	604	98373
Hackett_Genes_NumErrAlns	MUSK	0	0.5888499	0	155	8	20	4	72	0	0	99159	76	19	69	99067
Hackett_Genes_NumErrAlns	MUSK	0	0.5888499	0	155	8	10	0	72	0	0	99159	75	40	136	98980
Hackett_Genes_NumErrAlns	MUSK	0	0.5888499	0	155	8	10	1	72	0	0	99159	143	365	1043	97680
Hackett_Genes_NumErrAlns	MUSK	0	0.5888499	0	155	8	10	2	72	0	0	99159	136	262	1146	97687
Hackett_Genes_NumErrAlns	MUSK	0	0.5888499	0	155	8	10	3	72	0	0	99159	99	470	938	97724
Hackett_Genes_NumErrAlns	MUSK	0	0.5888499	0	155	8	10	4	72	0	0	99159	113	194	510	98414
Hackett_Genes_NumErrAlns	MUSK	0	0.5888499	0	155	8	5	0	72	0	0	99159	81	35	141	98974
Hackett_Genes_NumErrAlns	MUSK	0	0.5888499	0	155	8	5	1	72	0	0	99159	89	28	148	98966
Hackett_Genes_NumErrAlns	MUSK	0	0.5888499	0	155	8	5	2	72	0	0	99159	164	48	568	98451
Hackett_Genes_NumErrAlns	MUSK	0	0.5888499	0	155	8	5	3	72	0	0	99159	117	308	1100	97706
Hackett_Genes_NumErrAlns	MUSK	0	0.5888499	0	155	8	5	4	72	0	0	99159	301	341	2475	96114
Hackett_Genes_NumErrAlns	MYO	0	0.4823099	0	163	8	163	0	24	0	0	117072	39	35	141	116881
Hackett_Genes_NumErrAlns	MYO	0	0.4823099	0	163	8	163	1	24	0	0	117072	30	42	134	116890
Hackett_Genes_NumErrAlns	MYO	0	0.4823099	0	163	8	163	2	24	0	0	117072	31	12	164	116889
Hackett_Genes_NumErrAlns	MYO	0	0.4823099	0	163	8	163	3	24	0	0	117072	29	31	145	116891
Hackett_Genes_NumErrAlns	MYO	0	0.4823099	0	163	8	163	4	24	0	0	117072	28	55	121	116892
Hackett_Genes_NumErrAlns	MYO	0	0.4823099	0	163	8	50	0	24	0	0	117072	48	61	291	116696
Hackett_Genes_NumErrAlns	MYO	0	0.4823099	0	163	8	50	1	24	0	0	117072	46	73	279	116698
Hackett_Genes_NumErrAlns	MYO	0	0.4823099	0	163	8	50	2	24	0	0	117072	33	81	271	116711
Hackett_Genes_NumErrAlns	MYO	0	0.4823099	0	163	8	50	3	24	0	0	117072	39	19	333	116705
Hackett_Genes_NumErrAlns	MYO	0	0.4823099	0	163	8	50	4	24	0	0	117072	43	12	340	116701
Hackett_Genes_NumErrAlns	MYO	0	0.4823099	0	163	8	20	0	24	0	0	117072	83	74	718	116221
Hackett_Genes_NumErrAlns	MYO	0	0.4823099	0	163	8	20	1	24	0	0	117072	50	104	336	116606
Hackett_Genes_NumErrAlns	MYO	0	0.4823099	0	163	8	20	2	24	0	0	117072	64	171	621	116240
Hackett_Genes_NumErrAlns	MYO	0	0.4823099	0	163	8	20	3	24	0	0	117072	38	0	176	116882
Hackett_Genes_NumErrAlns	MYO	0	0.4823099	0	163	8	20	4	24	0	0	117072	28	68	20	116980
Hackett_Genes_NumErrAlns	MYO	0	0.4823099	0	163	8	10	0	24	0	0	117072	37	0	88	116971
Hackett_Genes_NumErrAlns	MYO	0	0.4823099	0	163	8	10	1	24	0	0	117072	125	149	1347	115475
Hackett_Genes_NumErrAlns	MYO	0	0.4823099	0	163	8	10	2	24	0	0	117072	153	103	1393	115447
Hackett_Genes_NumErrAlns	MYO	0	0.4823099	0	163	8	10	3	24	0	0	117072	128	168	1328	115472
Hackett_Genes_NumErrAlns	MYO	0	0.4823099	0	163	8	10	4	24	0	0	117072	29	12	76	116979
Hackett_Genes_NumErrAlns	MYO	0	0.4823099	0	163	8	5	0	24	0	0	117072	97	159	897	115943
Hackett_Genes_NumErrAlns	MYO	0	0.4823099	0	163	8	5	1	24	0	0	117072	90	227	829	115950
Hackett_Genes_NumErrAlns	MYO	0	0.4823099	0	163	8	5	2	24	0	0	117072	83	70	810	116133
Hackett_Genes_NumErrAlns	MYO	0	0.4823099	0	163	8	5	3	24	0	0	117072	90	75	893	116038
Hackett_Genes_NumErrAlns	MYO	0	0.4823099	0	163	8	5	4	24	0	0	117072	32	57	119	116888
Hackett_Genes_NumErrAlns	NGF	0	0.4679299	0	163	8	163	0	12	0	0	120528	19	60	116	120345
Hackett_Genes_NumErrAlns	NGF	0	0.4679299	0	163	8	163	1	12	0	0	120528	23	38	138	120341
Hackett_Genes_NumErrAlns	NGF	0	0.4679299	0	163	8	163	2	12	0	0	120528	22	0	176	120342
Hackett_Genes_NumErrAlns	NGF	0	0.4679299	0	163	8	163	3	12	0	0	120528	15	14	162	120349
Hackett_Genes_NumErrAlns	NGF	0	0.4679299	0	163	8	163	4	12	0	0	120528	18	8	168	120346
Hackett_Genes_NumErrAlns	NGF	0	0.4679299	0	163	8	50	0	12	0	0	120528	22	142	210	120166
Hackett_Genes_NumErrAlns	NGF	0	0.4679299	0	163	8	50	1	12	0	0	120528	31	85	267	120157
Hackett_Genes_NumErrAlns	NGF	0	0.4679299	0	163	8	50	2	12	0	0	120528	36	93	259	120152
Hackett_Genes_NumErrAlns	NGF	0	0.4679299	0	163	8	50	3	12	0	0	120528	32	138	214	120156
Hackett_Genes_NumErrAlns	NGF	0	0.4679299	0	163	8	50	4	12	0	0	120528	18	85	267	120170
Hackett_Genes_NumErrAlns	NGF	0	0.4679299	0	163	8	20	0	12	0	0	120528	46	258	534	119702
Hackett_Genes_NumErrAlns	NGF	0	0.4679299	0	163	8	20	1	12	0	0	120528	26	153	639	119722
Hackett_Genes_NumErrAlns	NGF	0	0.4679299	0	163	8	20	2	12	0	0	120528	41	254	538	119707
Hackett_Genes_NumErrAlns	NGF	0	0.4679299	0	163	8	20	3	12	0	0	120528	35	229	563	119713
Hackett_Genes_NumErrAlns	NGF	0	0.4679299	0	163	8	20	4	12	0	0	120528	54	128	664	119694
Hackett_Genes_NumErrAlns	NGF	0	0.4679299	0	163	8	10	0	12	0	0	120528	29	216	400	119895
Hackett_Genes_NumErrAlns	NGF	0	0.4679299	0	163	8	10	1	12	0	0	120528	35	76	452	119977
Hackett_Genes_NumErrAlns	NGF	0	0.4679299	0	163	8	10	2	12	0	0	120528	10	96	256	120178
Hackett_Genes_NumErrAlns	NGF	0	0.4679299	0	163	8	10	3	12	0	0	120528	75	233	999	119233
Hackett_Genes_NumErrAlns	NGF	0	0.4679299	0	163	8	10	4	12	0	0	120528	18	154	286	120082
Hackett_Genes_NumErrAlns	NGF	0	0.4679299	0	163	8	5	0	12	0	0	120528	136	420	2484	117500
Hackett_Genes_NumErrAlns	NGF	0	0.4679299	0	163	8	5	1	12	0	0	120528	17	103	73	120347
Hackett_Genes_NumErrAlns	NGF	0	0.4679299	0	163	8	5	2	12	0	0	120528	19	116	148	120257
Hackett_Genes_NumErrAlns	NGF	0	0.4679299	0	163	8	5	3	12	0	0	120528	41	168	624	119707
Hackett_Genes_NumErrAlns	NGF	0	0.4679299	0	163	8	5	4	12	0	0	120528	0	0	88	120452
Hackett_Genes_NumErrAlns	NT3	0	0.32486	0	165	8	165	0	0	0	0	119916	14	3	173	119726
Hackett_Genes_NumErrAlns	NT3	0	0.32486	0	165	8	165	1	0	0	0	119916	3	24	152	119737
Hackett_Genes_NumErrAlns	NT3	0	0.32486	0	165	8	165	2	0	0	0	119916	6	70	106	119734
Hackett_Genes_NumErrAlns	NT3	0	0.32486	0	165	8	165	3	0	0	0	119916	10	10	166	119730
Hackett_Genes_NumErrAlns	NT3	0	0.32486	0	165	8	165	4	0	0	0	119916	10	12	164	119730
Hackett_Genes_NumErrAlns	NT3	0	0.32486	0	165	8	50	0	0	0	0	119916	26	37	315	119538
Hackett_Genes_NumErrAlns	NT3	0	0.32486	0	165	8	50	1	0	0	0	119916	14	33	319	119550
Hackett_Genes_NumErrAlns	NT3	0	0.32486	0	165	8	50	2	0	0	0	119916	12	64	288	119552
Hackett_Genes_NumErrAlns	NT3	0	0.32486	0	165	8	50	3	0	0	0	119916	16	81	271	119548
Hackett_Genes_NumErrAlns	NT3	0	0.32486	0	165	8	50	4	0	0	0	119916	13	65	287	119551
Hackett_Genes_NumErrAlns	NT3	0	0.32486	0	165	8	20	0	0	0	0	119916	25	59	469	119363
Hackett_Genes_NumErrAlns	NT3	0	0.32486	0	165	8	20	1	0	0	0	119916	30	144	648	119094
Hackett_Genes_NumErrAlns	NT3	0	0.32486	0	165	8	20	2	0	0	0	119916	37	178	614	119087
Hackett_Genes_NumErrAlns	NT3	0	0.32486	0	165	8	20	3	0	0	0	119916	10	200	416	119290
Hackett_Genes_NumErrAlns	NT3	0	0.32486	0	165	8	20	4	0	0	0	119916	54	142	650	119070
Hackett_Genes_NumErrAlns	NT3	0	0.32486	0	165	8	10	0	0	0	0	119916	68	136	1272	118440
Hackett_Genes_NumErrAlns	NT3	0	0.32486	0	165	8	10	1	0	0	0	119916	88	158	1162	118508
Hackett_Genes_NumErrAlns	NT3	0	0.32486	0	165	8	10	2	0	0	0	119916	2	11	77	119826
Hackett_Genes_NumErrAlns	NT3	0	0.32486	0	165	8	10	3	0	0	0	119916	89	107	949	118771
Hackett_Genes_NumErrAlns	NT3	0	0.32486	0	165	8	10	4	0	0	0	119916	20	80	624	119192
Hackett_Genes_NumErrAlns	NT3	0	0.32486	0	165	8	5	0	0	0	0	119916	62	135	921	118798
Hackett_Genes_NumErrAlns	NT3	0	0.32486	0	165	8	5	1	0	0	0	119916	62	53	1003	118798
Hackett_Genes_NumErrAlns	NT3	0	0.32486	0	165	8	5	2	0	0	0	119916	23	90	438	119365
Hackett_Genes_NumErrAlns	NT3	0	0.32486	0	165	8	5	3	0	0	0	119916	59	162	982	118713
Hackett_Genes_NumErrAlns	NT3	0	0.32486	0	165	8	5	4	0	0	0	119916	48	157	723	118988
Hackett_Genes_NumErrAlns	RHOD	0	1.217590	0	161	8	161	0	526	0	0	262170	510	16	160	262010
Hackett_Genes_NumErrAlns	RHOD	0	1.217590	0	161	8	161	1	526	0	0	262170	491	67	109	262029
Hackett_Genes_NumErrAlns	RHOD	0	1.217590	0	161	8	161	2	526	0	0	262170	523	82	94	261997
Hackett_Genes_NumErrAlns	RHOD	0	1.217590	0	161	8	161	3	526	0	0	262170	500	99	77	262020
Hackett_Genes_NumErrAlns	RHOD	0	1.217590	0	161	8	161	4	526	0	0	262170	523	57	119	261997
Hackett_Genes_NumErrAlns	RHOD	0	1.217590	0	161	8	50	0	526	0	0	262170	538	40	312	261806
Hackett_Genes_NumErrAlns	RHOD	0	1.217590	0	161	8	50	1	526	0	0	262170	577	47	305	261767
Hackett_Genes_NumErrAlns	RHOD	0	1.217590	0	161	8	50	2	526	0	0	262170	568	40	312	261776
Hackett_Genes_NumErrAlns	RHOD	0	1.217590	0	161	8	50	3	526	0	0	262170	487	136	216	261857
Hackett_Genes_NumErrAlns	RHOD	0	1.217590	0	161	8	50	4	526	0	0	262170	547	95	257	261797
Hackett_Genes_NumErrAlns	RHOD	0	1.217590	0	161	8	20	0	526	0	0	262170	593	122	582	261399
Hackett_Genes_NumErrAlns	RHOD	0	1.217590	0	161	8	20	1	526	0	0	262170	528	113	679	261376
Hackett_Genes_NumErrAlns	RHOD	0	1.217590	0	161	8	20	2	526	0	0	262170	515	110	682	261389
Hackett_Genes_NumErrAlns	RHOD	0	1.217590	0	161	8	20	3	526	0	0	262170	535	210	582	261369
Hackett_Genes_NumErrAlns	RHOD	0	1.217590	0	161	8	20	4	526	0	0	262170	610	214	490	261382
Hackett_Genes_NumErrAlns	RHOD	0	1.217590	0	161	8	10	0	526	0	0	262170	608	240	816	261032
Hackett_Genes_NumErrAlns	RHOD	0	1.217590	0	161	8	10	1	526	0	0	262170	554	311	569	261262
Hackett_Genes_NumErrAlns	RHOD	0	1.217590	0	161	8	10	2	526	0	0	262170	543	135	217	261801
Hackett_Genes_NumErrAlns	RHOD	0	1.217590	0	161	8	10	3	526	0	0	262170	480	491	829	260896
Hackett_Genes_NumErrAlns	RHOD	0	1.217590	0	161	8	10	4	526	0	0	262170	619	159	1337	260581
Hackett_Genes_NumErrAlns	RHOD	0	1.217590	0	161	8	5	0	526	0	0	262170	520	7	169	262000
Hackett_Genes_NumErrAlns	RHOD	0	1.217590	0	161	8	5	1	526	0	0	262170	581	297	495	261323
Hackett_Genes_NumErrAlns	RHOD	0	1.217590	0	161	8	5	2	526	0	0	262170	655	120	936	260985
Hackett_Genes_NumErrAlns	RHOD	0	1.217590	0	161	8	5	3	526	0	0	262170	521	110	330	261735
Hackett_Genes_NumErrAlns	RHOD	0	1.217590	0	161	8	5	4	526	0	0	262170	573	299	1197	260627
Hackett_Genes_NumErrAlns	SOMA	0	0.69148	0	161	8	161	0	200	0	0	214111	228	56	120	213907
Hackett_Genes_NumErrAlns	SOMA	0	0.69148	0	161	8	161	1	200	0	0	214111	213	19	157	213922
Hackett_Genes_NumErrAlns	SOMA	0	0.69148	0	161	8	161	2	200	0	0	214111	214	0	176	213921
Hackett_Genes_NumErrAlns	SOMA	0	0.69148	0	161	8	161	3	200	0	0	214111	209	44	132	213926
Hackett_Genes_NumErrAlns	SOMA	0	0.69148	0	161	8	161	4	200	0	0	214111	206	25	151	213929
Hackett_Genes_NumErrAlns	SOMA	0	0.69148	0	161	8	50	0	200	0	0	214111	208	145	207	213751
Hackett_Genes_NumErrAlns	SOMA	0	0.69148	0	161	8	50	1	200	0	0	214111	217	21	331	213742
Hackett_Genes_NumErrAlns	SOMA	0	0.69148	0	161	8	50	2	200	0	0	214111	210	72	280	213749
Hackett_Genes_NumErrAlns	SOMA	0	0.69148	0	161	8	50	3	200	0	0	214111	218	123	229	213741
Hackett_Genes_NumErrAlns	SOMA	0	0.69148	0	161	8	50	4	200	0	0	214111	197	69	283	213762
Hackett_Genes_NumErrAlns	SOMA	0	0.69148	0	161	8	20	0	200	0	0	214111	223	207	585	213296
Hackett_Genes_NumErrAlns	SOMA	0	0.69148	0	161	8	20	1	200	0	0	214111	246	198	594	213273
Hackett_Genes_NumErrAlns	SOMA	0	0.69148	0	161	8	20	2	200	0	0	214111	208	175	353	213575
Hackett_Genes_NumErrAlns	SOMA	0	0.69148	0	161	8	20	3	200	0	0	214111	231	142	562	213376
Hackett_Genes_NumErrAlns	SOMA	0	0.69148	0	161	8	20	4	200	0	0	214111	230	176	616	213289
Hackett_Genes_NumErrAlns	SOMA	0	0.69148	0	161	8	10	0	200	0	0	214111	238	236	556	213281
Hackett_Genes_NumErrAlns	SOMA	0	0.69148	0	161	8	10	1	200	0	0	214111	234	300	756	213021
Hackett_Genes_NumErrAlns	SOMA	0	0.69148	0	161	8	10	2	200	0	0	214111	205	0	88	214018
Hackett_Genes_NumErrAlns	SOMA	0	0.69148	0	161	8	10	3	200	0	0	214111	249	180	1316	212566
Hackett_Genes_NumErrAlns	SOMA	0	0.69148	0	161	8	10	4	200	0	0	214111	232	276	1132	212671
Hackett_Genes_NumErrAlns	SOMA	0	0.69148	0	161	8	5	0	200	0	0	214111	221	168	536	213386
Hackett_Genes_NumErrAlns	SOMA	0	0.69148	0	161	8	5	1	200	0	0	214111	227	206	234	213644
Hackett_Genes_NumErrAlns	SOMA	0	0.69148	0	161	8	5	2	200	0	0	214111	301	549	2267	211194
Hackett_Genes_NumErrAlns	SOMA	0	0.69148	0	161	8	5	3	200	0	0	214111	269	163	629	213250
Hackett_Genes_NumErrAlns	SOMA	0	0.69148	0	161	8	5	4	200	0	0	214111	208	91	349	213663
Hackett_Genes_NumErrAlns	TGF	0	0.6172799	0	169	8	169	0	60	0	0	99514	22	18	158	99376
Hackett_Genes_NumErrAlns	TGF	0	0.6172799	0	169	8	169	1	60	0	0	99514	63	7	169	99335
Hackett_Genes_NumErrAlns	TGF	0	0.6172799	0	169	8	169	2	60	0	0	99514	70	6	170	99328
Hackett_Genes_NumErrAlns	TGF	0	0.6172799	0	169	8	169	3	60	0	0	99514	67	60	116	99331
Hackett_Genes_NumErrAlns	TGF	0	0.6172799	0	169	8	169	4	60	0	0	99514	15	24	152	99383
Hackett_Genes_NumErrAlns	TGF	0	0.6172799	0	169	8	50	0	60	0	0	99514	78	32	320	99144
Hackett_Genes_NumErrAlns	TGF	0	0.6172799	0	169	8	50	1	60	0	0	99514	25	70	282	99197
Hackett_Genes_NumErrAlns	TGF	0	0.6172799	0	169	8	50	2	60	0	0	99514	77	41	311	99145
Hackett_Genes_NumErrAlns	TGF	0	0.6172799	0	169	8	50	3	60	0	0	99514	24	98	254	99198
Hackett_Genes_NumErrAlns	TGF	0	0.6172799	0	169	8	50	4	60	0	0	99514	79	18	334	99143
Hackett_Genes_NumErrAlns	TGF	0	0.6172799	0	169	8	20	0	60	0	0	99514	86	7	257	99224
Hackett_Genes_NumErrAlns	TGF	0	0.6172799	0	169	8	20	1	60	0	0	99514	114	91	701	98668
Hackett_Genes_NumErrAlns	TGF	0	0.6172799	0	169	8	20	2	60	0	0	99514	107	59	469	98939
Hackett_Genes_NumErrAlns	TGF	0	0.6172799	0	169	8	20	3	60	0	0	99514	126	41	751	98656
Hackett_Genes_NumErrAlns	TGF	0	0.6172799	0	169	8	20	4	60	0	0	99514	69	0	88	99417
Hackett_Genes_NumErrAlns	TGF	0	0.6172799	0	169	8	10	0	60	0	0	99514	81	114	1382	97997
Hackett_Genes_NumErrAlns	TGF	0	0.6172799	0	169	8	10	1	60	0	0	99514	70	163	1333	98008
Hackett_Genes_NumErrAlns	TGF	0	0.6172799	0	169	8	10	2	60	0	0	99514	74	146	1174	98180
Hackett_Genes_NumErrAlns	TGF	0	0.6172799	0	169	8	10	3	60	0	0	99514	101	89	791	98593
Hackett_Genes_NumErrAlns	TGF	0	0.6172799	0	169	8	10	4	60	0	0	99514	114	75	1421	97964
Hackett_Genes_NumErrAlns	TGF	0	0.6172799	0	169	8	5	0	60	0	0	99514	67	176	352	98979
Hackett_Genes_NumErrAlns	TGF	0	0.6172799	0	169	8	5	1	60	0	0	99514	66	3	173	99332
Hackett_Genes_NumErrAlns	TGF	0	0.6172799	0	169	8	5	2	60	0	0	99514	81	0	176	99317
Hackett_Genes_NumErrAlns	TGF	0	0.6172799	0	169	8	5	3	60	0	0	99514	118	71	897	98488
Hackett_Genes_NumErrAlns	TGF	0	0.6172799	0	169	8	5	4	60	0	0	99514	88	165	1331	97990
Hackett_Genes_NumErrAlns	TROP	0	0.32438999	0	139	8	139	0	0	0	0	64695	14	24	152	64505
Hackett_Genes_NumErrAlns	TROP	0	0.32438999	0	139	8	139	1	0	0	0	64695	2	11	165	64517
Hackett_Genes_NumErrAlns	TROP	0	0.32438999	0	139	8	139	2	0	0	0	64695	16	46	130	64503
Hackett_Genes_NumErrAlns	TROP	0	0.32438999	0	139	8	139	3	0	0	0	64695	0	94	82	64519
Hackett_Genes_NumErrAlns	TROP	0	0.32438999	0	139	8	139	4	0	0	0	64695	2	91	85	64517
Hackett_Genes_NumErrAlns	TROP	0	0.32438999	0	139	8	50	0	0	0	0	64695	10	74	190	64421
Hackett_Genes_NumErrAlns	TROP	0	0.32438999	0	139	8	50	1	0	0	0	64695	9	20	244	64422
Hackett_Genes_NumErrAlns	TROP	0	0.32438999	0	139	8	50	2	0	0	0	64695	9	94	170	64422
Hackett_Genes_NumErrAlns	TROP	0	0.32438999	0	139	8	50	3	0	0	0	64695	12	98	166	64419
Hackett_Genes_NumErrAlns	TROP	0	0.32438999	0	139	8	50	4	0	0	0	64695	17	32	232	64414
Hackett_Genes_NumErrAlns	TROP	0	0.32438999	0	139	8	20	0	0	0	0	64695	18	208	408	64061
Hackett_Genes_NumErrAlns	TROP	0	0.32438999	0	139	8	20	1	0	0	0	64695	24	73	543	64055
Hackett_Genes_NumErrAlns	TROP	0	0.32438999	0	139	8	20	2	0	0	0	64695	34	46	570	64045
Hackett_Genes_NumErrAlns	TROP	0	0.32438999	0	139	8	20	3	0	0	0	64695	4	74	102	64515
Hackett_Genes_NumErrAlns	TROP	0	0.32438999	0	139	8	20	4	0	0	0	64695	34	90	526	64045
Hackett_Genes_NumErrAlns	TROP	0	0.32438999	0	139	8	10	0	0	0	0	64695	51	112	856	63676
Hackett_Genes_NumErrAlns	TROP	0	0.32438999	0	139	8	10	1	0	0	0	64695	34	190	426	64045
Hackett_Genes_NumErrAlns	TROP	0	0.32438999	0	139	8	10	2	0	0	0	64695	49	126	842	63678
Hackett_Genes_NumErrAlns	TROP	0	0.32438999	0	139	8	10	3	0	0	0	64695	67	236	996	63396
Hackett_Genes_NumErrAlns	TROP	0	0.32438999	0	139	8	10	4	0	0	0	64695	14	84	444	64153
Hackett_Genes_NumErrAlns	TROP	0	0.32438999	0	139	8	5	0	0	0	0	64695	0	11	77	64607
Hackett_Genes_NumErrAlns	TROP	0	0.32438999	0	139	8	5	1	0	0	0	64695	8	103	161	64423
Hackett_Genes_NumErrAlns	TROP	0	0.32438999	0	139	8	5	2	0	0	0	64695	0	13	75	64607
Hackett_Genes_NumErrAlns	TROP	0	0.32438999	0	139	8	5	3	0	0	0	64695	48	72	720	63855
Hackett_Genes_NumErrAlns	TROP	0	0.32438999	0	139	8	5	4	0	0	0	64695	50	172	796	63677
