16S.B-Divvier,0-0.1,0,0.043241,0.010049,361,0,18,0,4675.40user,0.60system,1:17:55elapsed,12,103,830,529038
16S.B-Divvier,0-0.1,0,0.043241,0.010049,361,0,21,1,4391.65user,0.46system,1:13:12elapsed,19,87,824,529053
16S.B-Divvier,0-0.1,0,0.064129,0.012799,562,0,16,1,8663.42user,1.14system,2:24:24elapsed,425,93,1660,801245
16S.B-Divvier,0-0.1,0,0.064129,0.012799,562,0,21,0,8490.67user,0.50system,2:21:31elapsed,418,112,1265,801628
16S.B-Divvier,0-0.1,0,0.095544,0.017847,685,0,20,0,11218.31user,0.52system,3:06:58elapsed,562,161,1475,976359
16S.B-Divvier,0-0.1,0,0.095544,0.017847,685,0,21,1,11417.84user,1.08system,3:10:18elapsed,559,126,1546,976326
16S.B-Divvier,0-0.1,1,0.043241,0.010004,360,0,17,0,4618.75user,0.42system,1:16:59elapsed,15,104,929,527464
16S.B-Divvier,0-0.1,1,0.043241,0.010004,360,0,17,1,4830.18user,0.57system,1:20:30elapsed,19,66,1110,527317
16S.B-Divvier,0-0.1,1,0.063049,0.010983,441,0,20,0,5246.48user,0.46system,1:27:26elapsed,2941,122,1130,621027
16S.B-Divvier,0-0.1,1,0.063049,0.010983,441,0,22,1,5846.43user,0.44system,1:37:26elapsed,2938,96,914,621272
16S.B-Divvier,0-0.1,1,0.095544,0.017493,622,0,20,0,12145.16user,0.72system,3:22:25elapsed,523,169,1419,886651
16S.B-Divvier,0-0.1,1,0.095544,0.017493,622,0,20,1,11301.83user,0.67system,3:08:22elapsed,507,130,1465,886660
16S.B-Divvier,0-0.1,2,0.043241,0.009967,359,0,17,1,4576.30user,0.40system,1:16:16elapsed,12,84,1020,525925
16S.B-Divvier,0-0.1,2,0.043241,0.009967,359,0,21,0,4555.58user,0.54system,1:15:56elapsed,19,111,787,526124
16S.B-Divvier,0-0.1,2,0.067151,0.011957,373,0,16,1,4444.14user,0.32system,1:14:04elapsed,44,92,1139,540884
16S.B-Divvier,0-0.1,2,0.067151,0.011957,373,0,17,0,4818.49user,0.48system,1:20:18elapsed,145,113,917,540984
16S.B-Divvier,0-0.1,2,0.081792,0.017002,611,0,22,1,7461.36user,0.59system,2:04:21elapsed,952,157,1233,886241
16S.B-Divvier,0-0.1,2,0.081792,0.017002,611,0,23,0,7627.04user,8.50system,2:07:34elapsed,951,83,1253,886296
16S.B-Divvier,0-0.1,3,0.043241,0.00993,358,0,19,1,4934.02user,0.54system,1:22:14elapsed,14,42,953,524561
16S.B-Divvier,0-0.1,3,0.043241,0.00993,358,0,21,0,4916.29user,0.97system,1:21:57elapsed,9,30,791,524740
16S.B-Divvier,0-0.1,3,0.067151,0.010678,365,0,20,1,4906.65user,0.36system,1:21:47elapsed,19,73,886,534857
16S.B-Divvier,0-0.1,3,0.067151,0.010678,365,0,23,0,4514.24user,0.54system,1:15:14elapsed,20,71,755,534989
16S.B-Divvier,0-0.1,3,0.081792,0.016995,609,0,21,1,7026.53user,0.82system,1:57:07elapsed,935,140,1263,883315
16S.B-Divvier,0-0.1,3,0.081792,0.016995,609,0,22,0,6956.91user,0.80system,1:55:57elapsed,938,130,1262,883323
16S.B-Divvier,0-0.1,4,0.043241,0.009902,357,0,15,1,4412.25user,0.61system,1:13:32elapsed,19,128,1049,522903
16S.B-Divvier,0-0.1,4,0.043241,0.009902,357,0,16,0,4325.42user,0.60system,1:12:05elapsed,25,111,1109,522854
16S.B-Divvier,0-0.1,4,0.067151,0.01047,363,0,19,0,4167.82user,0.38system,1:09:28elapsed,18,60,939,531894
16S.B-Divvier,0-0.1,4,0.067151,0.01047,363,0,21,1,4604.05user,0.50system,1:16:44elapsed,11,85,779,532036
16S.B-Divvier,0-0.1,4,0.081792,0.016946,606,0,20,0,7064.34user,0.84system,1:57:45elapsed,902,149,1304,879016
16S.B-Divvier,0-0.1,4,0.081792,0.016946,606,0,20,1,7398.87user,0.48system,2:03:19elapsed,884,131,1442,878914
16S.B-Divvier,0-0.1,5,0.043241,0.009873,356,0,19,0,4742.73user,0.43system,1:19:03elapsed,16,97,769,521746
16S.B-Divvier,0-0.1,5,0.043241,0.009873,356,0,20,1,4610.27user,0.68system,1:16:50elapsed,19723,92,843,501970
16S.B-Divvier,0-0.1,5,0.07369,0.016162,257,0,17,1,2625.02user,0.32system,43:45.35elapsed,1408,58,795,370783
16S.B-Divvier,0-0.1,5,0.07369,0.016162,257,0,20,0,2901.66user,0.32system,48:21.99elapsed,1404,32,560,371048
16S.B-Divvier,0-0.1,5,0.081792,0.017027,588,0,19,0,7103.51user,0.86system,1:58:25elapsed,840,116,1419,852679
16S.B-Divvier,0-0.1,5,0.081792,0.017027,588,0,20,1,6873.35user,0.47system,1:54:33elapsed,847,160,1196,852851
16S.B-Divvier,0-0.1,6,0.043241,0.009844,355,0,19,0,4670.26user,8.59system,1:17:59elapsed,21,84,822,520230
16S.B-Divvier,0-0.1,6,0.043241,0.009844,355,0,19,1,5090.60user,0.58system,1:24:51elapsed,15,105,871,520166
16S.B-Divvier,0-0.1,6,0.056509,0.012406,246,0,17,1,3300.68user,0.33system,55:01.00elapsed,12080,64,671,320709
16S.B-Divvier,0-0.1,6,0.056509,0.012406,246,0,20,0,3286.08user,0.50system,54:46.56elapsed,174,45,629,332676
16S.B-Divvier,0-0.1,6,0.081792,0.017031,587,0,18,1,6868.41user,0.43system,1:54:28elapsed,844,133,1462,851162
16S.B-Divvier,0-0.1,6,0.081792,0.017031,587,0,20,0,6621.47user,0.46system,1:50:21elapsed,856,178,1341,851226
16S.B-Divvier,0-0.1,7,0.043241,0.009521,348,0,16,0,4052.26user,0.64system,1:07:32elapsed,13,135,907,509985
16S.B-Divvier,0-0.1,7,0.043241,0.009521,348,0,16,1,4422.44user,0.60system,1:13:42elapsed,18,95,960,509967
16S.B-Divvier,0-0.1,7,0.063049,0.01132,215,0,19,1,2170.27user,0.32system,36:10.56elapsed,114,62,549,306686
16S.B-Divvier,0-0.1,7,0.063049,0.01132,215,0,20,0,2483.65user,0.33system,41:23.96elapsed,119,63,479,306750
16S.B-Divvier,0-0.1,7,0.081792,0.017055,585,0,19,1,6521.84user,0.89system,1:48:42elapsed,844,104,1456,848278
16S.B-Divvier,0-0.1,7,0.081792,0.017055,585,0,20,0,6970.53user,10.43system,1:56:20elapsed,843,143,1375,848321
16S.B-Divvier,0-0.1,8,0.043241,0.009508,347,0,20,0,4592.50user,0.50system,1:16:32elapsed,14,64,761,508730
16S.B-Divvier,0-0.1,8,0.043241,0.009508,347,0,22,1,4620.26user,0.54system,1:17:00elapsed,13,106,679,508771
16S.B-Divvier,0-0.1,8,0.056509,0.012624,209,0,20,0,2790.14user,0.34system,46:30.46elapsed,170,43,386,282642
16S.B-Divvier,0-0.1,8,0.056509,0.012624,209,0,20,1,2830.07user,0.48system,47:10.52elapsed,173,38,524,282506
16S.B-Divvier,0-0.1,8,0.081792,0.017074,583,0,20,0,6921.75user,0.77system,1:55:22elapsed,847,68,1388,845449
16S.B-Divvier,0-0.1,8,0.081792,0.017074,583,0,20,1,7300.16user,0.70system,2:01:41elapsed,839,152,1347,845414
16S.B-Divvier,0-0.1,9,0.043241,0.009494,346,0,16,0,4536.50user,0.40system,1:15:36elapsed,19,94,945,507040
16S.B-Divvier,0-0.1,9,0.043241,0.009494,346,0,19,1,4513.32user,0.32system,1:15:13elapsed,14,86,904,507094
16S.B-Divvier,0-0.1,9,0.056509,0.012648,208,0,20,0,2763.36user,0.24system,46:03.77elapsed,170,44,492,281290
16S.B-Divvier,0-0.1,9,0.056509,0.012648,208,0,20,1,2688.33user,0.26system,44:48.99elapsed,175,43,545,281233
16S.B-Divvier,0.1-0.2,0,0.122405,0.026451,947,0,19,0,13897.48user,0.75system,3:51:38elapsed,43467,136,2387,1327023
16S.B-Divvier,0.1-0.2,0,0.136393,0.039029,456,0,19,0,4598.36user,0.38system,1:16:38elapsed,2490,35,1248,610078
16S.B-Divvier,0.1-0.2,0,0.17235,0.022067,742,0,17,0,13361.25user,0.53system,3:42:41elapsed,1699,222,2027,1054919
16S.B-Divvier,0.1-0.2,0,0.193081,0.022997,745,0,20,0,13355.26user,0.52system,3:42:35elapsed,1850,268,1611,1059211
16S.B-Divvier,0.1-0.2,1,0.111022,0.024908,923,0,19,0,13529.34user,1.46system,3:45:30elapsed,1596,212,2400,1337124
16S.B-Divvier,0.1-0.2,1,0.136393,0.038544,450,0,22,0,4486.08user,0.35system,1:14:46elapsed,2091,71,1012,602939
16S.B-Divvier,0.1-0.2,1,0.166665,0.042188,480,0,20,0,4865.99user,0.35system,1:21:06elapsed,2256,115,1162,644228
16S.B-Divvier,0.1-0.2,1,0.177005,0.031322,536,0,19,0,6595.22user,0.41system,1:49:55elapsed,2668,78,1344,728654
16S.B-Divvier,0.1-0.2,2,0.117863,0.021293,739,0,23,0,13189.58user,0.52system,3:39:49elapsed,1729,168,1409,1051292
16S.B-Divvier,0.1-0.2,2,0.136393,0.038516,449,0,20,0,4576.79user,0.66system,1:16:17elapsed,2220,128,975,601309
16S.B-Divvier,0.1-0.2,2,0.154284,0.017885,386,0,20,0,4907.59user,0.38system,1:21:47elapsed,122,117,872,559141
16S.B-Divvier,0.1-0.2,2,0.177005,0.031027,534,0,23,0,6577.40user,0.41system,1:49:37elapsed,2991,122,1038,725733
16S.B-Divvier,0.1-0.2,3,0.117863,0.021265,738,0,18,0,14051.55user,0.96system,3:54:12elapsed,1755,184,1903,1049322
16S.B-Divvier,0.1-0.2,3,0.136393,0.038522,447,0,20,0,4526.87user,0.27system,1:15:27elapsed,2185,98,1092,598902
16S.B-Divvier,0.1-0.2,3,0.154284,0.017304,385,0,23,0,4745.96user,0.46system,1:19:06elapsed,112,110,706,557872
16S.B-Divvier,0.1-0.2,3,0.177005,0.030874,532,0,22,0,6671.43user,1.72system,1:51:13elapsed,3265,108,1158,722411
16S.B-Divvier,0.1-0.2,4,0.111022,0.019811,704,0,20,0,8944.40user,0.65system,2:29:04elapsed,1337,147,1615,1019180
16S.B-Divvier,0.1-0.2,4,0.136393,0.03255,366,0,18,0,3838.60user,0.46system,1:03:59elapsed,1768,146,878,519117
16S.B-Divvier,0.1-0.2,4,0.154284,0.0168,384,0,19,0,4574.43user,0.41system,1:16:14elapsed,125,78,901,556247
16S.B-Divvier,0.1-0.2,4,0.177005,0.030841,528,0,20,0,6474.81user,0.40system,1:47:55elapsed,2793,164,1161,717134
16S.B-Divvier,0.1-0.2,5,0.111022,0.019775,703,0,19,0,8853.20user,0.44system,2:27:33elapsed,1360,128,1699,1017630
16S.B-Divvier,0.1-0.2,5,0.136393,0.032577,365,0,21,0,3796.88user,0.38system,1:03:17elapsed,1841,125,720,517742
16S.B-Divvier,0.2-0.3,0,0.217,0.045965,470,0,18,0,5239.63user,0.43system,1:27:19elapsed,67505,64,1299,374044
16S.B-Divvier,0.2-0.3,0,0.226008,0.056723,773,0,20,0,9777.42user,0.52system,2:42:57elapsed,3952,110,1884,1064663
16S.B-Divvier,0.2-0.3,0,0.265223,0.060131,364,0,18,0,3662.61user,0.30system,1:01:02elapsed,2952,96,826,504127
16S.B-Divvier,0.2-0.3,0,0.297041,0.034964,542,0,18,0,7255.69user,0.59system,2:00:56elapsed,2788,127,1383,736667
16S.B-Divvier,0.2-0.3,1,0.217,0.043018,449,0,19,0,4894.24user,0.37system,1:21:34elapsed,4252,81,1093,412346
16S.B-Divvier,0.2-0.3,1,0.226008,0.056674,771,0,22,0,10028.04user,0.52system,2:47:08elapsed,3867,105,1809,1061899
16S.B-Divvier,0.2-0.3,1,0.265223,0.059959,363,0,17,0,3685.68user,0.38system,1:01:26elapsed,3255,75,1110,502189
16S.B-Divvier,0.2-0.3,1,0.279295,0.098989,254,0,21,0,2557.77user,0.30system,42:38.05elapsed,13729,71,566,352396
16S.B-Divvier,0.2-0.3,2,0.217,0.042868,448,0,20,0,4233.46user,0.34system,1:10:33elapsed,56486,86,1106,359233
16S.B-Divvier,0.2-0.3,2,0.226008,0.056694,770,0,19,0,9529.34user,0.55system,2:38:49elapsed,3830,167,1817,1060411
16S.B-Divvier,0.2-0.3,2,0.265223,0.059926,362,0,18,0,3672.11user,0.34system,1:01:12elapsed,3208,87,846,501124
16S.B-Divvier,0.2-0.3,2,0.291137,0.0994,249,0,20,0,2347.75user,0.28system,39:08.02elapsed,2518,41,640,341677
16S.B-Divvier,0.2-0.3,3,0.217,0.042913,447,0,18,0,4862.19user,0.53system,1:21:02elapsed,4311,108,1045,410633
16S.B-Divvier,0.2-0.3,3,0.237352,0.060033,644,0,22,0,8736.06user,0.69system,2:25:36elapsed,97249,63,1401,518354
16S.B-Divvier,0.2-0.3,3,0.254192,0.05342,282,0,18,0,2645.98user,0.31system,44:06.25elapsed,4015,72,683,375977
16S.B-Divvier,0.2-0.3,3,0.291137,0.09876,248,0,19,0,2372.42user,0.22system,39:32.66elapsed,2547,46,653,340715
16S.B-Divvier,0.2-0.3,4,0.217,0.040394,403,0,20,0,4368.28user,0.49system,1:12:48elapsed,3978,73,988,373989
16S.B-Divvier,0.2-0.3,4,0.237352,0.059977,643,0,18,0,8064.77user,0.43system,2:14:25elapsed,96479,195,1496,518054
16S.B-Divvier,0.2-0.3,4,0.254192,0.048629,272,0,21,0,2807.81user,0.33system,46:48.11elapsed,2662,33,625,363489
16S.B-Divvier,0.2-0.3,4,0.279295,0.098239,247,0,20,0,2400.98user,0.29system,40:01.24elapsed,2450,54,561,353491
16S.B-Divvier,0.3-0.4,0,0.323742,0.084709,389,0,14,0,4312.08user,0.96system,1:11:53elapsed,9673,138,1207,540604
16S.B-Divvier,0.3-0.4,0,0.336299,0.063,856,0,17,0,16362.90user,1.17system,4:32:43elapsed,4119,201,2425,1209236
16S.B-Divvier,0.3-0.4,0,0.366735,0.087959,833,0,19,0,17465.29user,3.59system,4:51:08elapsed,4505,92,1860,671266
16S.B-Divvier,0.3-0.4,0,0.390505,0.082475,910,0,24,0,20425.98user,0.64system,5:40:26elapsed,5337,180,1696,1284709
16S.B-Divvier,0.3-0.4,1,0.323742,0.084819,388,0,17,0,4227.60user,0.34system,1:10:27elapsed,9643,59,1203,539277
16S.B-Divvier,0.3-0.4,1,0.334458,0.041204,620,0,21,0,7675.58user,0.50system,2:07:56elapsed,9871,98,1310,863136
16S.B-Divvier,0.3-0.4,1,0.366735,0.075457,713,0,16,0,11129.03user,0.46system,3:05:29elapsed,119460,180,2045,572345
16S.B-Divvier,0.3-0.4,1,0.390505,0.081291,907,0,18,0,18545.26user,0.72system,5:09:08elapsed,5046,183,2441,1280019
16S.B-Divvier,0.3-0.4,2,0.314665,0.025795,384,0,22,0,4904.22user,0.36system,1:21:44elapsed,20697,140,738,494251
16S.B-Divvier,0.3-0.4,2,0.334458,0.040605,617,0,23,0,7304.17user,0.49system,2:01:44elapsed,30704,143,1183,838026
16S.B-Divvier,0.3-0.4,2,0.37219,0.043609,628,0,24,0,7660.17user,0.50system,2:07:41elapsed,10250,95,1242,871471
16S.B-Divvier,0.3-0.4,2,0.395576,0.145579,611,0,20,0,6703.15user,0.46system,1:51:43elapsed,18308,136,1394,867904
16S.B-Divvier,0.3-0.4,3,0.314665,0.025615,383,0,17,0,4880.72user,0.36system,1:21:21elapsed,20665,39,1086,492687
16S.B-Divvier,0.3-0.4,3,0.334458,0.040466,616,0,21,0,7468.26user,0.49system,2:04:28elapsed,9771,167,1301,857365
16S.B-Divvier,0.3-0.4,3,0.371224,0.042521,625,0,19,0,7780.94user,0.42system,2:09:41elapsed,10115,124,1519,867069
16S.B-Divvier,0.3-0.4,3,0.395576,0.14519,603,0,22,0,6505.24user,0.38system,1:48:26elapsed,42471,89,1301,832370
16S.B-Divvier,0.3-0.4,4,0.314665,0.025486,382,0,19,0,4805.54user,0.34system,1:20:05elapsed,20664,98,965,491401
16S.B-Divvier,0.3-0.4,4,0.334458,0.031686,528,0,18,0,6137.96user,0.46system,1:42:18elapsed,8367,144,1312,740750
16S.B-Divvier,0.3-0.4,4,0.371224,0.042101,623,0,21,0,7356.90user,0.46system,2:02:37elapsed,10001,126,1293,865650
16S.B-Divvier,0.3-0.4,4,0.395576,0.144993,601,0,20,0,6638.98user,0.39system,1:50:39elapsed,16917,202,1313,854895
16S.B-Divvier,0.4-0.5,0,0.42411,0.149772,844,0,19,0,12540.79user,5.93system,3:32:38elapsed,13758,130,2094,1197707
16S.B-Divvier,0.4-0.5,0,0.42411,0.149772,844,0,20,1,12685.15user,5.08system,3:34:41elapsed,12641,171,2025,1198852
16S.B-Divvier,0.4-0.5,0,0.443451,0.062652,690,0,20,0,11194.40user,5.65system,3:09:41elapsed,12663,121,1577,946657
16S.B-Divvier,0.4-0.5,0,0.443451,0.062652,690,0,21,1,10943.64user,5.78system,3:05:37elapsed,12564,133,1581,946740
16S.B-Divvier,0.4-0.5,0,0.477484,0.112876,562,0,20,0,8094.53user,3.44system,2:17:23elapsed,14696,128,1320,780825
16S.B-Divvier,0.4-0.5,0,0.477484,0.112876,562,0,22,1,8117.22user,3.06system,2:15:36elapsed,14762,129,1020,781058
16S.B-Divvier,0.4-0.5,1,0.42411,0.149808,837,0,18,1,12370.80user,5.03system,3:26:43elapsed,11870,238,2022,1189428
16S.B-Divvier,0.4-0.5,1,0.42411,0.149808,837,0,20,0,12313.51user,4.41system,3:25:38elapsed,12155,188,1836,1189379
16S.B-Divvier,0.4-0.5,1,0.443451,0.062286,689,0,16,1,10919.86user,4.25system,3:02:21elapsed,11907,239,1924,945560
16S.B-Divvier,0.4-0.5,1,0.443451,0.062286,689,0,19,0,10738.42user,3.88system,2:59:21elapsed,12652,148,1643,945187
16S.B-Divvier,0.4-0.5,1,0.478913,0.1675,268,0,15,1,3423.09user,1.37system,57:13.00elapsed,1556,33,624,344832
16S.B-Divvier,0.4-0.5,1,0.478913,0.1675,268,0,22,0,3347.38user,1.39system,56:00.61elapsed,1451,31,541,345022
16S.B-Divvier,0.4-0.5,2,0.42411,0.149917,835,0,20,0,12112.86user,4.50system,3:22:29elapsed,12573,170,1899,1186010
16S.B-Divvier,0.4-0.5,2,0.42411,0.149917,835,0,21,1,12181.00user,4.40system,3:23:39elapsed,12251,136,1824,1186441
16S.B-Divvier,0.4-0.5,2,0.443451,0.060416,684,0,22,0,10864.87user,4.32system,3:01:37elapsed,12410,200,1419,938524
16S.B-Divvier,0.4-0.5,2,0.443451,0.060416,684,0,24,1,10837.77user,4.07system,3:01:00elapsed,12413,136,1305,938699
16S.B-Divvier,0.4-0.5,2,0.478913,0.166762,267,0,16,1,3377.71user,1.31system,56:36.82elapsed,1433,61,893,343359
16S.B-Divvier,0.4-0.5,2,0.478913,0.166762,267,0,21,0,3345.74user,1.46system,55:59.98elapsed,1526,53,565,343602
16S.B-Divvier,0.4-0.5,3,0.42411,0.150052,833,0,18,0,12379.08user,5.52system,3:27:00elapsed,43616,159,2177,1151812
16S.B-Divvier,0.5-0.6,0,0.516271,0.119214,574,0,22,0,6878.14user,0.66system,1:54:38elapsed,15274,77,1236,797574
16S.B-Divvier,0.5-0.6,0,0.5578,0.170459,1063,0,19,0,15114.88user,0.66system,4:11:55elapsed,18637,269,2327,1505858
16S.B-Divvier,0.5-0.6,0,0.592889,0.208338,619,0,20,0,6711.12user,0.40system,1:51:51elapsed,13554,82,1391,789509
16S.B-Divvier,0.5-0.6,1,0.522936,0.198195,560,0,18,0,6573.71user,0.42system,1:49:34elapsed,21549,104,1296,682745
16S.B-Divvier,0.5-0.6,1,0.529169,0.058372,775,0,20,0,9512.00user,0.56system,2:38:32elapsed,3757,185,1810,1067738
16S.B-Divvier,0.5-0.6,1,0.5578,0.17023,1059,0,16,0,15921.69user,1.24system,4:25:22elapsed,17994,229,3048,1500335
16S.B-Divvier,0.5-0.6,1,0.592889,0.207533,617,0,18,0,7112.70user,0.51system,1:58:33elapsed,18834,81,1717,781151
16S.B-Divvier,0.5-0.6,2,0.519102,0.196347,548,0,22,0,6304.69user,0.35system,1:45:05elapsed,20320,103,902,669210
16S.B-Divvier,0.5-0.6,2,0.536793,0.204241,586,0,18,0,7054.80user,0.43system,1:57:35elapsed,22463,185,1300,714106
16S.B-Divvier,0.5-0.6,2,0.5578,0.170086,1056,0,21,0,15257.12user,1.64system,4:14:18elapsed,16889,236,2360,1497754
16S.B-Divvier,0.5-0.6,2,0.592889,0.207552,613,0,19,0,7093.53user,0.43system,1:58:13elapsed,17100,188,1317,777603
16S.B-Divvier,0.5-0.6,3,0.504374,0.079129,468,0,20,0,5114.05user,0.54system,1:25:14elapsed,36845,99,1044,564295
16S.B-Divvier,0.5-0.6,3,0.545271,0.206554,395,0,21,0,3772.21user,0.38system,1:02:52elapsed,5432,59,824,556448
16S.B-Divvier,0.6-0.7,0,0.614032,0.129002,867,0,22,0,13650.24user,0.57system,3:47:30elapsed,19949,150,1916,1154975
16S.B-Divvier,0.6-0.7,0,0.630971,0.114555,513,0,19,0,5399.80user,1.02system,1:30:00elapsed,6656,110,1199,656194
16S.B-Divvier,0.6-0.7,0,0.662003,0.22598,623,0,19,0,7657.67user,0.39system,2:07:37elapsed,28053,77,1288,755101
16S.B-Divvier,0.6-0.7,0,0.687814,0.257355,1930,0,18,0,60491.82user,1.08system,16:48:12elapsed,109805,424,4796,2671198
16S.B-Divvier,0.6-0.7,1,0.614032,0.122833,843,0,18,0,13136.83user,0.88system,3:38:57elapsed,19223,249,2096,1125143
16S.B-Divvier,0.6-0.7,1,0.630971,0.114503,512,0,23,0,5381.58user,0.40system,1:29:41elapsed,6686,36,1077,654900
16S.B-Divvier,0.6-0.7,1,0.653046,0.096127,450,0,17,0,5488.60user,0.37system,1:31:28elapsed,1391,118,1183,648042
16S.B-Divvier,0.6-0.7,1,0.687814,0.255728,1913,0,17,0,59118.52user,0.96system,16:25:18elapsed,101765,322,5252,2654207
16S.B-Divvier,0.6-0.7,2,0.611794,0.240769,498,0,22,0,5368.71user,0.36system,1:29:29elapsed,1286,22,690,543150
16S.B-Divvier,0.6-0.7,2,0.630971,0.114535,510,0,18,0,5319.47user,0.56system,1:28:40elapsed,6165,124,1354,652164
16S.B-Divvier,0.6-0.7,2,0.660392,0.198999,425,0,22,0,4340.96user,0.44system,1:12:21elapsed,8205,63,893,602771
16S.B-Divvier,0.6-0.7,2,0.687814,0.255529,1907,0,19,0,58602.96user,3.20system,16:16:45elapsed,42954,401,4430,2694113
16S.B-Divvier,0.6-0.7,3,0.611794,0.241251,493,0,21,0,5688.42user,3.80system,1:34:52elapsed,1322,96,910,536830
16S.B-Divvier,0.6-0.7,3,0.630971,0.114155,508,0,26,0,5137.01user,0.71system,1:25:37elapsed,5399,52,930,650713
16S.B-Divvier,0.6-0.7,3,0.660392,0.198537,423,0,17,0,4345.64user,0.59system,1:12:26elapsed,8037,97,1189,599718
16S.B-Divvier,0.6-0.7,3,0.687814,0.254873,1895,0,21,0,55807.83user,15.54system,15:30:22elapsed,144244,250,4133,2575887
16S.B-Divvier,0.6-0.7,4,0.614625,0.249741,482,0,17,0,4781.60user,0.40system,1:19:41elapsed,12606,110,1134,624371
16S.B-Divvier,0.6-0.7,4,0.630971,0.114159,506,0,17,0,5159.17user,0.70system,1:25:59elapsed,6092,96,1439,646498
16S.B-Divvier,0.6-0.7,4,0.660392,0.197864,418,0,19,0,4370.61user,0.48system,1:12:51elapsed,7636,118,982,593116
16S.B-Divvier,0.6-0.7,4,0.687814,0.254917,1893,0,21,0,55712.68user,2.95system,15:28:34elapsed,47009,562,3922,2670112
16S.B-Divvier,0.7-0.8,0,0.707917,0.232813,791,0,19,0,13180.89user,5.41system,3:40:54elapsed,29366,268,1813,1085456
16S.B-Divvier,0.7-0.8,0,0.707917,0.232813,791,0,23,1,13140.58user,4.72system,3:40:11elapsed,29714,187,1471,1085531
16S.B-Divvier,0.7-0.8,0,0.73685,0.265679,467,0,19,1,6075.32user,2.30system,1:41:47elapsed,31008,109,1018,569947
16S.B-Divvier,0.7-0.8,0,0.73685,0.265679,467,0,20,0,5939.79user,2.64system,1:39:35elapsed,10127,67,1125,590763
16S.B-Divvier,0.7-0.8,0,0.76529,0.294062,492,0,20,0,6557.76user,2.67system,1:50:13elapsed,32156,87,1138,605720
16S.B-Divvier,0.7-0.8,0,0.76529,0.294062,492,0,22,1,6302.78user,2.53system,1:45:52elapsed,15800,124,969,622208
16S.B-Divvier,0.7-0.8,0,0.791378,0.271768,251,0,17,1,3474.64user,1.38system,58:22.40elapsed,6614,50,638,332023
16S.B-Divvier,0.7-0.8,0,0.791378,0.271768,251,0,23,0,3420.22user,1.67system,57:43.72elapsed,5935,39,377,332974
16S.B-Divvier,0.7-0.8,1,0.7109,0.1047,454,0,15,0,6949.58user,2.66system,1:56:49elapsed,1675,91,1510,653036
16S.B-Divvier,0.7-0.8,1,0.7109,0.1047,454,0,17,1,7091.98user,3.15system,1:59:05elapsed,1544,113,1246,653409
16S.B-Divvier,0.7-0.8,1,0.743307,0.193083,342,0,16,0,4160.70user,1.66system,1:09:47elapsed,100634,18,1070,280374
16S.B-Divvier,0.7-0.8,1,0.743307,0.193083,342,0,20,1,4095.73user,1.65system,1:08:43elapsed,101100,29,768,280199
16S.B-Divvier,0.7-0.8,1,0.772362,0.254623,262,0,13,1,3470.48user,1.70system,58:17.05elapsed,14202,94,915,361210
16S.B-Divvier,0.7-0.8,1,0.772362,0.254623,262,0,20,0,3440.31user,1.45system,57:48.67elapsed,14369,42,604,361406
16S.B-Divvier,0.7-0.8,1,0.791378,0.270924,249,0,16,1,3442.77user,2.07system,58:02.72elapsed,6112,71,652,329750
16S.B-Divvier,0.7-0.8,1,0.791378,0.270924,249,0,18,0,3420.32user,1.79system,57:33.45elapsed,6099,27,655,329804
16S.B-Divvier,0.7-0.8,2,0.715556,0.230077,248,0,19,1,2567.35user,1.14system,43:03.22elapsed,3670,31,629,303012
16S.B-Divvier,0.7-0.8,2,0.715556,0.230077,248,0,22,0,2595.26user,1.12system,43:31.55elapsed,5544,24,530,301244
16S.B-Divvier,0.7-0.8,2,0.743307,0.193946,338,0,19,0,4124.89user,1.58system,1:09:13elapsed,100596,101,717,276670
16S.B-Divvier,0.7-0.8,2,0.743307,0.193946,338,0,20,1,4080.55user,1.25system,1:08:26elapsed,96172,103,645,281164
16S.B-Divvier,0.7-0.8,2,0.751801,0.222535,91,0,17,1,784.52user,0.60system,13:10.36elapsed,980,16,101,70573
16S.B-Divvier,0.7-0.8,2,0.751801,0.222535,91,0,18,0,769.73user,0.61system,13:01.06elapsed,1115,3,222,70330
16S.B-Divvier,0.7-0.8,2,0.798885,0.188403,152,0,20,0,1700.67user,1.12system,28:40.57elapsed,959,13,452,208584
16S.B-Divvier,0.8-0.9,0,0.707917,0.232813,791,0,19,0,13218.72user,5.15system,3:40:53elapsed,28320,154,1908,1086521
16S.B-Divvier,0.8-0.9,0,0.835403,0.102315,940,0,22,0,24897.71user,8.53system,6:55:25elapsed,7134,222,2030,1324726
16S.B-Divvier,0.8-0.9,0,0.852652,0.364215,886,0,18,0,14767.18user,5.65system,4:06:37elapsed,33859,187,2217,1198103
16S.B-Divvier,0.8-0.9,0,0.876283,0.215183,1511,0,16,0,46766.77user,20.18system,13:00:20elapsed,46757,387,4284,1928866
16S.B-Divvier,0.8-0.9,1,0.7109,0.1047,454,0,19,0,7180.11user,2.85system,1:59:55elapsed,1564,157,1076,653515
16S.B-Divvier,0.8-0.9,1,0.835403,0.097245,931,0,21,0,23930.15user,9.49system,6:39:18elapsed,6075,171,2114,1313012
16S.B-Divvier,0.8-0.9,1,0.874142,0.189896,566,0,18,0,7657.26user,2.98system,2:07:53elapsed,23620,96,1406,784056
16S.B-Divvier,0.8-0.9,1,0.876283,0.214983,1505,0,19,0,44053.62user,17.54system,12:14:54elapsed,46983,247,3557,1924529
16S.B-Divvier,0.8-0.9,2,0.715556,0.230077,248,0,23,0,2592.74user,1.03system,43:15.20elapsed,5544,6,518,301274
16S.B-Divvier,0.8-0.9,2,0.835403,0.093097,923,0,19,0,25256.19user,7.93system,7:01:28elapsed,5602,159,2101,1302368
16S.B-Divvier,0.8-0.9,2,0.870374,0.277724,465,0,19,0,7153.04user,2.75system,1:59:29elapsed,11550,110,1207,639147
16S.B-Divvier,0.8-0.9,2,0.876283,0.211539,1413,0,21,0,39403.60user,15.70system,10:57:22elapsed,43281,237,3105,1826057
16S.B-Divvier,0.8-0.9,3,0.703109,0.252829,122,0,18,0,1405.56user,0.88system,23:28.12elapsed,3747,4,296,160271
16S.B-Divvier,0.8-0.9,3,0.835403,0.089527,917,0,20,0,22931.14user,7.48system,6:22:40elapsed,5795,175,2109,1293744
16S.B-Divvier,0.8-0.9,3,0.870374,0.275845,446,0,20,0,7023.87user,3.52system,1:57:22elapsed,12460,45,1089,613648
16S.B-Divvier,0.8-0.9,3,0.876283,0.211489,1410,0,19,0,40926.07user,15.26system,11:22:52elapsed,43457,191,3549,1821130
16S.B-Divvier,0.8-0.9,4,0.720095,0.4026,54,0,17,0,520.84user,0.61system,8:41.72elapsed,4180,11,188,68846
16S.B-Divvier,0.8-0.9,4,0.84994,0.310259,507,0,22,0,6385.87user,2.40system,1:46:34elapsed,13669,92,1017,645947
16S.B-Divvier,0.8-0.9,4,0.870374,0.259524,401,0,17,0,6102.91user,2.18system,1:41:57elapsed,11737,95,1041,553319
16S.B-Divvier,0.8-0.9,4,0.876283,0.210716,1380,0,21,0,37517.89user,17.44system,10:26:04elapsed,41628,241,3017,1790339
16S.B-Divvier,0.9-1,0,0.912233,0.232387,717,0,18,0,13006.64user,4.96system,3:37:03elapsed,13833,125,1858,900368
16S.B-Divvier,0.9-1,0,0.945162,0.424973,980,0,19,0,19147.61user,8.46system,5:19:34elapsed,87729,212,2404,1142074
16S.B-Divvier,0.9-1,0,0.956081,0.455212,462,0,20,0,5715.94user,2.29system,1:35:21elapsed,26687,37,692,427606
16S.B-Divvier,0.9-1,0,0.976981,0.129017,980,0,17,0,26109.80user,10.68system,7:15:46elapsed,8357,327,2617,1379449
16S.B-Divvier,0.9-1,1,0.912233,0.232011,716,0,19,0,13065.89user,4.39system,3:38:00elapsed,16195,136,1708,896666
16S.B-Divvier,0.9-1,1,0.93999,0.125627,446,0,17,0,7043.75user,2.59system,1:57:33elapsed,27556,137,1110,567477
16S.B-Divvier,0.9-1,1,0.966503,0.375648,444,0,23,0,5145.94user,2.06system,1:25:50elapsed,11953,97,820,568086
16S.B-Divvier,0.9-1,1,0.976981,0.126977,977,0,19,0,26711.05user,9.83system,7:25:31elapsed,8171,239,2419,1375674
16S.B-Divvier,0.9-1,2,0.912233,0.231995,715,0,14,0,13102.76user,4.28system,3:38:36elapsed,13656,139,2377,897061
16S.B-Divvier,0.9-1,2,0.93999,0.122725,444,0,20,0,7125.09user,2.52system,1:58:57elapsed,26558,141,974,565960
16S.B-Divvier,0.9-1,2,0.966503,0.375569,443,0,17,0,5314.25user,2.09system,1:28:40elapsed,13660,106,1261,564546
16S.B-Divvier,0.9-1,2,0.976981,0.118106,961,0,22,0,25784.69user,8.88system,7:10:33elapsed,8029,175,1995,1353673
16S.B-Divvier,0.9-1,3,0.912233,0.231973,714,0,17,0,12800.57user,4.50system,3:33:50elapsed,15243,179,1978,894364
16S.B-Divvier,0.9-1,3,0.93999,0.121869,443,0,23,0,7078.05user,2.56system,1:58:10elapsed,56286,68,995,535045
16S.B-Divvier,0.9-1,3,0.956081,0.38351,382,0,23,0,4608.02user,1.75system,1:16:54elapsed,18496,18,401,356013
16S.B-Divvier,0.9-1,3,0.976981,0.108129,948,0,22,0,25423.51user,9.39system,7:04:26elapsed,7055,271,1800,1336177
16S.B-Divvier,0.9-1,4,0.912233,0.232002,713,0,18,0,12739.67user,4.12system,3:32:42elapsed,15491,120,1838,892843
16S.B-Divvier,0.9-1,4,0.93897,0.201598,137,0,19,0,1594.57user,0.96system,26:38.40elapsed,1427,75,296,187516
16S.B-Divvier,0.9-1,4,0.956139,0.440636,155,0,20,0,1465.20user,1.02system,24:27.93elapsed,8410,16,364,195570
16S.B-Divvier,0.9-1,4,0.977152,0.370785,830,0,17,0,16140.94user,5.31system,4:30:43elapsed,71135,131,2303,936448
16S.B-Divvier,0.9-1,5,0.912233,0.231997,711,0,22,0,12652.64user,4.64system,3:31:13elapsed,16185,152,1460,889594
16S.B-Divvier,0.9-1,5,0.93095,0.185997,99,0,16,0,602.99user,0.62system,10:04.12elapsed,1113,12,240,59140
16S.B-Divvier,0.9-1,5,0.958723,0.411365,88,0,20,0,836.17user,0.68system,13:58.44elapsed,5328,34,217,104386
16S.B-Divvier,0.9-1,5,0.977152,0.368864,825,0,22,0,12994.81user,5.15system,3:37:10elapsed,95060,128,1733,905852
